#
# A fatal error has been detected by the Java Runtime Environment:
#
#  EXCEPTION_ACCESS_VIOLATION (0xc0000005) at pc=0x00007ffddae54b41, pid=39012, tid=37232
#
# JRE version: OpenJDK Runtime Environment JBR-17.0.14+1-1367.22-nomod (17.0.14+1) (build 17.0.14+1-b1367.22)
# Java VM: OpenJDK 64-Bit Server VM JBR-17.0.14+1-1367.22-nomod (17.0.14+1-b1367.22, mixed mode, sharing, tiered, compressed oops, compressed class ptrs, g1 gc, windows-amd64)
# Problematic frame:
# V  [jvm.dll+0x614b41]  markWord::displaced_mark_helper+0x21
#
# No core dump will be written. Minidumps are not enabled by default on client versions of Windows
#
# If you would like to submit a bug report, please visit:
#   https://youtrack.jetbrains.com/issues/JBR
#

---------------  S U M M A R Y ------------

Command Line: --add-opens=java.base/java.util=ALL-UNNAMED --add-opens=java.base/java.lang=ALL-UNNAMED --add-opens=java.base/java.lang.invoke=ALL-UNNAMED --add-opens=java.prefs/java.util.prefs=ALL-UNNAMED --add-opens=java.base/java.nio.charset=ALL-UNNAMED --add-opens=java.base/java.net=ALL-UNNAMED --add-opens=java.base/java.util.concurrent.atomic=ALL-UNNAMED -Xmx6144m -Dfile.encoding=UTF-8 -Duser.country=US -Duser.language=en -Duser.variant -javaagent:C:\Users\Xlythe\.gradle\wrapper\dists\gradle-8.4-bin\1w5dpkrfk8irigvoxmyhowfim\gradle-8.4\lib\agents\gradle-instrumentation-agent-8.4.jar org.gradle.launcher.daemon.bootstrap.GradleDaemon 8.4

Host: Intel(R) Core(TM) i7-6850K CPU @ 3.60GHz, 12 cores, 63G,  Windows 11 , 64 bit Build 26100 (10.0.26100.7920)
Time: Sun Apr 12 16:23:57 2026 Eastern Daylight Time elapsed time: 713.003188 seconds (0d 0h 11m 53s)

---------------  T H R E A D  ---------------

Current thread (0x000001f97f53f050):  GCTaskThread "GC Thread#2" [stack: 0x000000af7db00000,0x000000af7dc00000] [id=37232]

Stack: [0x000000af7db00000,0x000000af7dc00000],  sp=0x000000af7dbff960,  free space=1022k
Native frames: (J=compiled Java code, j=interpreted, Vv=VM code, C=native code)
V  [jvm.dll+0x614b41]  markWord::displaced_mark_helper+0x21  (markWord.cpp:45)
V  [jvm.dll+0x30d3a7]  G1ParScanThreadState::do_copy_to_survivor_space+0x97  (g1ParScanThreadState.cpp:430)
V  [jvm.dll+0x30e3f2]  G1ParScanThreadState::trim_queue_to_threshold+0x412  (g1ParScanThreadState.cpp:296)
V  [jvm.dll+0x30dfa8]  G1ParScanThreadState::steal_and_trim_queue+0x288  (g1ParScanThreadState.cpp:304)
V  [jvm.dll+0x2e0bd9]  G1ParEvacuateFollowersClosure::do_void+0xb9  (g1CollectedHeap.cpp:3171)
V  [jvm.dll+0x2e128a]  G1EvacuateRegionsBaseTask::evacuate_live_objects+0x9a  (g1CollectedHeap.cpp:3627)
V  [jvm.dll+0x2e1387]  G1EvacuateRegionsTask::evacuate_live_objects+0x17  (g1CollectedHeap.cpp:3692)
V  [jvm.dll+0x2e69db]  G1EvacuateRegionsBaseTask::work+0xab  (g1CollectedHeap.cpp:3674)
V  [jvm.dll+0x87356b]  GangWorker::loop+0x5b  (workgroup.cpp:260)
V  [jvm.dll+0x8735b6]  GangWorker::run+0x16  (workgroup.cpp:227)
V  [jvm.dll+0x7f3a1c]  Thread::call_run+0x8c  (thread.cpp:405)
V  [jvm.dll+0x68a7c7]  thread_native_entry+0x77  (os_windows.cpp:551)
C  [ucrtbase.dll+0x37b0]
C  [KERNEL32.DLL+0x2e8d7]
C  [ntdll.dll+0x8c48c]


siginfo: EXCEPTION_ACCESS_VIOLATION (0xc0000005), reading address 0x00000000d08a7190


Registers:
RAX=0x0000000000000049, RBX=0x000000af7dbff9e0, RCX=0x000000af7dbff9d0, RDX=0x000000af7dbff9e0
RSP=0x000000af7dbff960, RBP=0x000001f91b000009, RSI=0x000001f96b84f0f0, RDI=0x000000af7dbff9d0
R8 =0x00000000d08a7190, R9 =0x1fffffffffffffff, R10=0x00000006b97957a0, R11=0x000001f978f8c88b
R12=0x0000000000000004, R13=0x0000000000000000, R14=0x0000000000000000, R15=0x00000006b97957a0
RIP=0x00007ffddae54b41, EFLAGS=0x0000000000010206


Register to memory mapping:

RIP=0x00007ffddae54b41 jvm.dll::markWord::displaced_mark_helper + 0x21
RAX=0x0000000000000049 is an unknown value
RBX=0x000000af7dbff9e0 points into unknown readable memory: 0x0000000000000001 | 01 00 00 00 00 00 00 00
RCX=0x000000af7dbff9d0 points into unknown readable memory: 0x00000000d08a7192 | 92 71 8a d0 00 00 00 00
RDX=0x000000af7dbff9e0 points into unknown readable memory: 0x0000000000000001 | 01 00 00 00 00 00 00 00
RSP=0x000000af7dbff960 points into unknown readable memory: 0x00000006ad91147c | 7c 14 91 ad 06 00 00 00
RBP=0x000001f91b000009 is pointing into metadata
RSI=0x000001f96b84f0f0 points into unknown readable memory: 0x00007ffddb1abe38 | 38 be 1a db fd 7f 00 00
RDI=0x000000af7dbff9d0 points into unknown readable memory: 0x00000000d08a7192 | 92 71 8a d0 00 00 00 00
R8 =0x00000000d08a7190 is an unknown value
R9 =0x1fffffffffffffff is an unknown value
R10=0x00000006b97957a0 is pointing into object: org.gradle.api.internal.project.DefaultProjectStateRegistry$CalculatedModelValueImpl 
{0x00000006b9795788} - klass: 'org/gradle/api/internal/project/DefaultProjectStateRegistry$CalculatedModelValueImpl'
 - ---- fields (total size 4 words):
 - private final 'projectLeaseRegistry' 'Lorg/gradle/internal/resources/ProjectLeaseRegistry;' @12  a 'org/gradle/internal/work/DefaultWorkerLeaseService'{0x00000006ba84b4d0} (d750969a)
 - private final 'owner' 'Lorg/gradle/internal/model/ModelContainer;' @16  a 'org/gradle/api/internal/project/DefaultProjectStateRegistry$ProjectStateImpl'{0x00000006ba5e84d8} (d74bd09b)
 - private final 'lock' 'Ljava/util/concurrent/locks/ReentrantLock;' @20  a 'java/util/concurrent/locks/ReentrantLock'{0x00000006b97957a8} (d72f2af5)
 - private volatile 'value' 'Ljava/lang/Object;' @24  a 'org/gradle/api/internal/artifacts/configurations/DefaultConfiguration$ResolveState$1'{0x0000000684538c90} (d08a7192)
R11=0x000001f978f8c88b points into unknown readable memory: 40 40 40 40 40
R12=0x0000000000000004 is an unknown value
R13=0x0 is NULL
R14=0x0 is NULL
R15=0x00000006b97957a0 is pointing into object: org.gradle.api.internal.project.DefaultProjectStateRegistry$CalculatedModelValueImpl 
{0x00000006b9795788} - klass: 'org/gradle/api/internal/project/DefaultProjectStateRegistry$CalculatedModelValueImpl'
 - ---- fields (total size 4 words):
 - private final 'projectLeaseRegistry' 'Lorg/gradle/internal/resources/ProjectLeaseRegistry;' @12  a 'org/gradle/internal/work/DefaultWorkerLeaseService'{0x00000006ba84b4d0} (d750969a)
 - private final 'owner' 'Lorg/gradle/internal/model/ModelContainer;' @16  a 'org/gradle/api/internal/project/DefaultProjectStateRegistry$ProjectStateImpl'{0x00000006ba5e84d8} (d74bd09b)
 - private final 'lock' 'Ljava/util/concurrent/locks/ReentrantLock;' @20  a 'java/util/concurrent/locks/ReentrantLock'{0x00000006b97957a8} (d72f2af5)
 - private volatile 'value' 'Ljava/lang/Object;' @24  a 'org/gradle/api/internal/artifacts/configurations/DefaultConfiguration$ResolveState$1'{0x0000000684538c90} (d08a7192)


Top of Stack: (sp=0x000000af7dbff960)
0x000000af7dbff960:   00000006ad91147c 000001f96b84f270
0x000000af7dbff970:   000001f91c433248 00000006ad910540
0x000000af7dbff980:   00000006b97b5a70 00000006ad911470
0x000000af7dbff990:   0000000000000000 00007ffddab4d3a7
0x000000af7dbff9a0:   0000000000000001 0000000000000001
0x000000af7dbff9b0:   000001f91c432ff8 000001f96b84f270
0x000000af7dbff9c0:   0000000600000001 00007ffd00000000
0x000000af7dbff9d0:   00000000d08a7192 000001f97d48f0c0
0x000000af7dbff9e0:   0000000000000001 00007ffddab4d707
0x000000af7dbff9f0:   000001f96b84f270 0000000000000000
0x000000af7dbffa00:   0000000000000000 000001f96b84f0f0
0x000000af7dbffa10:   0000000000000004 000001f96b84f0f0
0x000000af7dbffa20:   00000006ad911480 000000000000376e
0x000000af7dbffa30:   00000006ad911481 00007ffddab4e3f2
0x000000af7dbffa40:   0000000000160000 0000000003560100
0x000000af7dbffa50:   0000000000000000 00000000d08a7192
0x000000af7dbffa60:   000001f97f0e7390 000001f97ef96580
0x000000af7dbffa70:   000000af7dbffb90 00000006acd95fec
0x000000af7dbffa80:   000001f9750ea7f0 00007ffddab4dfa8
0x000000af7dbffa90:   0000269100000000 000001f96b84f0f0
0x000000af7dbffaa0:   000001f900000000 0000000000000009
0x000000af7dbffab0:   000000af7dbffb20 00007ffddab20bd9
0x000000af7dbffac0:   00000006acd95fed 0000000000000013
0x000000af7dbffad0:   000000af7dbffb90 0000000000000000
0x000000af7dbffae0:   000000af7cbfeb70 00007ffddaec4dff
0x000000af7dbffaf0:   0000000000000000 0000000000000000
0x000000af7dbffb00:   0000000000000000 0000000000000000
0x000000af7dbffb10:   0000000000000000 00007ffddb0421d7
0x000000af7dbffb20:   000001f97f0e7390 000001f97ef96580
0x000000af7dbffb30:   00000000000003d8 000001f97f0e7778
0x000000af7dbffb40:   0000000000000006 00007ffddab2128a
0x000000af7dbffb50:   000001f96b84f0f0 0000000000000013 

Instructions: (pc=0x00007ffddae54b41)
0x00007ffddae54a41:   15 fa 03 59 00 48 03 d1 48 8d 0d e0 76 39 00 e8
0x00007ffddae54a51:   1b 8a c3 ff 48 39 1d e4 03 59 00 76 27 48 8b d3
0x00007ffddae54a61:   48 8b 05 e8 03 59 00 48 8d 52 10 48 ff c3 48 8b
0x00007ffddae54a71:   4c 02 f8 48 8b 44 02 f0 48 89 08 48 3b 1d bd 03
0x00007ffddae54a81:   59 00 72 dc 48 8b 0d 6c 05 53 00 48 85 c9 74 72
0x00007ffddae54a91:   48 89 7c 24 30 66 66 0f 1f 84 00 00 00 00 00 48
0x00007ffddae54aa1:   8b 05 39 05 53 00 48 83 e8 01 48 89 05 2e 05 53
0x00007ffddae54ab1:   00 48 8b 3c c1 75 0c 48 8d 0d 01 05 53 00 e8 bc
0x00007ffddae54ac1:   d6 c3 ff 48 8b 05 c5 04 53 00 48 8b 1d d6 04 53
0x00007ffddae54ad1:   00 48 83 e8 01 48 89 05 b3 04 53 00 48 8b 1c c3
0x00007ffddae54ae1:   75 0c 48 8d 0d 86 04 53 00 e8 91 d6 c3 ff 48 89
0x00007ffddae54af1:   1f 48 8b 0d ff 04 53 00 48 85 c9 75 a2 48 8b 7c
0x00007ffddae54b01:   24 30 48 83 c4 20 5b c3 cc cc cc cc cc cc cc 48
0x00007ffddae54b11:   89 0d 41 03 59 00 48 89 0d 02 05 53 00 c3 cc 48
0x00007ffddae54b21:   89 5c 24 08 57 48 83 ec 30 4c 8b 01 48 8b da 41
0x00007ffddae54b31:   0f b6 c0 48 8b f9 d0 e8 a8 01 74 18 49 83 f0 02
0x00007ffddae54b41:   49 8b 00 48 89 02 48 8b c3 48 8b 5c 24 40 48 83
0x00007ffddae54b51:   c4 30 5f c3 41 f6 c0 03 74 e6 4c 89 44 24 20 4c
0x00007ffddae54b61:   8d 0d e1 75 39 00 41 b8 2b 00 00 00 48 8d 15 ec
0x00007ffddae54b71:   75 39 00 b9 00 00 00 e0 e8 32 59 c3 ff e8 ed 68
0x00007ffddae54b81:   07 00 48 8b 07 48 89 03 48 8b c3 48 8b 5c 24 40
0x00007ffddae54b91:   48 83 c4 30 5f c3 cc cc cc cc cc cc cc cc cc 48
0x00007ffddae54ba1:   89 5c 24 08 48 89 74 24 10 57 48 83 ec 20 48 8b
0x00007ffddae54bb1:   f9 41 0f b6 f0 4c 8b 01 48 8b da 49 8b c8 83 e1
0x00007ffddae54bc1:   03 48 83 f9 03 75 1e 48 8d 15 b9 75 39 00 48 8b
0x00007ffddae54bd1:   cb 48 8b 5c 24 30 48 8b 74 24 38 48 83 c4 20 5f
0x00007ffddae54be1:   e9 fa 8f 07 00 41 0f b6 c0 d0 e8 a8 01 74 56 48
0x00007ffddae54bf1:   8d 15 a9 75 39 00 48 8b cb e8 e1 8f 07 00 40 84
0x00007ffddae54c01:   f6 0f 84 11 01 00 00 48 8b 0f 48 83 f1 02 75 1e
0x00007ffddae54c11:   48 8d 15 a0 75 39 00 48 8b cb 48 8b 5c 24 30 48
0x00007ffddae54c21:   8b 74 24 38 48 83 c4 20 5f e9 b1 8f 07 00 48 8b
0x00007ffddae54c31:   d3 48 8b 5c 24 30 48 8b 74 24 38 48 83 c4 20 5f 


Stack slot to memory mapping:
stack at sp + 0 slots: 0x00000006ad91147c is pointing into object: org.gradle.api.internal.DefaultDomainObjectCollection$$Lambda$402/0x000001f91c432ff8 
{0x00000006ad911470} - klass: 'org/gradle/api/internal/DefaultDomainObjectCollection$$Lambda$402+0x000001f91c432ff8'
 - ---- fields (total size 3 words):
 - private final 'arg$1' 'Lorg/gradle/api/internal/DefaultDomainObjectCollection;' @12  a 'org/gradle/api/internal/DefaultDomainObjectSet_Decorated'{0x00000006ad910310} (d5b22062)
 - private final 'arg$2' 'Lorg/gradle/api/internal/collections/CollectionEventRegister;' @16  
[error occurred during error reporting (inspecting top of stack), id 0xc0000005, EXCEPTION_ACCESS_VIOLATION (0xc0000005) at pc=0x00007ffddaeb7ce3]


---------------  P R O C E S S  ---------------

Threads class SMR info:
_java_thread_list=0x000001f9650237b0, length=134, elements={
0x000001f9750ed650, 0x000001f97d53e300, 0x000001f97dfbbb20, 0x000001f97dfcb4b0,
0x000001f97dfcbd80, 0x000001f97dfcc650, 0x000001f97dfccf20, 0x000001f97dfcdb20,
0x000001f97dfe0470, 0x000001f97dfe7ee0, 0x000001f97dfaadf0, 0x000001f97e1fd500,
0x000001f9603174e0, 0x000001f97e2bdac0, 0x000001f960239080, 0x000001f9602c5b40,
0x000001f9602c5630, 0x000001f9602c79a0, 0x000001f9602c7eb0, 0x000001f9614004b0,
0x000001f9614009c0, 0x000001f961402820, 0x000001f961400ed0, 0x000001f9614018f0,
0x000001f961401e00, 0x000001f9613ff580, 0x000001f9613fffa0, 0x000001f9613ff070,
0x000001f961402310, 0x000001f9613ffa90, 0x000001f961141a90, 0x000001f961144310,
0x000001f961141070, 0x000001f961145750, 0x000001f961146b90, 0x000001f9611484e0,
0x000001f9609e88d0, 0x000001f96b65add0, 0x000001f96c4f3110, 0x000001f96d3712d0,
0x000001f96b15aed0, 0x000001f96bcdf880, 0x000001f96d382ba0, 0x000001f96bf8b9d0,
0x000001f960551230, 0x000001f9605535a0, 0x000001f96c6ae8a0, 0x000001f96c6af7d0,
0x000001f96c6ade80, 0x000001f96cf93c20, 0x000001f96bce3540, 0x000001f97089ced0,
0x000001f96d370dc0, 0x000001f960552b80, 0x000001f96efa0710, 0x000001f9712d8360,
0x000001f96efa1b50, 0x000001f96efa1130, 0x000001f97089d3e0, 0x000001f97089d8f0,
0x000001f96d382690, 0x000001f960551740, 0x000001f960552670, 0x000001f960551c50,
0x000001f96054fdf0, 0x000001f96c4f4550, 0x000001f96c4f4a60, 0x000001f96c4f3b30,
0x000001f96c4f3620, 0x000001f96c4f4f70, 0x000001f96c4f5990, 0x000001f97089fc60,
0x000001f97089de00, 0x000001f960550810, 0x000001f960550300, 0x000001f960550d20,
0x000001f960552160, 0x000001f96bce16e0, 0x000001f96bcddf30, 0x000001f96bce07b0,
0x000001f96bcdf370, 0x000001f96bce0cc0, 0x000001f96bce1bf0, 0x000001f96bcde440,
0x000001f96bce4e90, 0x000001f97089e310, 0x000001f97089c9c0, 0x000001f97089e820,
0x000001f97089ed30, 0x000001f97089f240, 0x000001f96d381760, 0x000001f96d381c70,
0x000001f96d382180, 0x000001f96d3830b0, 0x000001f97032ee00, 0x000001f96efa0c20,
0x000001f960553090, 0x000001f96e0224d0, 0x000001f96e025770, 0x000001f96e024330,
0x000001f96e023400, 0x000001f96e0229e0, 0x000001f96e022ef0, 0x000001f96e023910,
0x000001f96e024840, 0x000001f96e023e20, 0x000001f97089f750, 0x000001f963d4bc60,
0x000001f964bd8950, 0x000001f97032f310, 0x000001f97032f820, 0x000001f96d36fe90,
0x000001f96d3717e0, 0x000001f96c4f5480, 0x000001f966374a70, 0x000001f96c4f5ea0,
0x000001f966376de0, 0x000001f97032c580, 0x000001f96b65a3b0, 0x000001f96c4f2c00,
0x000001f96bce2100, 0x000001f97032c070, 0x000001f9708be550, 0x000001f97e69f450,
0x000001f96bce3a50, 0x000001f97032ca90, 0x000001f9708bea60, 0x000001f96ef9f2d0,
0x000001f96bce53a0, 0x000001f97032cfa0, 0x000001f9708bcc00, 0x000001f9663759a0,
0x000001f96bce3f60, 0x000001f97e69ef40
}

Java Threads: ( => current thread )
  0x000001f9750ed650 JavaThread "main" [_thread_blocked, id=49596, stack(0x000000af7c500000,0x000000af7c600000)]
  0x000001f97d53e300 JavaThread "Reference Handler" daemon [_thread_blocked, id=47580, stack(0x000000af7cc00000,0x000000af7cd00000)]
  0x000001f97dfbbb20 JavaThread "Finalizer" daemon [_thread_blocked, id=38536, stack(0x000000af7cd00000,0x000000af7ce00000)]
  0x000001f97dfcb4b0 JavaThread "Signal Dispatcher" daemon [_thread_blocked, id=37696, stack(0x000000af7ce00000,0x000000af7cf00000)]
  0x000001f97dfcbd80 JavaThread "Attach Listener" daemon [_thread_blocked, id=29296, stack(0x000000af7cf00000,0x000000af7d000000)]
  0x000001f97dfcc650 JavaThread "Service Thread" daemon [_thread_blocked, id=49424, stack(0x000000af7d000000,0x000000af7d100000)]
  0x000001f97dfccf20 JavaThread "Monitor Deflation Thread" daemon [_thread_blocked, id=21704, stack(0x000000af7d100000,0x000000af7d200000)]
  0x000001f97dfcdb20 JavaThread "C2 CompilerThread0" daemon [_thread_blocked, id=49856, stack(0x000000af7d200000,0x000000af7d300000)]
  0x000001f97dfe0470 JavaThread "C1 CompilerThread0" daemon [_thread_blocked, id=45948, stack(0x000000af7d300000,0x000000af7d400000)]
  0x000001f97dfe7ee0 JavaThread "Sweeper thread" daemon [_thread_blocked, id=1164, stack(0x000000af7d400000,0x000000af7d500000)]
  0x000001f97dfaadf0 JavaThread "Common-Cleaner" daemon [_thread_blocked, id=35340, stack(0x000000af7d500000,0x000000af7d600000)]
  0x000001f97e1fd500 JavaThread "Notification Thread" daemon [_thread_blocked, id=38684, stack(0x000000af7d600000,0x000000af7d700000)]
  0x000001f9603174e0 JavaThread "Daemon health stats" [_thread_blocked, id=49992, stack(0x000000af7e300000,0x000000af7e400000)]
  0x000001f97e2bdac0 JavaThread "Incoming local TCP Connector on port 51483" [_thread_in_native, id=27308, stack(0x000000af7d800000,0x000000af7d900000)]
  0x000001f960239080 JavaThread "Daemon periodic checks" [_thread_blocked, id=34024, stack(0x000000af7d900000,0x000000af7da00000)]
  0x000001f9602c5b40 JavaThread "Cache worker for journal cache (C:\Users\Xlythe\.gradle\caches\journal-1)" [_thread_blocked, id=48756, stack(0x000000af7eb00000,0x000000af7ec00000)]
  0x000001f9602c5630 JavaThread "File lock request listener" [_thread_in_native, id=50652, stack(0x000000af7ec00000,0x000000af7ed00000)]
  0x000001f9602c79a0 JavaThread "Cache worker for file hash cache (C:\Users\Xlythe\.gradle\caches\8.4\fileHashes)" [_thread_blocked, id=19536, stack(0x000000af7ee00000,0x000000af7ef00000)]
  0x000001f9602c7eb0 JavaThread "File watcher server" daemon [_thread_blocked, id=49172, stack(0x000000af7f000000,0x000000af7f100000)]
  0x000001f9614004b0 JavaThread "File watcher consumer" daemon [_thread_blocked, id=13700, stack(0x000000af7f100000,0x000000af7f200000)]
  0x000001f9614009c0 JavaThread "jar transforms" [_thread_blocked, id=27912, stack(0x000000af7f400000,0x000000af7f500000)]
  0x000001f961402820 JavaThread "jar transforms Thread 2" [_thread_blocked, id=16016, stack(0x000000af7f500000,0x000000af7f600000)]
  0x000001f961400ed0 JavaThread "jar transforms Thread 3" [_thread_blocked, id=35308, stack(0x000000af7f600000,0x000000af7f700000)]
  0x000001f9614018f0 JavaThread "jar transforms Thread 4" [_thread_blocked, id=47288, stack(0x000000af7f700000,0x000000af7f800000)]
  0x000001f961401e00 JavaThread "jar transforms Thread 5" [_thread_blocked, id=41172, stack(0x000000af7f800000,0x000000af7f900000)]
  0x000001f9613ff580 JavaThread "jar transforms Thread 6" [_thread_blocked, id=46008, stack(0x000000af7f900000,0x000000af7fa00000)]
  0x000001f9613fffa0 JavaThread "jar transforms Thread 7" [_thread_blocked, id=49188, stack(0x000000af7fa00000,0x000000af7fb00000)]
  0x000001f9613ff070 JavaThread "jar transforms Thread 8" [_thread_blocked, id=47856, stack(0x000000af7fb00000,0x000000af7fc00000)]
  0x000001f961402310 JavaThread "jar transforms Thread 9" [_thread_blocked, id=47832, stack(0x000000af7fc00000,0x000000af7fd00000)]
  0x000001f9613ffa90 JavaThread "jar transforms Thread 10" [_thread_blocked, id=44296, stack(0x000000af7fd00000,0x000000af7fe00000)]
  0x000001f961141a90 JavaThread "jar transforms Thread 11" [_thread_blocked, id=45764, stack(0x000000af7fe00000,0x000000af7ff00000)]
  0x000001f961144310 JavaThread "jar transforms Thread 12" [_thread_blocked, id=40288, stack(0x000000af7ff00000,0x000000af80000000)]
  0x000001f961141070 JavaThread "Cache worker for file content cache (C:\Users\Xlythe\.gradle\caches\8.4\fileContent)" [_thread_blocked, id=23916, stack(0x000000af00300000,0x000000af00400000)]
  0x000001f961145750 JavaThread "Cache worker for execution history cache (C:\Users\Xlythe\.gradle\caches\8.4\executionHistory)" [_thread_blocked, id=29144, stack(0x000000af00500000,0x000000af00600000)]
  0x000001f961146b90 JavaThread "Cache worker for kotlin-dsl (C:\Users\Xlythe\.gradle\caches\8.4\kotlin-dsl)" [_thread_blocked, id=27116, stack(0x000000af00700000,0x000000af00800000)]
  0x000001f9611484e0 JavaThread "Memory manager" [_thread_blocked, id=47212, stack(0x000000af00a00000,0x000000af00b00000)]
  0x000001f9609e88d0 JavaThread "pool-3-thread-1" [_thread_blocked, id=30956, stack(0x000000af02c00000,0x000000af02d00000)]
  0x000001f96b65add0 JavaThread "pool-6-thread-1" [_thread_blocked, id=9532, stack(0x000000af03a00000,0x000000af03b00000)]
  0x000001f96c4f3110 JavaThread "pool-10-thread-1" [_thread_blocked, id=25748, stack(0x000000af03b00000,0x000000af03c00000)]
  0x000001f96d3712d0 JavaThread "pool-13-thread-1" [_thread_blocked, id=18116, stack(0x000000af03e00000,0x000000af03f00000)]
  0x000001f96b15aed0 JavaThread "pool-16-thread-1" [_thread_blocked, id=31404, stack(0x000000af03c00000,0x000000af03d00000)]
  0x000001f96bcdf880 JavaThread "pool-19-thread-1" [_thread_blocked, id=46964, stack(0x000000af03d00000,0x000000af03e00000)]
  0x000001f96d382ba0 JavaThread "pool-22-thread-1" [_thread_blocked, id=46988, stack(0x000000af04000000,0x000000af04100000)]
  0x000001f96bf8b9d0 JavaThread "pool-25-thread-1" [_thread_blocked, id=39740, stack(0x000000af04300000,0x000000af04400000)]
  0x000001f960551230 JavaThread "RMI Scheduler(0)" daemon [_thread_blocked, id=35736, stack(0x000000af04c00000,0x000000af04d00000)]
  0x000001f9605535a0 JavaThread "RMI GC Daemon" daemon [_thread_blocked, id=50048, stack(0x000000af05c00000,0x000000af05d00000)]
  0x000001f96c6ae8a0 JavaThread "RMI TCP Accept-0" daemon [_thread_in_native, id=34240, stack(0x000000af05e00000,0x000000af05f00000)]
  0x000001f96c6af7d0 JavaThread "RMI Reaper" [_thread_blocked, id=48408, stack(0x000000af05f00000,0x000000af06000000)]
  0x000001f96c6ade80 JavaThread "Cache worker for Java compile cache (C:\Users\Xlythe\.gradle\caches\8.4\javaCompile)" [_thread_blocked, id=15832, stack(0x000000af06000000,0x000000af06100000)]
  0x000001f96cf93c20 JavaThread "ForkJoinPool.commonPool-worker-1" daemon [_thread_blocked, id=32288, stack(0x000000af06a00000,0x000000af06b00000)]
  0x000001f96bce3540 JavaThread "ForkJoinPool.commonPool-worker-2" daemon [_thread_blocked, id=38068, stack(0x000000af06b00000,0x000000af06c00000)]
  0x000001f97089ced0 JavaThread "pool-34-thread-1" [_thread_blocked, id=47256, stack(0x000000af03f00000,0x000000af04000000)]
  0x000001f96d370dc0 JavaThread "pool-37-thread-1" [_thread_blocked, id=34480, stack(0x000000af04200000,0x000000af04300000)]
  0x000001f960552b80 JavaThread "ForkJoinPool.commonPool-worker-6" daemon [_thread_blocked, id=38420, stack(0x000000af01300000,0x000000af01400000)]
  0x000001f96efa0710 JavaThread "Daemon Thread 6" [_thread_blocked, id=50204, stack(0x000000af00200000,0x000000af00300000)]
  0x000001f9712d8360 JavaThread "Handler for socket connection from /127.0.0.1:51483 to /127.0.0.1:56940" [_thread_in_native, id=46260, stack(0x000000af00400000,0x000000af00500000)]
  0x000001f96efa1b50 JavaThread "Cancel handler" [_thread_blocked, id=6992, stack(0x000000af00600000,0x000000af00700000)]
  0x000001f96efa1130 JavaThread "Daemon worker Thread 6" [_thread_blocked, id=19808, stack(0x000000af00800000,0x000000af00900000)]
  0x000001f97089d3e0 JavaThread "Asynchronous log dispatcher for DefaultDaemonConnection: socket connection from /127.0.0.1:51483 to /127.0.0.1:56940" [_thread_blocked, id=24052, stack(0x000000af00900000,0x000000af00a00000)]
  0x000001f97089d8f0 JavaThread "Stdin handler" [_thread_blocked, id=36992, stack(0x000000af00b00000,0x000000af00c00000)]
  0x000001f96d382690 JavaThread "Daemon client event forwarder" [_thread_blocked, id=27740, stack(0x000000af00c00000,0x000000af00d00000)]
  0x000001f960551740 JavaThread "Cache worker for checksums cache (C:\Users\Xlythe\Documents\GitHub\tachiyomi_extensions\.gradle\8.4\checksums)" [_thread_blocked, id=42912, stack(0x000000af00d00000,0x000000af00e00000)]
  0x000001f960552670 JavaThread "Cache worker for file hash cache (C:\Users\Xlythe\Documents\GitHub\tachiyomi_extensions\.gradle\8.4\fileHashes)" [_thread_blocked, id=42168, stack(0x000000af00e00000,0x000000af00f00000)]
  0x000001f960551c50 JavaThread "Cache worker for cache directory md-supplier (C:\Users\Xlythe\.gradle\caches\8.4\md-supplier)" [_thread_blocked, id=14500, stack(0x000000af00f00000,0x000000af01000000)]
  0x000001f96054fdf0 JavaThread "Cache worker for cache directory md-rule (C:\Users\Xlythe\.gradle\caches\8.4\md-rule)" [_thread_blocked, id=8548, stack(0x000000af01000000,0x000000af01100000)]
  0x000001f96c4f4550 JavaThread "Cache worker for dependencies-accessors (C:\Users\Xlythe\Documents\GitHub\tachiyomi_extensions\.gradle\8.4\dependencies-accessors)" [_thread_blocked, id=24796, stack(0x000000af01100000,0x000000af01200000)]
  0x000001f96c4f4a60 JavaThread "Cache worker for Build Output Cleanup Cache (C:\Users\Xlythe\Documents\GitHub\tachiyomi_extensions\buildSrc\.gradle\buildOutputCleanup)" [_thread_blocked, id=50164, stack(0x000000af01400000,0x000000af01500000)]
  0x000001f96c4f3b30 JavaThread "Unconstrained build operations" [_thread_blocked, id=50296, stack(0x000000af01500000,0x000000af01600000)]
  0x000001f96c4f3620 JavaThread "Unconstrained build operations Thread 2" [_thread_blocked, id=48688, stack(0x000000af01600000,0x000000af01700000)]
  0x000001f96c4f4f70 JavaThread "Unconstrained build operations Thread 3" [_thread_blocked, id=28136, stack(0x000000af01700000,0x000000af01800000)]
  0x000001f96c4f5990 JavaThread "Unconstrained build operations Thread 4" [_thread_blocked, id=26460, stack(0x000000af01800000,0x000000af01900000)]
  0x000001f97089fc60 JavaThread "build event listener" [_thread_blocked, id=30840, stack(0x000000af01900000,0x000000af01a00000)]
  0x000001f97089de00 JavaThread "included builds" [_thread_blocked, id=46476, stack(0x000000af01a00000,0x000000af01b00000)]
  0x000001f960550810 JavaThread "Execution worker" [_thread_blocked, id=9764, stack(0x000000af01b00000,0x000000af01c00000)]
  0x000001f960550300 JavaThread "Execution worker Thread 2" [_thread_blocked, id=34128, stack(0x000000af01c00000,0x000000af01d00000)]
  0x000001f960550d20 JavaThread "Execution worker Thread 3" [_thread_blocked, id=29200, stack(0x000000af01d00000,0x000000af01e00000)]
  0x000001f960552160 JavaThread "Execution worker Thread 4" [_thread_blocked, id=25632, stack(0x000000af01e00000,0x000000af01f00000)]
  0x000001f96bce16e0 JavaThread "Cache worker for execution history cache (C:\Users\Xlythe\Documents\GitHub\tachiyomi_extensions\buildSrc\.gradle\8.4\executionHistory)" [_thread_blocked, id=5620, stack(0x000000af01f00000,0x000000af02000000)]
  0x000001f96bcddf30 JavaThread "Unconstrained build operations Thread 5" [_thread_blocked, id=23460, stack(0x000000af02000000,0x000000af02100000)]
  0x000001f96bce07b0 JavaThread "Unconstrained build operations Thread 6" [_thread_blocked, id=45064, stack(0x000000af02100000,0x000000af02200000)]
  0x000001f96bcdf370 JavaThread "Unconstrained build operations Thread 7" [_thread_blocked, id=39728, stack(0x000000af02200000,0x000000af02300000)]
  0x000001f96bce0cc0 JavaThread "Unconstrained build operations Thread 8" [_thread_blocked, id=49028, stack(0x000000af02300000,0x000000af02400000)]
  0x000001f96bce1bf0 JavaThread "Unconstrained build operations Thread 9" [_thread_blocked, id=34716, stack(0x000000af02400000,0x000000af02500000)]
  0x000001f96bcde440 JavaThread "Unconstrained build operations Thread 10" [_thread_blocked, id=31476, stack(0x000000af02500000,0x000000af02600000)]
  0x000001f96bce4e90 JavaThread "Unconstrained build operations Thread 11" [_thread_blocked, id=49544, stack(0x000000af02600000,0x000000af02700000)]
  0x000001f97089e310 JavaThread "Unconstrained build operations Thread 12" [_thread_blocked, id=45100, stack(0x000000af02700000,0x000000af02800000)]
  0x000001f97089c9c0 JavaThread "Unconstrained build operations Thread 13" [_thread_blocked, id=5156, stack(0x000000af02800000,0x000000af02900000)]
  0x000001f97089e820 JavaThread "Unconstrained build operations Thread 14" [_thread_blocked, id=29776, stack(0x000000af02900000,0x000000af02a00000)]
  0x000001f97089ed30 JavaThread "Unconstrained build operations Thread 15" [_thread_blocked, id=25584, stack(0x000000af02a00000,0x000000af02b00000)]
  0x000001f97089f240 JavaThread "Unconstrained build operations Thread 16" [_thread_blocked, id=23580, stack(0x000000af02b00000,0x000000af02c00000)]
  0x000001f96d381760 JavaThread "Cache worker for Build Output Cleanup Cache (C:\Users\Xlythe\Documents\GitHub\tachiyomi_extensions\.gradle\buildOutputCleanup)" [_thread_blocked, id=49952, stack(0x000000af02d00000,0x000000af02e00000)]
  0x000001f96d381c70 JavaThread "Unconstrained build operations Thread 17" [_thread_blocked, id=48784, stack(0x000000af02e00000,0x000000af02f00000)]
  0x000001f96d382180 JavaThread "Unconstrained build operations Thread 18" [_thread_blocked, id=34028, stack(0x000000af03600000,0x000000af03700000)]
  0x000001f96d3830b0 JavaThread "Unconstrained build operations Thread 19" [_thread_blocked, id=16504, stack(0x000000af03700000,0x000000af03800000)]
  0x000001f97032ee00 JavaThread "Unconstrained build operations Thread 20" [_thread_blocked, id=44460, stack(0x000000af03800000,0x000000af03900000)]
  0x000001f96efa0c20 JavaThread "pool-43-thread-1" [_thread_blocked, id=49552, stack(0x000000af04100000,0x000000af04200000)]
  0x000001f960553090 JavaThread "Cache worker for execution history cache (C:\Users\Xlythe\Documents\GitHub\tachiyomi_extensions\.gradle\8.4\executionHistory)" [_thread_blocked, id=7956, stack(0x000000af04500000,0x000000af04600000)]
  0x000001f96e0224d0 JavaThread "Unconstrained build operations Thread 21" [_thread_blocked, id=16864, stack(0x000000af04700000,0x000000af04800000)]
  0x000001f96e025770 JavaThread "Unconstrained build operations Thread 22" [_thread_blocked, id=51016, stack(0x000000af04900000,0x000000af04a00000)]
  0x000001f96e024330 JavaThread "Unconstrained build operations Thread 23" [_thread_blocked, id=19124, stack(0x000000af04a00000,0x000000af04b00000)]
  0x000001f96e023400 JavaThread "Unconstrained build operations Thread 24" [_thread_blocked, id=24100, stack(0x000000af04b00000,0x000000af04c00000)]
  0x000001f96e0229e0 JavaThread "Unconstrained build operations Thread 25" [_thread_blocked, id=44240, stack(0x000000af04d00000,0x000000af04e00000)]
  0x000001f96e022ef0 JavaThread "Build operations" [_thread_blocked, id=12220, stack(0x000000af04e00000,0x000000af04f00000)]
  0x000001f96e023910 JavaThread "Build operations Thread 2" [_thread_blocked, id=24192, stack(0x000000af04f00000,0x000000af05000000)]
  0x000001f96e024840 JavaThread "Build operations Thread 3" [_thread_blocked, id=14484, stack(0x000000af05000000,0x000000af05100000)]
  0x000001f96e023e20 JavaThread "Build operations Thread 4" [_thread_blocked, id=32220, stack(0x000000af05100000,0x000000af05200000)]
  0x000001f97089f750 JavaThread "Build operations Thread 5" [_thread_blocked, id=44160, stack(0x000000af05200000,0x000000af05300000)]
  0x000001f963d4bc60 JavaThread "C2 CompilerThread1" daemon [_thread_blocked, id=19092, stack(0x000000af01200000,0x000000af01300000)]
  0x000001f964bd8950 JavaThread "C2 CompilerThread2" daemon [_thread_blocked, id=49744, stack(0x000000af04400000,0x000000af04500000)]
  0x000001f97032f310 JavaThread "Unconstrained build operations Thread 26" [_thread_blocked, id=9168, stack(0x000000af05300000,0x000000af05400000)]
  0x000001f97032f820 JavaThread "Unconstrained build operations Thread 28" [_thread_blocked, id=23216, stack(0x000000af05400000,0x000000af05500000)]
  0x000001f96d36fe90 JavaThread "Unconstrained build operations Thread 27" [_thread_blocked, id=44980, stack(0x000000af05500000,0x000000af05600000)]
  0x000001f96d3717e0 JavaThread "Unconstrained build operations Thread 29" [_thread_blocked, id=39812, stack(0x000000af05600000,0x000000af05700000)]
  0x000001f96c4f5480 JavaThread "Unconstrained build operations Thread 30" [_thread_blocked, id=22256, stack(0x000000af05700000,0x000000af05800000)]
  0x000001f966374a70 JavaThread "Unconstrained build operations Thread 31" [_thread_blocked, id=14112, stack(0x000000af05800000,0x000000af05900000)]
  0x000001f96c4f5ea0 JavaThread "Unconstrained build operations Thread 32" [_thread_blocked, id=48184, stack(0x000000af05900000,0x000000af05a00000)]
  0x000001f966376de0 JavaThread "Unconstrained build operations Thread 33" [_thread_blocked, id=25824, stack(0x000000af05a00000,0x000000af05b00000)]
  0x000001f97032c580 JavaThread "Unconstrained build operations Thread 34" [_thread_blocked, id=32524, stack(0x000000af05b00000,0x000000af05c00000)]
  0x000001f96b65a3b0 JavaThread "Unconstrained build operations Thread 35" [_thread_blocked, id=50200, stack(0x000000af05d00000,0x000000af05e00000)]
  0x000001f96c4f2c00 JavaThread "Unconstrained build operations Thread 36" [_thread_blocked, id=35144, stack(0x000000af06100000,0x000000af06200000)]
  0x000001f96bce2100 JavaThread "Unconstrained build operations Thread 37" [_thread_blocked, id=30844, stack(0x000000af06200000,0x000000af06300000)]
  0x000001f97032c070 JavaThread "Unconstrained build operations Thread 38" [_thread_blocked, id=45692, stack(0x000000af06300000,0x000000af06400000)]
  0x000001f9708be550 JavaThread "Unconstrained build operations Thread 39" [_thread_blocked, id=44968, stack(0x000000af06400000,0x000000af06500000)]
  0x000001f97e69f450 JavaThread "Unconstrained build operations Thread 40" [_thread_blocked, id=31748, stack(0x000000af06500000,0x000000af06600000)]
  0x000001f96bce3a50 JavaThread "Unconstrained build operations Thread 41" [_thread_blocked, id=37704, stack(0x000000af06600000,0x000000af06700000)]
  0x000001f97032ca90 JavaThread "Unconstrained build operations Thread 42" [_thread_blocked, id=33900, stack(0x000000af06700000,0x000000af06800000)]
  0x000001f9708bea60 JavaThread "Unconstrained build operations Thread 43" [_thread_blocked, id=34080, stack(0x000000af06800000,0x000000af06900000)]
  0x000001f96ef9f2d0 JavaThread "Unconstrained build operations Thread 44" [_thread_blocked, id=42056, stack(0x000000af06900000,0x000000af06a00000)]
  0x000001f96bce53a0 JavaThread "Unconstrained build operations Thread 45" [_thread_blocked, id=44960, stack(0x000000af06c00000,0x000000af06d00000)]
  0x000001f97032cfa0 JavaThread "Unconstrained build operations Thread 46" [_thread_blocked, id=35080, stack(0x000000af06d00000,0x000000af06e00000)]
  0x000001f9708bcc00 JavaThread "Unconstrained build operations Thread 47" [_thread_blocked, id=16896, stack(0x000000af06e00000,0x000000af06f00000)]
  0x000001f9663759a0 JavaThread "Unconstrained build operations Thread 48" [_thread_blocked, id=22620, stack(0x000000af06f00000,0x000000af07000000)]
  0x000001f96bce3f60 JavaThread "Unconstrained build operations Thread 49" [_thread_blocked, id=29032, stack(0x000000af07000000,0x000000af07100000)]
  0x000001f97e69ef40 JavaThread "Unconstrained build operations Thread 50" [_thread_blocked, id=25060, stack(0x000000af07100000,0x000000af07200000)]

Other Threads:
  0x000001f97d53d040 VMThread "VM Thread" [stack: 0x000000af7cb00000,0x000000af7cc00000] [id=27580]
  0x000001f97e1aca20 WatcherThread [stack: 0x000000af7d700000,0x000000af7d800000] [id=4104]
  0x000001f975178f10 GCTaskThread "GC Thread#0" [stack: 0x000000af7c600000,0x000000af7c700000] [id=50816]
  0x000001f97e5d8c50 GCTaskThread "GC Thread#1" [stack: 0x000000af7da00000,0x000000af7db00000] [id=45772]
=>0x000001f97f53f050 GCTaskThread "GC Thread#2" [stack: 0x000000af7db00000,0x000000af7dc00000] [id=37232]
  0x000001f97f53f310 GCTaskThread "GC Thread#3" [stack: 0x000000af7dc00000,0x000000af7dd00000] [id=49392]
  0x000001f97f53f5d0 GCTaskThread "GC Thread#4" [stack: 0x000000af7dd00000,0x000000af7de00000] [id=46596]
  0x000001f97f53f890 GCTaskThread "GC Thread#5" [stack: 0x000000af7de00000,0x000000af7df00000] [id=12644]
  0x000001f97f53ff20 GCTaskThread "GC Thread#6" [stack: 0x000000af7df00000,0x000000af7e000000] [id=23824]
  0x000001f97f76d120 GCTaskThread "GC Thread#7" [stack: 0x000000af7e000000,0x000000af7e100000] [id=50432]
  0x000001f97f76d3e0 GCTaskThread "GC Thread#8" [stack: 0x000000af7e100000,0x000000af7e200000] [id=5192]
  0x000001f97f76da70 GCTaskThread "GC Thread#9" [stack: 0x000000af7e200000,0x000000af7e300000] [id=44860]
  0x000001f975186d80 ConcurrentGCThread "G1 Main Marker" [stack: 0x000000af7c700000,0x000000af7c800000] [id=45236]
  0x000001f975189230 ConcurrentGCThread "G1 Conc#0" [stack: 0x000000af7c800000,0x000000af7c900000] [id=24072]
  0x000001f961e11170 ConcurrentGCThread "G1 Conc#1" [stack: 0x000000af7f200000,0x000000af7f300000] [id=31460]
  0x000001f961e124b0 ConcurrentGCThread "G1 Conc#2" [stack: 0x000000af7f300000,0x000000af7f400000] [id=38752]
  0x000001f97d4d7aa0 ConcurrentGCThread "G1 Refine#0" [stack: 0x000000af7c900000,0x000000af7ca00000] [id=44616]
  0x000001f961706200 ConcurrentGCThread "G1 Refine#1" [stack: 0x000000af7ef00000,0x000000af7f000000] [id=25028]
  0x000001f964b32580 ConcurrentGCThread "G1 Refine#2" [stack: 0x000000af02f00000,0x000000af03000000] [id=13336]
  0x000001f964b30820 ConcurrentGCThread "G1 Refine#3" [stack: 0x000000af03000000,0x000000af03100000] [id=18280]
  0x000001f964b319c0 ConcurrentGCThread "G1 Refine#4" [stack: 0x000000af03100000,0x000000af03200000] [id=46844]
  0x000001f964b310f0 ConcurrentGCThread "G1 Refine#5" [stack: 0x000000af03200000,0x000000af03300000] [id=43232]
  0x000001f964b32290 ConcurrentGCThread "G1 Refine#6" [stack: 0x000000af03300000,0x000000af03400000] [id=50064]
  0x000001f964b32870 ConcurrentGCThread "G1 Refine#7" [stack: 0x000000af03400000,0x000000af03500000] [id=19220]
  0x000001f964b31cb0 ConcurrentGCThread "G1 Refine#8" [stack: 0x000000af03500000,0x000000af03600000] [id=45800]
  0x000001f96d0f8700 ConcurrentGCThread "G1 Refine#9" [stack: 0x000000af03900000,0x000000af03a00000] [id=45060]
  0x000001f97d4d8180 ConcurrentGCThread "G1 Service" [stack: 0x000000af7ca00000,0x000000af7cb00000] [id=50812]

Threads with active compile tasks:
C2 CompilerThread0   713124 49942       4       org.gradle.tooling.internal.adapter.ProtocolToModelAdapter$SafeMethodInvoker::invoke (118 bytes)
C2 CompilerThread1   713124 49941       4       org.gradle.tooling.internal.adapter.ProtocolToModelAdapter$SupportedPropertyInvoker::invoke (154 bytes)
C2 CompilerThread2   713125 50298       4       org.gradle.tooling.internal.adapter.ProtocolToModelAdapter::createView (194 bytes)

VM state: at safepoint (normal execution)

VM Mutex/Monitor currently owned by a thread:  ([mutex/lock_event])
[0x000001f9750da380] Threads_lock - owner thread: 0x000001f97d53d040
[0x000001f9750ecc80] Heap_lock - owner thread: 0x000001f96efa1130

Heap address: 0x0000000680000000, size: 6144 MB, Compressed Oops mode: Zero based, Oop shift amount: 3

CDS archive(s) mapped at: [0x000001f91b000000-0x000001f91bc00000-0x000001f91bc00000), size 12582912, SharedBaseAddress: 0x000001f91b000000, ArchiveRelocationMode: 1.
Compressed class space mapped at: 0x000001f91c000000-0x000001f95c000000, reserved size: 1073741824
Narrow klass base: 0x000001f91b000000, Narrow klass shift: 0, Narrow klass range: 0x100000000

GC Precious Log:
 CPUs: 12 total, 12 available
 Memory: 65444M
 Large Page Support: Disabled
 NUMA Support: Disabled
 Compressed Oops: Enabled (Zero based)
 Heap Region Size: 4M
 Heap Min Capacity: 8M
 Heap Initial Capacity: 1G
 Heap Max Capacity: 6G
 Pre-touch: Disabled
 Parallel Workers: 10
 Concurrent Workers: 3
 Concurrent Refinement Workers: 10
 Periodic GC: Disabled

Heap:
 garbage-first heap   total 1290240K, used 1047755K [0x0000000680000000, 0x0000000800000000)
  region size 4096K, 81 young (331776K), 10 survivors (40960K)
 Metaspace       used 249564K, committed 253568K, reserved 1310720K
  class space    used 33750K, committed 35648K, reserved 1048576K

Heap Regions: E=young(eden), S=young(survivor), O=old, HS=humongous(starts), HC=humongous(continues), CS=collection set, F=free, OA=open archive, CA=closed archive, TAMS=top-at-mark-start (previous, next)
|   0|0x0000000680000000, 0x0000000680400000, 0x0000000680400000|100%|HS|  |TAMS 0x0000000680400000, 0x0000000680000000| Untracked 
|   1|0x0000000680400000, 0x0000000680800000, 0x0000000680800000|100%| O|  |TAMS 0x0000000680800000, 0x0000000680400000| Untracked 
|   2|0x0000000680800000, 0x0000000680c00000, 0x0000000680c00000|100%| O|  |TAMS 0x0000000680c00000, 0x0000000680800000| Untracked 
|   3|0x0000000680c00000, 0x0000000681000000, 0x0000000681000000|100%| O|  |TAMS 0x0000000681000000, 0x0000000680c00000| Untracked 
|   4|0x0000000681000000, 0x0000000681400000, 0x0000000681400000|100%| O|  |TAMS 0x0000000681400000, 0x0000000681000000| Untracked 
|   5|0x0000000681400000, 0x0000000681800000, 0x0000000681800000|100%|HS|  |TAMS 0x0000000681800000, 0x0000000681400000| Untracked 
|   6|0x0000000681800000, 0x0000000681c00000, 0x0000000681c00000|100%|HC|  |TAMS 0x0000000681c00000, 0x0000000681800000| Untracked 
|   7|0x0000000681c00000, 0x0000000682000000, 0x0000000682000000|100%|HS|  |TAMS 0x0000000682000000, 0x0000000681c00000| Untracked 
|   8|0x0000000682000000, 0x0000000682400000, 0x0000000682400000|100%|HC|  |TAMS 0x0000000682400000, 0x0000000682000000| Untracked 
|   9|0x0000000682400000, 0x0000000682800000, 0x0000000682800000|100%| O|  |TAMS 0x0000000682800000, 0x0000000682400000| Untracked 
|  10|0x0000000682800000, 0x0000000682c00000, 0x0000000682c00000|100%|HS|  |TAMS 0x0000000682c00000, 0x0000000682800000| Untracked 
|  11|0x0000000682c00000, 0x0000000683000000, 0x0000000683000000|100%|HS|  |TAMS 0x0000000683000000, 0x0000000682c00000| Untracked 
|  12|0x0000000683000000, 0x0000000683400000, 0x0000000683400000|100%| O|  |TAMS 0x0000000683400000, 0x0000000683000000| Untracked 
|  13|0x0000000683400000, 0x00000006837fffe8, 0x0000000683800000| 99%| O|  |TAMS 0x00000006837fffe8, 0x0000000683400000| Untracked 
|  14|0x0000000683800000, 0x0000000683c00000, 0x0000000683c00000|100%| O|  |TAMS 0x0000000683c00000, 0x0000000683800000| Untracked 
|  15|0x0000000683c00000, 0x0000000683ffffe8, 0x0000000684000000| 99%| O|  |TAMS 0x0000000683ffffe8, 0x0000000683c00000| Untracked 
|  16|0x0000000684000000, 0x00000006843fffe8, 0x0000000684400000| 99%| O|  |TAMS 0x00000006843fffe8, 0x0000000684000000| Untracked 
|  17|0x0000000684400000, 0x00000006847e4280, 0x0000000684800000| 97%| O|  |TAMS 0x00000006847e4280, 0x0000000684400000| Untracked 
|  18|0x0000000684800000, 0x0000000684bffff8, 0x0000000684c00000| 99%| O|  |TAMS 0x0000000684bffff8, 0x0000000684800000| Untracked 
|  19|0x0000000684c00000, 0x0000000684fffff0, 0x0000000685000000| 99%| O|  |TAMS 0x0000000684fffff0, 0x0000000684c00000| Untracked 
|  20|0x0000000685000000, 0x00000006853ffff0, 0x0000000685400000| 99%| O|  |TAMS 0x00000006853ffff0, 0x0000000685000000| Untracked 
|  21|0x0000000685400000, 0x00000006857fff88, 0x0000000685800000| 99%| O|  |TAMS 0x00000006857fff88, 0x0000000685400000| Untracked 
|  22|0x0000000685800000, 0x0000000685bea0c8, 0x0000000685c00000| 97%| O|  |TAMS 0x0000000685bea0c8, 0x0000000685800000| Untracked 
|  23|0x0000000685c00000, 0x0000000686000000, 0x0000000686000000|100%|HS|  |TAMS 0x0000000686000000, 0x0000000685c00000| Untracked 
|  24|0x0000000686000000, 0x00000006863fff98, 0x0000000686400000| 99%| O|  |TAMS 0x00000006863fff98, 0x0000000686000000| Untracked 
|  25|0x0000000686400000, 0x0000000686800000, 0x0000000686800000|100%|HS|  |TAMS 0x0000000686800000, 0x0000000686400000| Untracked 
|  26|0x0000000686800000, 0x0000000686c00000, 0x0000000686c00000|100%| O|  |TAMS 0x0000000686c00000, 0x0000000686800000| Untracked 
|  27|0x0000000686c00000, 0x0000000687000000, 0x0000000687000000|100%| O|  |TAMS 0x0000000687000000, 0x0000000686c00000| Untracked 
|  28|0x0000000687000000, 0x00000006873fffb0, 0x0000000687400000| 99%| O|  |TAMS 0x00000006873fffb0, 0x0000000687000000| Untracked 
|  29|0x0000000687400000, 0x00000006877fffd0, 0x0000000687800000| 99%| O|  |TAMS 0x00000006877fffd0, 0x0000000687400000| Untracked 
|  30|0x0000000687800000, 0x0000000687bfffc8, 0x0000000687c00000| 99%| O|  |TAMS 0x0000000687bfffc8, 0x0000000687800000| Untracked 
|  31|0x0000000687c00000, 0x0000000687ffffe8, 0x0000000688000000| 99%| O|  |TAMS 0x0000000687ffffe8, 0x0000000687c00000| Untracked 
|  32|0x0000000688000000, 0x00000006883ff128, 0x0000000688400000| 99%| O|  |TAMS 0x00000006883ff128, 0x0000000688000000| Untracked 
|  33|0x0000000688400000, 0x0000000688800000, 0x0000000688800000|100%| O|  |TAMS 0x0000000688800000, 0x0000000688400000| Untracked 
|  34|0x0000000688800000, 0x0000000688c00000, 0x0000000688c00000|100%| O|  |TAMS 0x0000000688c00000, 0x0000000688800000| Untracked 
|  35|0x0000000688c00000, 0x0000000689000000, 0x0000000689000000|100%| O|  |TAMS 0x0000000689000000, 0x0000000688c00000| Untracked 
|  36|0x0000000689000000, 0x00000006893e5b28, 0x0000000689400000| 97%| O|  |TAMS 0x00000006893e5b28, 0x0000000689000000| Untracked 
|  37|0x0000000689400000, 0x00000006897fff90, 0x0000000689800000| 99%| O|  |TAMS 0x00000006897fff90, 0x0000000689400000| Untracked 
|  38|0x0000000689800000, 0x0000000689bfffb8, 0x0000000689c00000| 99%| O|  |TAMS 0x0000000689bfffb8, 0x0000000689800000| Untracked 
|  39|0x0000000689c00000, 0x0000000689fffcd8, 0x000000068a000000| 99%| O|  |TAMS 0x0000000689fffcd8, 0x0000000689c00000| Untracked 
|  40|0x000000068a000000, 0x000000068a3fe4b8, 0x000000068a400000| 99%| O|  |TAMS 0x000000068a3fe4b8, 0x000000068a000000| Untracked 
|  41|0x000000068a400000, 0x000000068a7ffff8, 0x000000068a800000| 99%| O|  |TAMS 0x000000068a7ffff8, 0x000000068a400000| Untracked 
|  42|0x000000068a800000, 0x000000068ac00000, 0x000000068ac00000|100%| O|  |TAMS 0x000000068ac00000, 0x000000068a800000| Untracked 
|  43|0x000000068ac00000, 0x000000068affffc0, 0x000000068b000000| 99%| O|  |TAMS 0x000000068affffc0, 0x000000068ac00000| Untracked 
|  44|0x000000068b000000, 0x000000068b3beb20, 0x000000068b400000| 93%| O|  |TAMS 0x000000068b000000, 0x000000068b000000| Untracked 
|  45|0x000000068b400000, 0x000000068b800000, 0x000000068b800000|100%| O|  |TAMS 0x000000068b800000, 0x000000068b400000| Untracked 
|  46|0x000000068b800000, 0x000000068bbffff0, 0x000000068bc00000| 99%| O|  |TAMS 0x000000068bbffff0, 0x000000068b800000| Untracked 
|  47|0x000000068bc00000, 0x000000068bfffff8, 0x000000068c000000| 99%| O|  |TAMS 0x000000068bfffff8, 0x000000068bc00000| Untracked 
|  48|0x000000068c000000, 0x000000068c3fffe8, 0x000000068c400000| 99%| O|  |TAMS 0x000000068c3fffe8, 0x000000068c000000| Untracked 
|  49|0x000000068c400000, 0x000000068c7ffff0, 0x000000068c800000| 99%| O|  |TAMS 0x000000068c7ffff0, 0x000000068c400000| Untracked 
|  50|0x000000068c800000, 0x000000068cbffff8, 0x000000068cc00000| 99%| O|  |TAMS 0x000000068cbffff8, 0x000000068c800000| Untracked 
|  51|0x000000068cc00000, 0x000000068cfffff8, 0x000000068d000000| 99%| O|  |TAMS 0x000000068cfffff8, 0x000000068cc00000| Untracked 
|  52|0x000000068d000000, 0x000000068d390a18, 0x000000068d400000| 89%| O|  |TAMS 0x000000068d000000, 0x000000068d000000| Untracked 
|  53|0x000000068d400000, 0x000000068d800000, 0x000000068d800000|100%| O|  |TAMS 0x000000068d800000, 0x000000068d400000| Untracked 
|  54|0x000000068d800000, 0x000000068dbbbe38, 0x000000068dc00000| 93%| O|  |TAMS 0x000000068d800000, 0x000000068d800000| Untracked 
|  55|0x000000068dc00000, 0x000000068dfc2c88, 0x000000068e000000| 94%| O|  |TAMS 0x000000068dc00000, 0x000000068dc00000| Untracked 
|  56|0x000000068e000000, 0x000000068e400000, 0x000000068e400000|100%| O|  |TAMS 0x000000068e400000, 0x000000068e000000| Untracked 
|  57|0x000000068e400000, 0x000000068e6d0868, 0x000000068e800000| 70%| O|  |TAMS 0x000000068e400000, 0x000000068e400000| Untracked 
|  58|0x000000068e800000, 0x000000068e99c360, 0x000000068ec00000| 40%| O|  |TAMS 0x000000068e800000, 0x000000068e800000| Untracked 
|  59|0x000000068ec00000, 0x000000068ecc76e0, 0x000000068f000000| 19%| O|  |TAMS 0x000000068ec00000, 0x000000068ec00000| Untracked 
|  60|0x000000068f000000, 0x000000068f0763c8, 0x000000068f400000| 11%| O|  |TAMS 0x000000068f000000, 0x000000068f000000| Untracked 
|  61|0x000000068f400000, 0x000000068f800000, 0x000000068f800000|100%| O|  |TAMS 0x000000068f400000, 0x000000068f400000| Untracked 
|  62|0x000000068f800000, 0x000000068fc00000, 0x000000068fc00000|100%| O|  |TAMS 0x000000068f800000, 0x000000068f800000| Untracked 
|  63|0x000000068fc00000, 0x0000000690000000, 0x0000000690000000|100%| O|  |TAMS 0x000000068fc00000, 0x000000068fc00000| Untracked 
|  64|0x0000000690000000, 0x0000000690400000, 0x0000000690400000|100%| O|  |TAMS 0x0000000690000000, 0x0000000690000000| Untracked 
|  65|0x0000000690400000, 0x0000000690800000, 0x0000000690800000|100%| O|  |TAMS 0x0000000690400000, 0x0000000690400000| Untracked 
|  66|0x0000000690800000, 0x0000000690c00000, 0x0000000690c00000|100%| O|  |TAMS 0x0000000690800000, 0x0000000690800000| Untracked 
|  67|0x0000000690c00000, 0x0000000691000000, 0x0000000691000000|100%| O|  |TAMS 0x0000000690c00000, 0x0000000690c00000| Untracked 
|  68|0x0000000691000000, 0x0000000691400000, 0x0000000691400000|100%| O|  |TAMS 0x0000000691000000, 0x0000000691000000| Untracked 
|  69|0x0000000691400000, 0x0000000691800000, 0x0000000691800000|100%| O|  |TAMS 0x0000000691400000, 0x0000000691400000| Untracked 
|  70|0x0000000691800000, 0x0000000691c00000, 0x0000000691c00000|100%| O|  |TAMS 0x0000000691800000, 0x0000000691800000| Untracked 
|  71|0x0000000691c00000, 0x0000000692000000, 0x0000000692000000|100%| O|  |TAMS 0x0000000691c00000, 0x0000000691c00000| Untracked 
|  72|0x0000000692000000, 0x0000000692400000, 0x0000000692400000|100%| O|  |TAMS 0x0000000692400000, 0x0000000692000000| Untracked 
|  73|0x0000000692400000, 0x0000000692800000, 0x0000000692800000|100%| O|  |TAMS 0x0000000692400000, 0x0000000692400000| Untracked 
|  74|0x0000000692800000, 0x0000000692c00000, 0x0000000692c00000|100%| O|  |TAMS 0x0000000692800000, 0x0000000692800000| Untracked 
|  75|0x0000000692c00000, 0x0000000693000000, 0x0000000693000000|100%| O|  |TAMS 0x0000000693000000, 0x0000000692c00000| Untracked 
|  76|0x0000000693000000, 0x0000000693400000, 0x0000000693400000|100%| O|  |TAMS 0x0000000693400000, 0x0000000693000000| Untracked 
|  77|0x0000000693400000, 0x0000000693800000, 0x0000000693800000|100%| O|  |TAMS 0x0000000693800000, 0x0000000693400000| Untracked 
|  78|0x0000000693800000, 0x0000000693c00000, 0x0000000693c00000|100%| O|  |TAMS 0x0000000693c00000, 0x0000000693800000| Untracked 
|  79|0x0000000693c00000, 0x0000000694000000, 0x0000000694000000|100%| O|  |TAMS 0x0000000694000000, 0x0000000693c00000| Untracked 
|  80|0x0000000694000000, 0x0000000694400000, 0x0000000694400000|100%| O|  |TAMS 0x0000000694000000, 0x0000000694000000| Untracked 
|  81|0x0000000694400000, 0x0000000694800000, 0x0000000694800000|100%| O|  |TAMS 0x0000000694400000, 0x0000000694400000| Untracked 
|  82|0x0000000694800000, 0x0000000694c00000, 0x0000000694c00000|100%| O|  |TAMS 0x0000000694800000, 0x0000000694800000| Untracked 
|  83|0x0000000694c00000, 0x0000000695000000, 0x0000000695000000|100%| O|  |TAMS 0x0000000695000000, 0x0000000694c00000| Untracked 
|  84|0x0000000695000000, 0x0000000695400000, 0x0000000695400000|100%| O|  |TAMS 0x0000000695000000, 0x0000000695000000| Untracked 
|  85|0x0000000695400000, 0x0000000695800000, 0x0000000695800000|100%| O|  |TAMS 0x0000000695400000, 0x0000000695400000| Untracked 
|  86|0x0000000695800000, 0x0000000695c00000, 0x0000000695c00000|100%| O|  |TAMS 0x0000000695800000, 0x0000000695800000| Untracked 
|  87|0x0000000695c00000, 0x0000000696000000, 0x0000000696000000|100%|HS|  |TAMS 0x0000000696000000, 0x0000000695c00000| Untracked 
|  88|0x0000000696000000, 0x0000000696400000, 0x0000000696400000|100%| O|  |TAMS 0x0000000696000000, 0x0000000696000000| Untracked 
|  89|0x0000000696400000, 0x0000000696800000, 0x0000000696800000|100%| O|  |TAMS 0x0000000696400000, 0x0000000696400000| Untracked 
|  90|0x0000000696800000, 0x0000000696c00000, 0x0000000696c00000|100%| O|  |TAMS 0x0000000696800000, 0x0000000696800000| Untracked 
|  91|0x0000000696c00000, 0x0000000697000000, 0x0000000697000000|100%| O|  |TAMS 0x0000000696c00000, 0x0000000696c00000| Untracked 
|  92|0x0000000697000000, 0x0000000697400000, 0x0000000697400000|100%| O|  |TAMS 0x0000000697000000, 0x0000000697000000| Untracked 
|  93|0x0000000697400000, 0x0000000697800000, 0x0000000697800000|100%| O|  |TAMS 0x0000000697400000, 0x0000000697400000| Untracked 
|  94|0x0000000697800000, 0x0000000697c00000, 0x0000000697c00000|100%| O|  |TAMS 0x0000000697800000, 0x0000000697800000| Untracked 
|  95|0x0000000697c00000, 0x0000000698000000, 0x0000000698000000|100%| O|  |TAMS 0x0000000697c00000, 0x0000000697c00000| Untracked 
|  96|0x0000000698000000, 0x0000000698400000, 0x0000000698400000|100%| O|  |TAMS 0x0000000698000000, 0x0000000698000000| Untracked 
|  97|0x0000000698400000, 0x0000000698800000, 0x0000000698800000|100%| O|  |TAMS 0x0000000698400000, 0x0000000698400000| Untracked 
|  98|0x0000000698800000, 0x0000000698c00000, 0x0000000698c00000|100%| O|  |TAMS 0x0000000698800000, 0x0000000698800000| Untracked 
|  99|0x0000000698c00000, 0x0000000699000000, 0x0000000699000000|100%| O|  |TAMS 0x0000000698c00000, 0x0000000698c00000| Untracked 
| 100|0x0000000699000000, 0x0000000699400000, 0x0000000699400000|100%| O|  |TAMS 0x0000000699000000, 0x0000000699000000| Untracked 
| 101|0x0000000699400000, 0x0000000699800000, 0x0000000699800000|100%| O|  |TAMS 0x0000000699400000, 0x0000000699400000| Untracked 
| 102|0x0000000699800000, 0x0000000699c00000, 0x0000000699c00000|100%| O|  |TAMS 0x0000000699800000, 0x0000000699800000| Untracked 
| 103|0x0000000699c00000, 0x000000069a000000, 0x000000069a000000|100%| O|  |TAMS 0x0000000699c00000, 0x0000000699c00000| Untracked 
| 104|0x000000069a000000, 0x000000069a400000, 0x000000069a400000|100%| O|  |TAMS 0x000000069a000000, 0x000000069a000000| Untracked 
| 105|0x000000069a400000, 0x000000069a800000, 0x000000069a800000|100%| O|  |TAMS 0x000000069a400000, 0x000000069a400000| Untracked 
| 106|0x000000069a800000, 0x000000069ac00000, 0x000000069ac00000|100%| O|  |TAMS 0x000000069a800000, 0x000000069a800000| Untracked 
| 107|0x000000069ac00000, 0x000000069b000000, 0x000000069b000000|100%| O|  |TAMS 0x000000069ac00000, 0x000000069ac00000| Untracked 
| 108|0x000000069b000000, 0x000000069b400000, 0x000000069b400000|100%| O|  |TAMS 0x000000069b000000, 0x000000069b000000| Untracked 
| 109|0x000000069b400000, 0x000000069b800000, 0x000000069b800000|100%| O|  |TAMS 0x000000069b400000, 0x000000069b400000| Untracked 
| 110|0x000000069b800000, 0x000000069bc00000, 0x000000069bc00000|100%| O|  |TAMS 0x000000069b800000, 0x000000069b800000| Untracked 
| 111|0x000000069bc00000, 0x000000069c000000, 0x000000069c000000|100%| O|  |TAMS 0x000000069bc00000, 0x000000069bc00000| Untracked 
| 112|0x000000069c000000, 0x000000069c400000, 0x000000069c400000|100%| O|  |TAMS 0x000000069c000000, 0x000000069c000000| Untracked 
| 113|0x000000069c400000, 0x000000069c800000, 0x000000069c800000|100%| O|  |TAMS 0x000000069c400000, 0x000000069c400000| Untracked 
| 114|0x000000069c800000, 0x000000069cc00000, 0x000000069cc00000|100%| O|  |TAMS 0x000000069c800000, 0x000000069c800000| Untracked 
| 115|0x000000069cc00000, 0x000000069d000000, 0x000000069d000000|100%| O|  |TAMS 0x000000069cc00000, 0x000000069cc00000| Untracked 
| 116|0x000000069d000000, 0x000000069d400000, 0x000000069d400000|100%| O|  |TAMS 0x000000069d000000, 0x000000069d000000| Untracked 
| 117|0x000000069d400000, 0x000000069d800000, 0x000000069d800000|100%| O|  |TAMS 0x000000069d400000, 0x000000069d400000| Untracked 
| 118|0x000000069d800000, 0x000000069dc00000, 0x000000069dc00000|100%| O|  |TAMS 0x000000069d800000, 0x000000069d800000| Untracked 
| 119|0x000000069dc00000, 0x000000069e000000, 0x000000069e000000|100%| O|  |TAMS 0x000000069dc00000, 0x000000069dc00000| Untracked 
| 120|0x000000069e000000, 0x000000069e400000, 0x000000069e400000|100%| O|  |TAMS 0x000000069e000000, 0x000000069e000000| Untracked 
| 121|0x000000069e400000, 0x000000069e800000, 0x000000069e800000|100%| O|  |TAMS 0x000000069e400000, 0x000000069e400000| Untracked 
| 122|0x000000069e800000, 0x000000069ec00000, 0x000000069ec00000|100%| O|  |TAMS 0x000000069e800000, 0x000000069e800000| Untracked 
| 123|0x000000069ec00000, 0x000000069f000000, 0x000000069f000000|100%| O|  |TAMS 0x000000069ec00000, 0x000000069ec00000| Untracked 
| 124|0x000000069f000000, 0x000000069f400000, 0x000000069f400000|100%| O|  |TAMS 0x000000069f000000, 0x000000069f000000| Untracked 
| 125|0x000000069f400000, 0x000000069f800000, 0x000000069f800000|100%| O|  |TAMS 0x000000069f400000, 0x000000069f400000| Untracked 
| 126|0x000000069f800000, 0x000000069fc00000, 0x000000069fc00000|100%| O|  |TAMS 0x000000069f800000, 0x000000069f800000| Untracked 
| 127|0x000000069fc00000, 0x00000006a0000000, 0x00000006a0000000|100%| O|  |TAMS 0x000000069fc00000, 0x000000069fc00000| Untracked 
| 128|0x00000006a0000000, 0x00000006a0400000, 0x00000006a0400000|100%| O|  |TAMS 0x00000006a0000000, 0x00000006a0000000| Untracked 
| 129|0x00000006a0400000, 0x00000006a0800000, 0x00000006a0800000|100%| O|  |TAMS 0x00000006a0400000, 0x00000006a0400000| Untracked 
| 130|0x00000006a0800000, 0x00000006a0c00000, 0x00000006a0c00000|100%| O|  |TAMS 0x00000006a0800000, 0x00000006a0800000| Untracked 
| 131|0x00000006a0c00000, 0x00000006a1000000, 0x00000006a1000000|100%| O|  |TAMS 0x00000006a0c00000, 0x00000006a0c00000| Untracked 
| 132|0x00000006a1000000, 0x00000006a1400000, 0x00000006a1400000|100%| O|  |TAMS 0x00000006a1000000, 0x00000006a1000000| Untracked 
| 133|0x00000006a1400000, 0x00000006a1800000, 0x00000006a1800000|100%| O|  |TAMS 0x00000006a1400000, 0x00000006a1400000| Untracked 
| 134|0x00000006a1800000, 0x00000006a1c00000, 0x00000006a1c00000|100%| O|  |TAMS 0x00000006a1800000, 0x00000006a1800000| Untracked 
| 135|0x00000006a1c00000, 0x00000006a2000000, 0x00000006a2000000|100%| O|  |TAMS 0x00000006a1c00000, 0x00000006a1c00000| Untracked 
| 136|0x00000006a2000000, 0x00000006a2400000, 0x00000006a2400000|100%| O|  |TAMS 0x00000006a2000000, 0x00000006a2000000| Untracked 
| 137|0x00000006a2400000, 0x00000006a2800000, 0x00000006a2800000|100%| O|  |TAMS 0x00000006a2400000, 0x00000006a2400000| Untracked 
| 138|0x00000006a2800000, 0x00000006a2c00000, 0x00000006a2c00000|100%| O|  |TAMS 0x00000006a2800000, 0x00000006a2800000| Untracked 
| 139|0x00000006a2c00000, 0x00000006a3000000, 0x00000006a3000000|100%| O|  |TAMS 0x00000006a2c00000, 0x00000006a2c00000| Untracked 
| 140|0x00000006a3000000, 0x00000006a3400000, 0x00000006a3400000|100%| O|  |TAMS 0x00000006a3000000, 0x00000006a3000000| Untracked 
| 141|0x00000006a3400000, 0x00000006a3800000, 0x00000006a3800000|100%| O|  |TAMS 0x00000006a3400000, 0x00000006a3400000| Untracked 
| 142|0x00000006a3800000, 0x00000006a3c00000, 0x00000006a3c00000|100%| O|  |TAMS 0x00000006a3800000, 0x00000006a3800000| Untracked 
| 143|0x00000006a3c00000, 0x00000006a4000000, 0x00000006a4000000|100%| O|  |TAMS 0x00000006a3c00000, 0x00000006a3c00000| Untracked 
| 144|0x00000006a4000000, 0x00000006a4400000, 0x00000006a4400000|100%| O|  |TAMS 0x00000006a4000000, 0x00000006a4000000| Untracked 
| 145|0x00000006a4400000, 0x00000006a4800000, 0x00000006a4800000|100%| O|  |TAMS 0x00000006a4400000, 0x00000006a4400000| Untracked 
| 146|0x00000006a4800000, 0x00000006a4c00000, 0x00000006a4c00000|100%| O|  |TAMS 0x00000006a4800000, 0x00000006a4800000| Untracked 
| 147|0x00000006a4c00000, 0x00000006a5000000, 0x00000006a5000000|100%| O|  |TAMS 0x00000006a4c00000, 0x00000006a4c00000| Untracked 
| 148|0x00000006a5000000, 0x00000006a5400000, 0x00000006a5400000|100%| O|  |TAMS 0x00000006a5000000, 0x00000006a5000000| Untracked 
| 149|0x00000006a5400000, 0x00000006a5800000, 0x00000006a5800000|100%|HS|  |TAMS 0x00000006a5400000, 0x00000006a5400000| Complete 
| 150|0x00000006a5800000, 0x00000006a5c00000, 0x00000006a5c00000|100%|HC|  |TAMS 0x00000006a5800000, 0x00000006a5800000| Complete 
| 151|0x00000006a5c00000, 0x00000006a6000000, 0x00000006a6000000|100%| O|  |TAMS 0x00000006a5c00000, 0x00000006a5c00000| Untracked 
| 152|0x00000006a6000000, 0x00000006a6400000, 0x00000006a6400000|100%| O|  |TAMS 0x00000006a6000000, 0x00000006a6000000| Untracked 
| 153|0x00000006a6400000, 0x00000006a6800000, 0x00000006a6800000|100%| O|  |TAMS 0x00000006a6400000, 0x00000006a6400000| Untracked 
| 154|0x00000006a6800000, 0x00000006a6c00000, 0x00000006a6c00000|100%| O|  |TAMS 0x00000006a6800000, 0x00000006a6800000| Untracked 
| 155|0x00000006a6c00000, 0x00000006a7000000, 0x00000006a7000000|100%| O|  |TAMS 0x00000006a6c00000, 0x00000006a6c00000| Untracked 
| 156|0x00000006a7000000, 0x00000006a7400000, 0x00000006a7400000|100%| O|  |TAMS 0x00000006a7000000, 0x00000006a7000000| Untracked 
| 157|0x00000006a7400000, 0x00000006a7800000, 0x00000006a7800000|100%| O|  |TAMS 0x00000006a7400000, 0x00000006a7400000| Untracked 
| 158|0x00000006a7800000, 0x00000006a7c00000, 0x00000006a7c00000|100%| O|  |TAMS 0x00000006a7800000, 0x00000006a7800000| Untracked 
| 159|0x00000006a7c00000, 0x00000006a8000000, 0x00000006a8000000|100%| O|  |TAMS 0x00000006a7c00000, 0x00000006a7c00000| Untracked 
| 160|0x00000006a8000000, 0x00000006a8400000, 0x00000006a8400000|100%| O|  |TAMS 0x00000006a8000000, 0x00000006a8000000| Untracked 
| 161|0x00000006a8400000, 0x00000006a8800000, 0x00000006a8800000|100%| O|  |TAMS 0x00000006a8400000, 0x00000006a8400000| Untracked 
| 162|0x00000006a8800000, 0x00000006a8c00000, 0x00000006a8c00000|100%| O|  |TAMS 0x00000006a8800000, 0x00000006a8800000| Untracked 
| 163|0x00000006a8c00000, 0x00000006a9000000, 0x00000006a9000000|100%| O|  |TAMS 0x00000006a8c00000, 0x00000006a8c00000| Untracked 
| 164|0x00000006a9000000, 0x00000006a9400000, 0x00000006a9400000|100%| O|  |TAMS 0x00000006a9000000, 0x00000006a9000000| Untracked 
| 165|0x00000006a9400000, 0x00000006a9800000, 0x00000006a9800000|100%| O|  |TAMS 0x00000006a9400000, 0x00000006a9400000| Untracked 
| 166|0x00000006a9800000, 0x00000006a9c00000, 0x00000006a9c00000|100%| O|  |TAMS 0x00000006a9800000, 0x00000006a9800000| Untracked 
| 167|0x00000006a9c00000, 0x00000006aa000000, 0x00000006aa000000|100%| O|  |TAMS 0x00000006a9c00000, 0x00000006a9c00000| Untracked 
| 168|0x00000006aa000000, 0x00000006aa400000, 0x00000006aa400000|100%| O|  |TAMS 0x00000006aa000000, 0x00000006aa000000| Untracked 
| 169|0x00000006aa400000, 0x00000006aa800000, 0x00000006aa800000|100%| O|  |TAMS 0x00000006aa400000, 0x00000006aa400000| Untracked 
| 170|0x00000006aa800000, 0x00000006aac00000, 0x00000006aac00000|100%| O|  |TAMS 0x00000006aa800000, 0x00000006aa800000| Untracked 
| 171|0x00000006aac00000, 0x00000006ab000000, 0x00000006ab000000|100%| O|  |TAMS 0x00000006aac00000, 0x00000006aac00000| Untracked 
| 172|0x00000006ab000000, 0x00000006ab400000, 0x00000006ab400000|100%| O|  |TAMS 0x00000006ab000000, 0x00000006ab000000| Untracked 
| 173|0x00000006ab400000, 0x00000006ab800000, 0x00000006ab800000|100%| O|  |TAMS 0x00000006ab400000, 0x00000006ab400000| Untracked 
| 174|0x00000006ab800000, 0x00000006abc00000, 0x00000006abc00000|100%| O|  |TAMS 0x00000006ab800000, 0x00000006ab800000| Untracked 
| 175|0x00000006abc00000, 0x00000006ac000000, 0x00000006ac000000|100%| O|  |TAMS 0x00000006abc00000, 0x00000006abc00000| Untracked 
| 176|0x00000006ac000000, 0x00000006ac400000, 0x00000006ac400000|100%| O|  |TAMS 0x00000006ac000000, 0x00000006ac000000| Untracked 
| 177|0x00000006ac400000, 0x00000006ac800000, 0x00000006ac800000|100%| O|  |TAMS 0x00000006ac400000, 0x00000006ac400000| Untracked 
| 178|0x00000006ac800000, 0x00000006acc00000, 0x00000006acc00000|100%| O|  |TAMS 0x00000006ac800000, 0x00000006ac800000| Untracked 
| 179|0x00000006acc00000, 0x00000006ad000000, 0x00000006ad000000|100%| O|  |TAMS 0x00000006acc00000, 0x00000006acc00000| Untracked 
| 180|0x00000006ad000000, 0x00000006ad400000, 0x00000006ad400000|100%| O|  |TAMS 0x00000006ad000000, 0x00000006ad000000| Untracked 
| 181|0x00000006ad400000, 0x00000006ad800000, 0x00000006ad800000|100%| O|  |TAMS 0x00000006ad400000, 0x00000006ad400000| Untracked 
| 182|0x00000006ad800000, 0x00000006adc00000, 0x00000006adc00000|100%| O|  |TAMS 0x00000006ad800000, 0x00000006ad800000| Untracked 
| 183|0x00000006adc00000, 0x00000006ae000000, 0x00000006ae000000|100%| O|  |TAMS 0x00000006adc00000, 0x00000006adc00000| Untracked 
| 184|0x00000006ae000000, 0x00000006ae400000, 0x00000006ae400000|100%| O|  |TAMS 0x00000006ae000000, 0x00000006ae000000| Untracked 
| 185|0x00000006ae400000, 0x00000006ae800000, 0x00000006ae800000|100%| O|  |TAMS 0x00000006ae400000, 0x00000006ae400000| Untracked 
| 186|0x00000006ae800000, 0x00000006aeaf15e0, 0x00000006aec00000| 73%| O|  |TAMS 0x00000006ae800000, 0x00000006ae800000| Untracked 
| 187|0x00000006aec00000, 0x00000006aec00000, 0x00000006af000000|  0%| F|  |TAMS 0x00000006aec00000, 0x00000006aec00000| Untracked 
| 188|0x00000006af000000, 0x00000006af000000, 0x00000006af400000|  0%| F|  |TAMS 0x00000006af000000, 0x00000006af000000| Untracked 
| 189|0x00000006af400000, 0x00000006af400000, 0x00000006af800000|  0%| F|  |TAMS 0x00000006af400000, 0x00000006af400000| Untracked 
| 190|0x00000006af800000, 0x00000006af800000, 0x00000006afc00000|  0%| F|  |TAMS 0x00000006af800000, 0x00000006af800000| Untracked 
| 191|0x00000006afc00000, 0x00000006afc00000, 0x00000006b0000000|  0%| F|  |TAMS 0x00000006afc00000, 0x00000006afc00000| Untracked 
| 192|0x00000006b0000000, 0x00000006b0000000, 0x00000006b0400000|  0%| F|  |TAMS 0x00000006b0000000, 0x00000006b0000000| Untracked 
| 193|0x00000006b0400000, 0x00000006b0400000, 0x00000006b0800000|  0%| F|  |TAMS 0x00000006b0400000, 0x00000006b0400000| Untracked 
| 194|0x00000006b0800000, 0x00000006b0800000, 0x00000006b0c00000|  0%| F|  |TAMS 0x00000006b0800000, 0x00000006b0800000| Untracked 
| 195|0x00000006b0c00000, 0x00000006b0c00000, 0x00000006b1000000|  0%| F|  |TAMS 0x00000006b0c00000, 0x00000006b0c00000| Untracked 
| 196|0x00000006b1000000, 0x00000006b1000000, 0x00000006b1400000|  0%| F|  |TAMS 0x00000006b1000000, 0x00000006b1000000| Untracked 
| 197|0x00000006b1400000, 0x00000006b1400000, 0x00000006b1800000|  0%| F|  |TAMS 0x00000006b1400000, 0x00000006b1400000| Untracked 
| 198|0x00000006b1800000, 0x00000006b1800000, 0x00000006b1c00000|  0%| F|  |TAMS 0x00000006b1800000, 0x00000006b1800000| Untracked 
| 199|0x00000006b1c00000, 0x00000006b1c00000, 0x00000006b2000000|  0%| F|  |TAMS 0x00000006b1c00000, 0x00000006b1c00000| Untracked 
| 200|0x00000006b2000000, 0x00000006b2000000, 0x00000006b2400000|  0%| F|  |TAMS 0x00000006b2000000, 0x00000006b2000000| Untracked 
| 201|0x00000006b2400000, 0x00000006b2400000, 0x00000006b2800000|  0%| F|  |TAMS 0x00000006b2400000, 0x00000006b2400000| Untracked 
| 202|0x00000006b2800000, 0x00000006b2800000, 0x00000006b2c00000|  0%| F|  |TAMS 0x00000006b2800000, 0x00000006b2800000| Untracked 
| 203|0x00000006b2c00000, 0x00000006b2c00000, 0x00000006b3000000|  0%| F|  |TAMS 0x00000006b2c00000, 0x00000006b2c00000| Untracked 
| 204|0x00000006b3000000, 0x00000006b3000000, 0x00000006b3400000|  0%| F|  |TAMS 0x00000006b3000000, 0x00000006b3000000| Untracked 
| 205|0x00000006b3400000, 0x00000006b3400000, 0x00000006b3800000|  0%| F|  |TAMS 0x00000006b3400000, 0x00000006b3400000| Untracked 
| 206|0x00000006b3800000, 0x00000006b3800000, 0x00000006b3c00000|  0%| F|  |TAMS 0x00000006b3800000, 0x00000006b3800000| Untracked 
| 207|0x00000006b3c00000, 0x00000006b3c00000, 0x00000006b4000000|  0%| F|  |TAMS 0x00000006b3c00000, 0x00000006b3c00000| Untracked 
| 208|0x00000006b4000000, 0x00000006b4000000, 0x00000006b4400000|  0%| F|  |TAMS 0x00000006b4000000, 0x00000006b4000000| Untracked 
| 209|0x00000006b4400000, 0x00000006b4400000, 0x00000006b4800000|  0%| F|  |TAMS 0x00000006b4400000, 0x00000006b4400000| Untracked 
| 210|0x00000006b4800000, 0x00000006b4800000, 0x00000006b4c00000|  0%| F|  |TAMS 0x00000006b4800000, 0x00000006b4800000| Untracked 
| 211|0x00000006b4c00000, 0x00000006b4c00000, 0x00000006b5000000|  0%| F|  |TAMS 0x00000006b4c00000, 0x00000006b4c00000| Untracked 
| 212|0x00000006b5000000, 0x00000006b5000000, 0x00000006b5400000|  0%| F|  |TAMS 0x00000006b5000000, 0x00000006b5000000| Untracked 
| 213|0x00000006b5400000, 0x00000006b5400000, 0x00000006b5800000|  0%| F|  |TAMS 0x00000006b5400000, 0x00000006b5400000| Untracked 
| 214|0x00000006b5800000, 0x00000006b5800000, 0x00000006b5c00000|  0%| F|  |TAMS 0x00000006b5800000, 0x00000006b5800000| Untracked 
| 215|0x00000006b5c00000, 0x00000006b5c00000, 0x00000006b6000000|  0%| F|  |TAMS 0x00000006b5c00000, 0x00000006b5c00000| Untracked 
| 216|0x00000006b6000000, 0x00000006b6000000, 0x00000006b6400000|  0%| F|  |TAMS 0x00000006b6000000, 0x00000006b6000000| Untracked 
| 217|0x00000006b6400000, 0x00000006b6400000, 0x00000006b6800000|  0%| F|  |TAMS 0x00000006b6400000, 0x00000006b6400000| Untracked 
| 218|0x00000006b6800000, 0x00000006b6800000, 0x00000006b6c00000|  0%| F|  |TAMS 0x00000006b6800000, 0x00000006b6800000| Untracked 
| 219|0x00000006b6c00000, 0x00000006b6c00000, 0x00000006b7000000|  0%| F|  |TAMS 0x00000006b6c00000, 0x00000006b6c00000| Untracked 
| 220|0x00000006b7000000, 0x00000006b7000000, 0x00000006b7400000|  0%| F|  |TAMS 0x00000006b7000000, 0x00000006b7000000| Untracked 
| 221|0x00000006b7400000, 0x00000006b7400000, 0x00000006b7800000|  0%| F|  |TAMS 0x00000006b7400000, 0x00000006b7400000| Untracked 
| 222|0x00000006b7800000, 0x00000006b7800000, 0x00000006b7c00000|  0%| F|  |TAMS 0x00000006b7800000, 0x00000006b7800000| Untracked 
| 223|0x00000006b7c00000, 0x00000006b7c00000, 0x00000006b8000000|  0%| F|  |TAMS 0x00000006b7c00000, 0x00000006b7c00000| Untracked 
| 224|0x00000006b8000000, 0x00000006b8400000, 0x00000006b8400000|100%| S|  |TAMS 0x00000006b8000000, 0x00000006b8000000| Complete 
| 225|0x00000006b8400000, 0x00000006b853aa78, 0x00000006b8800000| 30%| E|CS|TAMS 0x00000006b8400000, 0x00000006b8400000| Complete 
| 226|0x00000006b8800000, 0x00000006b8c00000, 0x00000006b8c00000|100%| E|CS|TAMS 0x00000006b8800000, 0x00000006b8800000| Complete 
| 227|0x00000006b8c00000, 0x00000006b9000000, 0x00000006b9000000|100%| E|CS|TAMS 0x00000006b8c00000, 0x00000006b8c00000| Complete 
| 228|0x00000006b9000000, 0x00000006b9400000, 0x00000006b9400000|100%| E|CS|TAMS 0x00000006b9000000, 0x00000006b9000000| Complete 
| 229|0x00000006b9400000, 0x00000006b9800000, 0x00000006b9800000|100%| E|CS|TAMS 0x00000006b9400000, 0x00000006b9400000| Complete 
| 230|0x00000006b9800000, 0x00000006b9c00000, 0x00000006b9c00000|100%| E|CS|TAMS 0x00000006b9800000, 0x00000006b9800000| Complete 
| 231|0x00000006b9c00000, 0x00000006ba000000, 0x00000006ba000000|100%| E|CS|TAMS 0x00000006b9c00000, 0x00000006b9c00000| Complete 
| 232|0x00000006ba000000, 0x00000006ba400000, 0x00000006ba400000|100%| E|CS|TAMS 0x00000006ba000000, 0x00000006ba000000| Complete 
| 233|0x00000006ba400000, 0x00000006ba800000, 0x00000006ba800000|100%| E|CS|TAMS 0x00000006ba400000, 0x00000006ba400000| Complete 
| 234|0x00000006ba800000, 0x00000006bac00000, 0x00000006bac00000|100%| E|CS|TAMS 0x00000006ba800000, 0x00000006ba800000| Complete 
| 235|0x00000006bac00000, 0x00000006bb000000, 0x00000006bb000000|100%| S|  |TAMS 0x00000006bac00000, 0x00000006bac00000| Complete 
| 236|0x00000006bb000000, 0x00000006bb400000, 0x00000006bb400000|100%| S|  |TAMS 0x00000006bb000000, 0x00000006bb000000| Complete 
| 237|0x00000006bb400000, 0x00000006bb800000, 0x00000006bb800000|100%| S|  |TAMS 0x00000006bb400000, 0x00000006bb400000| Complete 
| 238|0x00000006bb800000, 0x00000006bbc00000, 0x00000006bbc00000|100%| S|  |TAMS 0x00000006bb800000, 0x00000006bb800000| Complete 
| 239|0x00000006bbc00000, 0x00000006bc000000, 0x00000006bc000000|100%| S|  |TAMS 0x00000006bbc00000, 0x00000006bbc00000| Complete 
| 240|0x00000006bc000000, 0x00000006bc400000, 0x00000006bc400000|100%| S|  |TAMS 0x00000006bc000000, 0x00000006bc000000| Complete 
| 241|0x00000006bc400000, 0x00000006bc800000, 0x00000006bc800000|100%| S|  |TAMS 0x00000006bc400000, 0x00000006bc400000| Complete 
| 242|0x00000006bc800000, 0x00000006bcc00000, 0x00000006bcc00000|100%| S|  |TAMS 0x00000006bc800000, 0x00000006bc800000| Complete 
| 243|0x00000006bcc00000, 0x00000006bd000000, 0x00000006bd000000|100%| S|  |TAMS 0x00000006bcc00000, 0x00000006bcc00000| Complete 
| 244|0x00000006bd000000, 0x00000006bd352450, 0x00000006bd400000| 83%| E|CS|TAMS 0x00000006bd000000, 0x00000006bd000000| Complete 
| 245|0x00000006bd400000, 0x00000006bd800000, 0x00000006bd800000|100%| E|CS|TAMS 0x00000006bd400000, 0x00000006bd400000| Complete 
| 246|0x00000006bd800000, 0x00000006bdc00000, 0x00000006bdc00000|100%| E|CS|TAMS 0x00000006bd800000, 0x00000006bd800000| Complete 
| 247|0x00000006bdc00000, 0x00000006be000000, 0x00000006be000000|100%| E|CS|TAMS 0x00000006bdc00000, 0x00000006bdc00000| Complete 
| 248|0x00000006be000000, 0x00000006be400000, 0x00000006be400000|100%| E|CS|TAMS 0x00000006be000000, 0x00000006be000000| Complete 
| 249|0x00000006be400000, 0x00000006be800000, 0x00000006be800000|100%| E|CS|TAMS 0x00000006be400000, 0x00000006be400000| Complete 
| 250|0x00000006be800000, 0x00000006bec00000, 0x00000006bec00000|100%| E|CS|TAMS 0x00000006be800000, 0x00000006be800000| Complete 
| 251|0x00000006bec00000, 0x00000006bf000000, 0x00000006bf000000|100%| E|CS|TAMS 0x00000006bec00000, 0x00000006bec00000| Complete 
| 252|0x00000006bf000000, 0x00000006bf400000, 0x00000006bf400000|100%| E|CS|TAMS 0x00000006bf000000, 0x00000006bf000000| Complete 
| 253|0x00000006bf400000, 0x00000006bf800000, 0x00000006bf800000|100%| E|CS|TAMS 0x00000006bf400000, 0x00000006bf400000| Complete 
| 254|0x00000006bf800000, 0x00000006bfc00000, 0x00000006bfc00000|100%| E|CS|TAMS 0x00000006bf800000, 0x00000006bf800000| Complete 
| 255|0x00000006bfc00000, 0x00000006c0000000, 0x00000006c0000000|100%| E|CS|TAMS 0x00000006bfc00000, 0x00000006bfc00000| Complete 
| 256|0x00000006c0000000, 0x00000006c0400000, 0x00000006c0400000|100%| E|CS|TAMS 0x00000006c0000000, 0x00000006c0000000| Complete 
| 257|0x00000006c0400000, 0x00000006c0800000, 0x00000006c0800000|100%| E|CS|TAMS 0x00000006c0400000, 0x00000006c0400000| Complete 
| 258|0x00000006c0800000, 0x00000006c0c00000, 0x00000006c0c00000|100%| E|CS|TAMS 0x00000006c0800000, 0x00000006c0800000| Complete 
| 259|0x00000006c0c00000, 0x00000006c1000000, 0x00000006c1000000|100%| E|CS|TAMS 0x00000006c0c00000, 0x00000006c0c00000| Complete 
| 260|0x00000006c1000000, 0x00000006c1400000, 0x00000006c1400000|100%| E|CS|TAMS 0x00000006c1000000, 0x00000006c1000000| Complete 
| 261|0x00000006c1400000, 0x00000006c1800000, 0x00000006c1800000|100%| E|CS|TAMS 0x00000006c1400000, 0x00000006c1400000| Complete 
| 262|0x00000006c1800000, 0x00000006c1c00000, 0x00000006c1c00000|100%| E|CS|TAMS 0x00000006c1800000, 0x00000006c1800000| Complete 
| 263|0x00000006c1c00000, 0x00000006c2000000, 0x00000006c2000000|100%| E|CS|TAMS 0x00000006c1c00000, 0x00000006c1c00000| Complete 
| 264|0x00000006c2000000, 0x00000006c2400000, 0x00000006c2400000|100%| E|CS|TAMS 0x00000006c2000000, 0x00000006c2000000| Complete 
| 265|0x00000006c2400000, 0x00000006c2800000, 0x00000006c2800000|100%| E|CS|TAMS 0x00000006c2400000, 0x00000006c2400000| Complete 
| 266|0x00000006c2800000, 0x00000006c2c00000, 0x00000006c2c00000|100%| E|CS|TAMS 0x00000006c2800000, 0x00000006c2800000| Complete 
| 267|0x00000006c2c00000, 0x00000006c3000000, 0x00000006c3000000|100%| E|CS|TAMS 0x00000006c2c00000, 0x00000006c2c00000| Complete 
| 268|0x00000006c3000000, 0x00000006c3400000, 0x00000006c3400000|100%| E|CS|TAMS 0x00000006c3000000, 0x00000006c3000000| Complete 
| 269|0x00000006c3400000, 0x00000006c3800000, 0x00000006c3800000|100%| E|CS|TAMS 0x00000006c3400000, 0x00000006c3400000| Complete 
| 270|0x00000006c3800000, 0x00000006c3c00000, 0x00000006c3c00000|100%| E|CS|TAMS 0x00000006c3800000, 0x00000006c3800000| Complete 
| 271|0x00000006c3c00000, 0x00000006c4000000, 0x00000006c4000000|100%| E|CS|TAMS 0x00000006c3c00000, 0x00000006c3c00000| Complete 
| 272|0x00000006c4000000, 0x00000006c4400000, 0x00000006c4400000|100%| E|CS|TAMS 0x00000006c4000000, 0x00000006c4000000| Complete 
| 273|0x00000006c4400000, 0x00000006c4800000, 0x00000006c4800000|100%| E|CS|TAMS 0x00000006c4400000, 0x00000006c4400000| Complete 
| 274|0x00000006c4800000, 0x00000006c4c00000, 0x00000006c4c00000|100%| E|CS|TAMS 0x00000006c4800000, 0x00000006c4800000| Complete 
| 275|0x00000006c4c00000, 0x00000006c5000000, 0x00000006c5000000|100%| E|CS|TAMS 0x00000006c4c00000, 0x00000006c4c00000| Complete 
| 276|0x00000006c5000000, 0x00000006c5400000, 0x00000006c5400000|100%| E|CS|TAMS 0x00000006c5000000, 0x00000006c5000000| Complete 
| 277|0x00000006c5400000, 0x00000006c5800000, 0x00000006c5800000|100%| E|CS|TAMS 0x00000006c5400000, 0x00000006c5400000| Complete 
| 278|0x00000006c5800000, 0x00000006c5c00000, 0x00000006c5c00000|100%| E|CS|TAMS 0x00000006c5800000, 0x00000006c5800000| Complete 
| 279|0x00000006c5c00000, 0x00000006c6000000, 0x00000006c6000000|100%| E|CS|TAMS 0x00000006c5c00000, 0x00000006c5c00000| Complete 
| 280|0x00000006c6000000, 0x00000006c6400000, 0x00000006c6400000|100%| E|CS|TAMS 0x00000006c6000000, 0x00000006c6000000| Complete 
| 281|0x00000006c6400000, 0x00000006c6800000, 0x00000006c6800000|100%| E|CS|TAMS 0x00000006c6400000, 0x00000006c6400000| Complete 
| 282|0x00000006c6800000, 0x00000006c6c00000, 0x00000006c6c00000|100%| E|CS|TAMS 0x00000006c6800000, 0x00000006c6800000| Complete 
| 283|0x00000006c6c00000, 0x00000006c7000000, 0x00000006c7000000|100%| E|CS|TAMS 0x00000006c6c00000, 0x00000006c6c00000| Complete 
| 284|0x00000006c7000000, 0x00000006c7400000, 0x00000006c7400000|100%| E|CS|TAMS 0x00000006c7000000, 0x00000006c7000000| Complete 
| 285|0x00000006c7400000, 0x00000006c7800000, 0x00000006c7800000|100%| E|CS|TAMS 0x00000006c7400000, 0x00000006c7400000| Complete 
| 286|0x00000006c7800000, 0x00000006c7c00000, 0x00000006c7c00000|100%| E|CS|TAMS 0x00000006c7800000, 0x00000006c7800000| Complete 
| 287|0x00000006c7c00000, 0x00000006c8000000, 0x00000006c8000000|100%| E|CS|TAMS 0x00000006c7c00000, 0x00000006c7c00000| Complete 
| 288|0x00000006c8000000, 0x00000006c8400000, 0x00000006c8400000|100%| E|CS|TAMS 0x00000006c8000000, 0x00000006c8000000| Complete 
| 289|0x00000006c8400000, 0x00000006c8800000, 0x00000006c8800000|100%| E|CS|TAMS 0x00000006c8400000, 0x00000006c8400000| Complete 
| 290|0x00000006c8800000, 0x00000006c8c00000, 0x00000006c8c00000|100%| E|CS|TAMS 0x00000006c8800000, 0x00000006c8800000| Complete 
| 291|0x00000006c8c00000, 0x00000006c9000000, 0x00000006c9000000|100%| E|CS|TAMS 0x00000006c8c00000, 0x00000006c8c00000| Complete 
| 292|0x00000006c9000000, 0x00000006c9400000, 0x00000006c9400000|100%| E|CS|TAMS 0x00000006c9000000, 0x00000006c9000000| Complete 
| 293|0x00000006c9400000, 0x00000006c9800000, 0x00000006c9800000|100%| E|CS|TAMS 0x00000006c9400000, 0x00000006c9400000| Complete 
| 294|0x00000006c9800000, 0x00000006c9c00000, 0x00000006c9c00000|100%| E|CS|TAMS 0x00000006c9800000, 0x00000006c9800000| Complete 
| 295|0x00000006c9c00000, 0x00000006ca000000, 0x00000006ca000000|100%| E|CS|TAMS 0x00000006c9c00000, 0x00000006c9c00000| Complete 
| 296|0x00000006ca000000, 0x00000006ca400000, 0x00000006ca400000|100%| E|CS|TAMS 0x00000006ca000000, 0x00000006ca000000| Complete 
| 297|0x00000006ca400000, 0x00000006ca800000, 0x00000006ca800000|100%| E|CS|TAMS 0x00000006ca400000, 0x00000006ca400000| Complete 
| 298|0x00000006ca800000, 0x00000006cac00000, 0x00000006cac00000|100%| E|CS|TAMS 0x00000006ca800000, 0x00000006ca800000| Complete 
| 299|0x00000006cac00000, 0x00000006cb000000, 0x00000006cb000000|100%| E|CS|TAMS 0x00000006cac00000, 0x00000006cac00000| Complete 
| 300|0x00000006cb000000, 0x00000006cb400000, 0x00000006cb400000|100%| E|CS|TAMS 0x00000006cb000000, 0x00000006cb000000| Complete 
| 301|0x00000006cb400000, 0x00000006cb800000, 0x00000006cb800000|100%| E|CS|TAMS 0x00000006cb400000, 0x00000006cb400000| Complete 
| 302|0x00000006cb800000, 0x00000006cbc00000, 0x00000006cbc00000|100%| E|CS|TAMS 0x00000006cb800000, 0x00000006cb800000| Complete 
| 303|0x00000006cbc00000, 0x00000006cc000000, 0x00000006cc000000|100%| E|CS|TAMS 0x00000006cbc00000, 0x00000006cbc00000| Complete 
| 304|0x00000006cc000000, 0x00000006cc400000, 0x00000006cc400000|100%| E|CS|TAMS 0x00000006cc000000, 0x00000006cc000000| Complete 
| 305|0x00000006cc400000, 0x00000006cc800000, 0x00000006cc800000|100%| E|CS|TAMS 0x00000006cc400000, 0x00000006cc400000| Complete 
| 306|0x00000006cc800000, 0x00000006ccc00000, 0x00000006ccc00000|100%| E|CS|TAMS 0x00000006cc800000, 0x00000006cc800000| Complete 
| 307|0x00000006ccc00000, 0x00000006cd000000, 0x00000006cd000000|100%| E|CS|TAMS 0x00000006ccc00000, 0x00000006ccc00000| Complete 
| 308|0x00000006cd000000, 0x00000006cd400000, 0x00000006cd400000|100%| E|CS|TAMS 0x00000006cd000000, 0x00000006cd000000| Complete 
| 309|0x00000006cd400000, 0x00000006cd800000, 0x00000006cd800000|100%| E|CS|TAMS 0x00000006cd400000, 0x00000006cd400000| Complete 
| 310|0x00000006cd800000, 0x00000006cdc00000, 0x00000006cdc00000|100%| E|CS|TAMS 0x00000006cd800000, 0x00000006cd800000| Complete 
| 311|0x00000006cdc00000, 0x00000006ce000000, 0x00000006ce000000|100%| E|CS|TAMS 0x00000006cdc00000, 0x00000006cdc00000| Complete 
| 312|0x00000006ce000000, 0x00000006ce400000, 0x00000006ce400000|100%| E|CS|TAMS 0x00000006ce000000, 0x00000006ce000000| Complete 
| 313|0x00000006ce400000, 0x00000006ce800000, 0x00000006ce800000|100%| E|CS|TAMS 0x00000006ce400000, 0x00000006ce400000| Complete 
|1535|0x00000007ffc00000, 0x0000000800000000, 0x0000000800000000|100%| E|CS|TAMS 0x00000007ffc00000, 0x00000007ffc00000| Complete 

Card table byte_map: [0x000001f979a20000,0x000001f97a620000] _byte_map_base: 0x000001f976620000

Marking Bits (Prev, Next): (CMBitMap*) 0x000001f975179440, (CMBitMap*) 0x000001f975179480
 Prev Bits: [0x000001f90f000000, 0x000001f915000000)
 Next Bits: [0x000001f915000000, 0x000001f91b000000)

Polling page: 0x000001f972e10000

Metaspace:

Usage:
  Non-class:    210.76 MB used.
      Class:     32.96 MB used.
       Both:    243.71 MB used.

Virtual space:
  Non-class space:      256.00 MB reserved,     212.81 MB ( 83%) committed,  4 nodes.
      Class space:        1.00 GB reserved,      34.81 MB (  3%) committed,  1 nodes.
             Both:        1.25 GB reserved,     247.62 MB ( 19%) committed. 

Chunk freelists:
   Non-Class:  10.81 MB
       Class:  13.07 MB
        Both:  23.88 MB

MaxMetaspaceSize: unlimited
CompressedClassSpaceSize: 1.00 GB
Initial GC threshold: 21.00 MB
Current GC threshold: 301.25 MB
CDS: on
MetaspaceReclaimPolicy: balanced
 - commit_granule_bytes: 65536.
 - commit_granule_words: 8192.
 - virtual_space_node_default_size: 8388608.
 - enlarge_chunks_in_place: 1.
 - new_chunks_are_fully_committed: 0.
 - uncommit_free_chunks: 1.
 - use_allocation_guard: 0.
 - handle_deallocations: 1.


Internal statistics:

num_allocs_failed_limit: 21.
num_arena_births: 7808.
num_arena_deaths: 216.
num_vsnodes_births: 5.
num_vsnodes_deaths: 0.
num_space_committed: 3958.
num_space_uncommitted: 0.
num_chunks_returned_to_freelist: 328.
num_chunks_taken_from_freelist: 20899.
num_chunk_merges: 121.
num_chunk_splits: 12225.
num_chunks_enlarged: 6061.
num_inconsistent_stats: 0.

CodeHeap 'non-profiled nmethods': size=120000Kb used=34369Kb max_used=34419Kb free=85631Kb
 bounds [0x000001f907ad0000, 0x000001f909c70000, 0x000001f90f000000]
CodeHeap 'profiled nmethods': size=120000Kb used=81597Kb max_used=82599Kb free=38402Kb
 bounds [0x000001f900000000, 0x000001f9050b0000, 0x000001f907530000]
CodeHeap 'non-nmethods': size=5760Kb used=2673Kb max_used=2808Kb free=3087Kb
 bounds [0x000001f907530000, 0x000001f907800000, 0x000001f907ad0000]
 total_blobs=41051 nmethods=39825 adapters=1135
 compilation: enabled
              stopped_count=0, restarted_count=0
 full_count=0

Compilation events (20 events):
Event: 712.708 Thread 0x000001f97dfe0470 50374       3       com.amazon.ion.impl.bin.WriteBuffer::writeVarUIntDirect2 (62 bytes)
Event: 712.708 Thread 0x000001f97dfe0470 nmethod 50374 0x000001f9015c4490 code [0x000001f9015c4620, 0x000001f9015c47b8]
Event: 712.708 Thread 0x000001f97dfe0470 50376       3       org.jetbrains.plugins.gradle.tooling.serialization.ToolingStreamApiUtils$$Lambda$5653/0x000001f91e1ceff0::consume (12 bytes)
Event: 712.709 Thread 0x000001f97dfe0470 nmethod 50376 0x000001f90267c610 code [0x000001f90267c7c0, 0x000001f90267cae8]
Event: 712.714 Thread 0x000001f97dfe0470 50378       3       org.gradle.tooling.model.internal.ImmutableDomainObjectSet::iterator (10 bytes)
Event: 712.714 Thread 0x000001f97dfe0470 nmethod 50378 0x000001f9017b2e10 code [0x000001f9017b2fc0, 0x000001f9017b31a8]
Event: 712.717 Thread 0x000001f97dfe0470 50379       3       com.amazon.ion.impl.bin.IonRawBinaryWriter$1::newElement (12 bytes)
Event: 712.718 Thread 0x000001f97dfe0470 nmethod 50379 0x000001f900cd2390 code [0x000001f900cd2540, 0x000001f900cd27f8]
Event: 712.734 Thread 0x000001f97dfe0470 50380       3       org.jetbrains.plugins.gradle.model.AbstractExternalDependency::getDependencies (13 bytes)
Event: 712.734 Thread 0x000001f97dfe0470 nmethod 50380 0x000001f903e96310 code [0x000001f903e964c0, 0x000001f903e96648]
Event: 712.734 Thread 0x000001f97dfe0470 50381   !   3       com.intellij.gradle.toolingExtension.impl.util.GradleExecutorServiceUtil::poolPendingResult (35 bytes)
Event: 712.734 Thread 0x000001f97dfe0470 nmethod 50381 0x000001f903ed2210 code [0x000001f903ed2400, 0x000001f903ed28a8]
Event: 712.735 Thread 0x000001f97dfe0470 50382       1       com.intellij.gradle.toolingExtension.impl.modelAction.GradleDaemonModelHolder$ConvertedModel::access$300 (5 bytes)
Event: 712.735 Thread 0x000001f97dfe0470 nmethod 50382 0x000001f9084e0590 code [0x000001f9084e0720, 0x000001f9084e07d8]
Event: 712.735 Thread 0x000001f97dfe0470 50383       1       com.intellij.gradle.toolingExtension.impl.modelAction.GradleDaemonModelHolder$ConvertedModel::access$400 (5 bytes)
Event: 712.735 Thread 0x000001f97dfe0470 nmethod 50383 0x000001f9084e0290 code [0x000001f9084e0420, 0x000001f9084e04d8]
Event: 712.735 Thread 0x000001f97dfe0470 50384       3       com.intellij.gradle.toolingExtension.impl.modelAction.GradleModelId::hashCode (29 bytes)
Event: 712.735 Thread 0x000001f97dfe0470 nmethod 50384 0x000001f901638410 code [0x000001f9016385e0, 0x000001f901638ce8]
Event: 712.773 Thread 0x000001f97dfe0470 50385       2       java.util.ComparableTimSort::sort (219 bytes)
Event: 712.773 Thread 0x000001f97dfe0470 nmethod 50385 0x000001f9015cc310 code [0x000001f9015cc520, 0x000001f9015cc9b8]

GC Heap History (20 events):
Event: 592.258 GC heap after
{Heap after GC invocations=87 (full 26):
 garbage-first heap   total 917504K, used 637334K [0x0000000680000000, 0x0000000800000000)
  region size 4096K, 6 young (24576K), 6 survivors (24576K)
 Metaspace       used 230585K, committed 234304K, reserved 1310720K
  class space    used 31512K, committed 33280K, reserved 1048576K
}
Event: 593.038 GC heap before
{Heap before GC invocations=87 (full 26):
 garbage-first heap   total 917504K, used 764310K [0x0000000680000000, 0x0000000800000000)
  region size 4096K, 38 young (155648K), 6 survivors (24576K)
 Metaspace       used 233196K, committed 236928K, reserved 1310720K
  class space    used 31841K, committed 33600K, reserved 1048576K
}
Event: 593.063 GC heap after
{Heap after GC invocations=88 (full 26):
 garbage-first heap   total 917504K, used 662156K [0x0000000680000000, 0x0000000800000000)
  region size 4096K, 5 young (20480K), 5 survivors (20480K)
 Metaspace       used 233196K, committed 236928K, reserved 1310720K
  class space    used 31841K, committed 33600K, reserved 1048576K
}
Event: 593.690 GC heap before
{Heap before GC invocations=88 (full 26):
 garbage-first heap   total 917504K, used 760460K [0x0000000680000000, 0x0000000800000000)
  region size 4096K, 30 young (122880K), 5 survivors (20480K)
 Metaspace       used 234091K, committed 237824K, reserved 1310720K
  class space    used 31949K, committed 33728K, reserved 1048576K
}
Event: 593.709 GC heap after
{Heap after GC invocations=89 (full 26):
 garbage-first heap   total 917504K, used 675534K [0x0000000680000000, 0x0000000800000000)
  region size 4096K, 3 young (12288K), 3 survivors (12288K)
 Metaspace       used 234091K, committed 237824K, reserved 1310720K
  class space    used 31949K, committed 33728K, reserved 1048576K
}
Event: 601.199 GC heap before
{Heap before GC invocations=89 (full 26):
 garbage-first heap   total 917504K, used 765646K [0x0000000680000000, 0x0000000800000000)
  region size 4096K, 26 young (106496K), 3 survivors (12288K)
 Metaspace       used 234268K, committed 238016K, reserved 1310720K
  class space    used 31970K, committed 33792K, reserved 1048576K
}
Event: 601.216 GC heap after
{Heap after GC invocations=90 (full 26):
 garbage-first heap   total 917504K, used 687066K [0x0000000680000000, 0x0000000800000000)
  region size 4096K, 3 young (12288K), 3 survivors (12288K)
 Metaspace       used 234268K, committed 238016K, reserved 1310720K
  class space    used 31970K, committed 33792K, reserved 1048576K
}
Event: 601.629 GC heap before
{Heap before GC invocations=90 (full 26):
 garbage-first heap   total 917504K, used 773082K [0x0000000680000000, 0x0000000800000000)
  region size 4096K, 24 young (98304K), 3 survivors (12288K)
 Metaspace       used 234341K, committed 238144K, reserved 1310720K
  class space    used 31972K, committed 33792K, reserved 1048576K
}
Event: 601.644 GC heap after
{Heap after GC invocations=91 (full 26):
 garbage-first heap   total 917504K, used 705630K [0x0000000680000000, 0x0000000800000000)
  region size 4096K, 3 young (12288K), 3 survivors (12288K)
 Metaspace       used 234341K, committed 238144K, reserved 1310720K
  class space    used 31972K, committed 33792K, reserved 1048576K
}
Event: 601.966 GC heap before
{Heap before GC invocations=91 (full 26):
 garbage-first heap   total 917504K, used 775262K [0x0000000680000000, 0x0000000800000000)
  region size 4096K, 20 young (81920K), 3 survivors (12288K)
 Metaspace       used 234443K, committed 238208K, reserved 1310720K
  class space    used 31980K, committed 33792K, reserved 1048576K
}
Event: 601.983 GC heap after
{Heap after GC invocations=92 (full 26):
 garbage-first heap   total 917504K, used 719314K [0x0000000680000000, 0x0000000800000000)
  region size 4096K, 3 young (12288K), 3 survivors (12288K)
 Metaspace       used 234443K, committed 238208K, reserved 1310720K
  class space    used 31980K, committed 33792K, reserved 1048576K
}
Event: 602.068 GC heap before
{Heap before GC invocations=92 (full 26):
 garbage-first heap   total 917504K, used 776658K [0x0000000680000000, 0x0000000800000000)
  region size 4096K, 18 young (73728K), 3 survivors (12288K)
 Metaspace       used 234477K, committed 238272K, reserved 1310720K
  class space    used 31982K, committed 33792K, reserved 1048576K
}
Event: 602.077 GC heap after
{Heap after GC invocations=93 (full 26):
 garbage-first heap   total 917504K, used 724291K [0x0000000680000000, 0x0000000800000000)
  region size 4096K, 2 young (8192K), 2 survivors (8192K)
 Metaspace       used 234477K, committed 238272K, reserved 1310720K
  class space    used 31982K, committed 33792K, reserved 1048576K
}
Event: 602.148 GC heap before
{Heap before GC invocations=93 (full 26):
 garbage-first heap   total 917504K, used 781635K [0x0000000680000000, 0x0000000800000000)
  region size 4096K, 16 young (65536K), 2 survivors (8192K)
 Metaspace       used 234479K, committed 238272K, reserved 1310720K
  class space    used 31983K, committed 33792K, reserved 1048576K
}
Event: 602.154 GC heap after
{Heap after GC invocations=94 (full 26):
 garbage-first heap   total 1290240K, used 723979K [0x0000000680000000, 0x0000000800000000)
  region size 4096K, 2 young (8192K), 2 survivors (8192K)
 Metaspace       used 234479K, committed 238272K, reserved 1310720K
  class space    used 31983K, committed 33792K, reserved 1048576K
}
Event: 609.856 GC heap before
{Heap before GC invocations=94 (full 26):
 garbage-first heap   total 1290240K, used 1022987K [0x0000000680000000, 0x0000000800000000)
  region size 4096K, 76 young (311296K), 2 survivors (8192K)
 Metaspace       used 235443K, committed 239232K, reserved 1310720K
  class space    used 32038K, committed 33856K, reserved 1048576K
}
Event: 609.868 GC heap after
{Heap after GC invocations=95 (full 26):
 garbage-first heap   total 1290240K, used 735360K [0x0000000680000000, 0x0000000800000000)
  region size 4096K, 4 young (16384K), 4 survivors (16384K)
 Metaspace       used 235443K, committed 239232K, reserved 1310720K
  class space    used 32038K, committed 33856K, reserved 1048576K
}
Event: 711.068 GC heap before
{Heap before GC invocations=95 (full 26):
 garbage-first heap   total 1290240K, used 1042560K [0x0000000680000000, 0x0000000800000000)
  region size 4096K, 80 young (327680K), 4 survivors (16384K)
 Metaspace       used 239241K, committed 243136K, reserved 1310720K
  class space    used 32500K, committed 34368K, reserved 1048576K
}
Event: 711.088 GC heap after
{Heap after GC invocations=96 (full 26):
 garbage-first heap   total 1290240K, used 757634K [0x0000000680000000, 0x0000000800000000)
  region size 4096K, 10 young (40960K), 10 survivors (40960K)
 Metaspace       used 239241K, committed 243136K, reserved 1310720K
  class space    used 32500K, committed 34368K, reserved 1048576K
}
Event: 712.798 GC heap before
{Heap before GC invocations=96 (full 26):
 garbage-first heap   total 1290240K, used 1044354K [0x0000000680000000, 0x0000000800000000)
  region size 4096K, 81 young (331776K), 10 survivors (40960K)
 Metaspace       used 249564K, committed 253568K, reserved 1310720K
  class space    used 33750K, committed 35648K, reserved 1048576K
}

Dll operation events (4 events):
Event: 0.012 Loaded shared library C:\Users\Xlythe\.jdks\jbr-17.0.14\bin\java.dll
Event: 0.031 Loaded shared library C:\Users\Xlythe\.jdks\jbr-17.0.14\bin\jsvml.dll
Event: 0.073 Loaded shared library C:\Users\Xlythe\.jdks\jbr-17.0.14\bin\zip.dll
Event: 0.343 Loaded shared library C:\Users\Xlythe\.jdks\jbr-17.0.14\bin\verify.dll

Deoptimization events (20 events):
Event: 712.628 Thread 0x000001f96ef9e3a0 Uncommon trap: trap_request=0xffffffde fr.pc=0x000001f9089fac88 relative=0x0000000000001248
Event: 712.628 Thread 0x000001f96ef9e3a0 Uncommon trap: reason=class_check action=maybe_recompile pc=0x000001f9089fac88 method=org.gradle.tooling.internal.adapter.ProtocolToModelAdapter.createView(Ljava/lang/Class;Ljava/lang/Object;Lorg/gradle/tooling/internal/adapter/ProtocolToModelAdapter$View
Event: 712.628 Thread 0x000001f96ef9e3a0 DEOPT PACKING pc=0x000001f9089fac88 sp=0x000000af046fdff0
Event: 712.628 Thread 0x000001f96ef9e3a0 DEOPT UNPACKING pc=0x000001f9075869a3 sp=0x000000af046fdfc8 mode 2
Event: 712.630 Thread 0x000001f96ef9e3a0 Uncommon trap: trap_request=0xffffffde fr.pc=0x000001f9089fac88 relative=0x0000000000001248
Event: 712.630 Thread 0x000001f96ef9e3a0 Uncommon trap: reason=class_check action=maybe_recompile pc=0x000001f9089fac88 method=org.gradle.tooling.internal.adapter.ProtocolToModelAdapter.createView(Ljava/lang/Class;Ljava/lang/Object;Lorg/gradle/tooling/internal/adapter/ProtocolToModelAdapter$View
Event: 712.630 Thread 0x000001f96ef9e3a0 DEOPT PACKING pc=0x000001f9089fac88 sp=0x000000af046fdff0
Event: 712.630 Thread 0x000001f96ef9e3a0 DEOPT UNPACKING pc=0x000001f9075869a3 sp=0x000000af046fdfc8 mode 2
Event: 712.657 Thread 0x000001f96ef9e3a0 Uncommon trap: trap_request=0xffffff45 fr.pc=0x000001f907f64288 relative=0x00000000000000e8
Event: 712.657 Thread 0x000001f96ef9e3a0 Uncommon trap: reason=unstable_if action=reinterpret pc=0x000001f907f64288 method=com.amazon.ion.impl.bin.WriteBuffer.writeByte(B)V @ 5 c2
Event: 712.657 Thread 0x000001f96ef9e3a0 DEOPT PACKING pc=0x000001f907f64288 sp=0x000000af046fdaf0
Event: 712.657 Thread 0x000001f96ef9e3a0 DEOPT UNPACKING pc=0x000001f9075869a3 sp=0x000000af046fd990 mode 2
Event: 712.742 Thread 0x000001f96efa1130 Uncommon trap: trap_request=0xffffffc6 fr.pc=0x000001f9095a8e5c relative=0x000000000000327c
Event: 712.742 Thread 0x000001f96efa1130 Uncommon trap: reason=bimorphic_or_optimized_type_check action=maybe_recompile pc=0x000001f9095a8e5c method=com.google.common.cache.LocalCache$Segment.setValue(Lcom/google/common/cache/ReferenceEntry;Ljava/lang/Object;Ljava/lang/Object;J)V @ 51 c2
Event: 712.743 Thread 0x000001f96efa1130 DEOPT PACKING pc=0x000001f9095a8e5c sp=0x000000af008fba10
Event: 712.743 Thread 0x000001f96efa1130 DEOPT UNPACKING pc=0x000001f9075869a3 sp=0x000000af008fb928 mode 2
Event: 712.747 Thread 0x000001f96efa1130 Uncommon trap: trap_request=0xffffffd6 fr.pc=0x000001f9091822fc relative=0x00000000000016dc
Event: 712.747 Thread 0x000001f96efa1130 Uncommon trap: reason=array_check action=maybe_recompile pc=0x000001f9091822fc method=java.util.ComparableTimSort.mergeHi(IIII)V @ 245 c2
Event: 712.747 Thread 0x000001f96efa1130 DEOPT PACKING pc=0x000001f9091822fc sp=0x000000af008fb7a0
Event: 712.747 Thread 0x000001f96efa1130 DEOPT UNPACKING pc=0x000001f9075869a3 sp=0x000000af008fb780 mode 2

Classes loaded (20 events):
Event: 591.502 Loading class java/util/stream/SortedOps$SizedIntSortingSink
Event: 591.503 Loading class java/util/stream/SortedOps$AbstractIntSortingSink
Event: 591.503 Loading class java/util/stream/SortedOps$AbstractIntSortingSink done
Event: 591.503 Loading class java/util/stream/SortedOps$SizedIntSortingSink done
Event: 591.632 Loading class java/util/stream/ReduceOps$9
Event: 591.632 Loading class java/util/stream/ReduceOps$9 done
Event: 591.632 Loading class java/util/stream/ReduceOps$CountingSink$OfInt
Event: 591.632 Loading class java/util/stream/ReduceOps$CountingSink
Event: 591.632 Loading class java/util/stream/ReduceOps$CountingSink done
Event: 591.632 Loading class java/util/stream/ReduceOps$CountingSink$OfInt done
Event: 591.878 Loading class jdk/internal/vm/annotation/Stable
Event: 591.879 Loading class jdk/internal/vm/annotation/Stable done
Event: 591.910 Loading class java/lang/NegativeArraySizeException
Event: 591.910 Loading class java/lang/NegativeArraySizeException done
Event: 591.958 Loading class java/security/PermissionsEnumerator
Event: 591.958 Loading class java/security/PermissionsEnumerator done
Event: 591.967 Loading class java/util/stream/ReduceOps$5
Event: 591.967 Loading class java/util/stream/ReduceOps$5 done
Event: 591.967 Loading class java/util/stream/ReduceOps$CountingSink$OfRef
Event: 591.967 Loading class java/util/stream/ReduceOps$CountingSink$OfRef done

Classes unloaded (20 events):
Event: 61.695 Thread 0x000001f97d53d040 Unloading class 0x000001f91d1b0400 'java/lang/invoke/LambdaForm$MH+0x000001f91d1b0400'
Event: 61.695 Thread 0x000001f97d53d040 Unloading class 0x000001f91d1b0000 'java/lang/invoke/LambdaForm$DMH+0x000001f91d1b0000'
Event: 61.695 Thread 0x000001f97d53d040 Unloading class 0x000001f91d1af800 'java/lang/invoke/LambdaForm$DMH+0x000001f91d1af800'
Event: 61.695 Thread 0x000001f97d53d040 Unloading class 0x000001f91d1af400 'java/lang/invoke/LambdaForm$DMH+0x000001f91d1af400'
Event: 61.695 Thread 0x000001f97d53d040 Unloading class 0x000001f91d1af000 'java/lang/invoke/LambdaForm$DMH+0x000001f91d1af000'
Event: 61.695 Thread 0x000001f97d53d040 Unloading class 0x000001f91d1ae800 'java/lang/invoke/LambdaForm$DMH+0x000001f91d1ae800'
Event: 61.695 Thread 0x000001f97d53d040 Unloading class 0x000001f91d1ae400 'java/lang/invoke/LambdaForm$DMH+0x000001f91d1ae400'
Event: 61.695 Thread 0x000001f97d53d040 Unloading class 0x000001f91d1ae000 'java/lang/invoke/LambdaForm$DMH+0x000001f91d1ae000'
Event: 61.695 Thread 0x000001f97d53d040 Unloading class 0x000001f91d1adc00 'java/lang/invoke/LambdaForm$DMH+0x000001f91d1adc00'
Event: 61.695 Thread 0x000001f97d53d040 Unloading class 0x000001f91d1ad400 'java/lang/invoke/LambdaForm$DMH+0x000001f91d1ad400'
Event: 61.695 Thread 0x000001f97d53d040 Unloading class 0x000001f91d1acc00 'java/lang/invoke/LambdaForm$DMH+0x000001f91d1acc00'
Event: 61.695 Thread 0x000001f97d53d040 Unloading class 0x000001f91d1ad000 'java/lang/invoke/LambdaForm$DMH+0x000001f91d1ad000'
Event: 61.695 Thread 0x000001f97d53d040 Unloading class 0x000001f91d1ac800 'java/lang/invoke/LambdaForm$DMH+0x000001f91d1ac800'
Event: 62.478 Thread 0x000001f97d53d040 Unloading class 0x000001f91d7d8000 'java/lang/invoke/LambdaForm$DMH+0x000001f91d7d8000'
Event: 63.795 Thread 0x000001f97d53d040 Unloading class 0x000001f91d822000 'jdk/internal/reflect/GeneratedSerializationConstructorAccessor285'
Event: 65.328 Thread 0x000001f97d53d040 Unloading class 0x000001f91d8c6800 'jdk/internal/reflect/GeneratedSerializationConstructorAccessor298'
Event: 65.328 Thread 0x000001f97d53d040 Unloading class 0x000001f91d8c6000 'jdk/internal/reflect/GeneratedSerializationConstructorAccessor296'
Event: 65.328 Thread 0x000001f97d53d040 Unloading class 0x000001f91d8c5800 'jdk/internal/reflect/GeneratedSerializationConstructorAccessor294'
Event: 65.328 Thread 0x000001f97d53d040 Unloading class 0x000001f91d8c4c00 'jdk/internal/reflect/GeneratedSerializationConstructorAccessor291'
Event: 65.328 Thread 0x000001f97d53d040 Unloading class 0x000001f91d8c4800 'jdk/internal/reflect/GeneratedSerializationConstructorAccessor290'

Classes redefined (0 events):
No events

Internal exceptions (20 events):
Event: 710.438 Thread 0x000001f96efa1130 Exception <a 'sun/nio/fs/WindowsException'{0x00000006c263a100}> (0x00000006c263a100) 
thrown [s\src\hotspot\share\prims\jni.cpp, line 531]
Event: 710.951 Thread 0x000001f96efa1130 Exception <a 'sun/nio/fs/WindowsException'{0x00000006bca04230}> (0x00000006bca04230) 
thrown [s\src\hotspot\share\prims\jni.cpp, line 531]
Event: 711.502 Thread 0x000001f96ef9e3a0 Implicit null exception at 0x000001f909c2b630 to 0x000001f909c2bebc
Event: 711.671 Thread 0x000001f96ef9e3a0 Exception <a 'java/lang/NoSuchMethodError'{0x00000006c70d3970}: static Lorg/jetbrains/plugins/gradle/tooling/serialization/internal/adapter/kotlin/dsl/InternalKotlinDslScriptsModel;.<clinit>()V> (0x00000006c70d3970) 
thrown [s\src\hotspot\share\prims\jni.cpp, line 1127]
Event: 711.671 Thread 0x000001f96ef9e3a0 Exception <a 'java/lang/NoSuchMethodError'{0x00000006c70de1f0}: static Lorg/jetbrains/plugins/gradle/tooling/serialization/internal/adapter/kotlin/dsl/InternalKotlinDslScriptModel;.<clinit>()V> (0x00000006c70de1f0) 
thrown [s\src\hotspot\share\prims\jni.cpp, line 1127]
Event: 711.711 Thread 0x000001f96ef9e3a0 Exception <a 'java/lang/NoSuchMethodError'{0x00000006c6eb0cf0}: static Lorg/jetbrains/kotlin/idea/gradleTooling/KotlinGradleModelImpl;.<clinit>()V> (0x00000006c6eb0cf0) 
thrown [s\src\hotspot\share\prims\jni.cpp, line 1127]
Event: 711.712 Thread 0x000001f96ef9e3a0 Exception <a 'java/lang/NoSuchMethodError'{0x00000006c680b308}: static Lorg/jetbrains/kotlin/idea/gradleTooling/KotlinGradlePluginVersionImpl;.<clinit>()V> (0x00000006c680b308) 
thrown [s\src\hotspot\share\prims\jni.cpp, line 1127]
Event: 711.712 Thread 0x000001f96ef9e3a0 Exception <a 'java/lang/NoSuchMethodError'{0x00000006c6815838}: static Lorg/jetbrains/kotlin/tooling/core/KotlinToolingVersion;.<clinit>()V> (0x00000006c6815838) 
thrown [s\src\hotspot\share\prims\jni.cpp, line 1127]
Event: 711.731 Thread 0x000001f96ef9e3a0 Exception <a 'java/lang/NoSuchMethodError'{0x00000006c6a4c7d8}: static Lcom/intellij/gradle/toolingExtension/impl/javaModel/manifestModel/DefaultJavaGradleManifestModel;.<clinit>()V> (0x00000006c6a4c7d8) 
thrown [s\src\hotspot\share\prims\jni.cpp, line 1127]
Event: 711.738 Thread 0x000001f96ef9e3a0 Exception <a 'java/lang/NoSuchMethodError'{0x00000006c6a639f8}: static Lcom/intellij/gradle/toolingExtension/impl/model/repositoryModel/DefaultProjectRepositoriesModel;.<clinit>()V> (0x00000006c6a639f8) 
thrown [s\src\hotspot\share\prims\jni.cpp, line 1127]
Event: 711.738 Thread 0x000001f96ef9e3a0 Exception <a 'java/lang/NoSuchMethodError'{0x00000006c6a75c10}: static Lcom/intellij/gradle/toolingExtension/impl/model/repositoryModel/DefaultUrlRepositoryModel;.<clinit>()V> (0x00000006c6a75c10) 
thrown [s\src\hotspot\share\prims\jni.cpp, line 1127]
Event: 711.739 Thread 0x000001f96ef9e3a0 Exception <a 'java/lang/NoSuchMethodError'{0x00000006c6a77cd0}: static Lcom/intellij/gradle/toolingExtension/impl/model/repositoryModel/DefaultRepositoryModel;.<clinit>()V> (0x00000006c6a77cd0) 
thrown [s\src\hotspot\share\prims\jni.cpp, line 1127]
Event: 711.842 Thread 0x000001f96efa1130 Implicit null exception at 0x000001f90992f85c to 0x000001f909930f38
Event: 711.878 Thread 0x000001f96e023910 Exception <a 'sun/nio/fs/WindowsException'{0x00000006c59b1ce0}> (0x00000006c59b1ce0) 
thrown [s\src\hotspot\share\prims\jni.cpp, line 531]
Event: 711.878 Thread 0x000001f96e023910 Exception <a 'sun/nio/fs/WindowsException'{0x00000006c59b2710}> (0x00000006c59b2710) 
thrown [s\src\hotspot\share\prims\jni.cpp, line 531]
Event: 711.878 Thread 0x000001f96e023910 Exception <a 'sun/nio/fs/WindowsException'{0x00000006c59b3190}> (0x00000006c59b3190) 
thrown [s\src\hotspot\share\prims\jni.cpp, line 531]
Event: 711.878 Thread 0x000001f96e023910 Exception <a 'sun/nio/fs/WindowsException'{0x00000006c59b3c10}> (0x00000006c59b3c10) 
thrown [s\src\hotspot\share\prims\jni.cpp, line 531]
Event: 712.457 Thread 0x000001f96ef9e3a0 Exception <a 'java/lang/NoSuchMethodError'{0x00000006bfaee7a8}: static Lorg/jetbrains/kotlin/idea/gradleTooling/model/kapt/KaptGradleModelImpl;.<clinit>()V> (0x00000006bfaee7a8) 
thrown [s\src\hotspot\share\prims\jni.cpp, line 1127]
Event: 712.458 Thread 0x000001f96ef9e3a0 Exception <a 'java/lang/NoSuchMethodError'{0x00000006bfb03088}: static Lorg/jetbrains/kotlin/idea/gradleTooling/KotlinTaskPropertiesImpl;.<clinit>()V> (0x00000006bfb03088) 
thrown [s\src\hotspot\share\prims\jni.cpp, line 1127]
Event: 712.512 Thread 0x000001f96ef9e3a0 Exception <a 'java/lang/NoSuchMethodError'{0x00000006bf1d4f38}: static Lorg/jetbrains/plugins/gradle/tooling/internal/VersionCatalogsModelImpl;.<clinit>()V> (0x00000006bf1d4f38) 
thrown [s\src\hotspot\share\prims\jni.cpp, line 1127]

VM Operations (20 events):
Event: 691.577 Executing VM operation: Cleanup done
Event: 709.930 Executing VM operation: HandshakeAllThreads
Event: 709.930 Executing VM operation: HandshakeAllThreads done
Event: 709.930 Executing VM operation: Cleanup
Event: 709.930 Executing VM operation: Cleanup done
Event: 710.741 Executing VM operation: HandshakeAllThreads
Event: 710.741 Executing VM operation: HandshakeAllThreads done
Event: 711.068 Executing VM operation: G1CollectForAllocation
Event: 711.089 Executing VM operation: G1CollectForAllocation done
Event: 711.457 Executing VM operation: HandshakeAllThreads
Event: 711.457 Executing VM operation: HandshakeAllThreads done
Event: 711.806 Executing VM operation: ICBufferFull
Event: 711.806 Executing VM operation: ICBufferFull done
Event: 711.919 Executing VM operation: HandshakeAllThreads
Event: 711.919 Executing VM operation: HandshakeAllThreads done
Event: 712.619 Executing VM operation: HandshakeAllThreads
Event: 712.619 Executing VM operation: HandshakeAllThreads done
Event: 712.625 Executing VM operation: ICBufferFull
Event: 712.625 Executing VM operation: ICBufferFull done
Event: 712.798 Executing VM operation: G1CollectForAllocation

Memory protections (0 events):
No events

Nmethod flushes (20 events):
Event: 712.692 Thread 0x000001f97dfe7ee0 flushing  nmethod 0x000001f90432e810
Event: 712.692 Thread 0x000001f97dfe7ee0 flushing  nmethod 0x000001f904350b10
Event: 712.692 Thread 0x000001f97dfe7ee0 flushing  nmethod 0x000001f904352890
Event: 712.692 Thread 0x000001f97dfe7ee0 flushing  nmethod 0x000001f90435c510
Event: 712.692 Thread 0x000001f97dfe7ee0 flushing  nmethod 0x000001f90439ac10
Event: 712.692 Thread 0x000001f97dfe7ee0 flushing  nmethod 0x000001f9043d6210
Event: 712.692 Thread 0x000001f97dfe7ee0 flushing  nmethod 0x000001f9043dbe10
Event: 712.692 Thread 0x000001f97dfe7ee0 flushing  nmethod 0x000001f90441b710
Event: 712.693 Thread 0x000001f97dfe7ee0 flushing  nmethod 0x000001f90448af90
Event: 712.693 Thread 0x000001f97dfe7ee0 flushing  nmethod 0x000001f90448da10
Event: 712.693 Thread 0x000001f97dfe7ee0 flushing  nmethod 0x000001f904490890
Event: 712.693 Thread 0x000001f97dfe7ee0 flushing  nmethod 0x000001f9044aaa10
Event: 712.693 Thread 0x000001f97dfe7ee0 flushing  nmethod 0x000001f9044ae690
Event: 712.693 Thread 0x000001f97dfe7ee0 flushing  nmethod 0x000001f9044c1090
Event: 712.693 Thread 0x000001f97dfe7ee0 flushing  nmethod 0x000001f9044fd110
Event: 712.693 Thread 0x000001f97dfe7ee0 flushing osr nmethod 0x000001f904505f10
Event: 712.697 Thread 0x000001f97dfe7ee0 flushing  nmethod 0x000001f904ae9490
Event: 712.697 Thread 0x000001f97dfe7ee0 flushing  nmethod 0x000001f904b39d10
Event: 712.698 Thread 0x000001f97dfe7ee0 flushing  nmethod 0x000001f904b8a310
Event: 712.698 Thread 0x000001f97dfe7ee0 flushing osr nmethod 0x000001f904c44d10

Events (20 events):
Event: 712.125 Thread 0x000001f97089f750 Thread added: 0x000001f96c4f5ea0
Event: 712.125 Thread 0x000001f96efa1130 Thread added: 0x000001f966376de0
Event: 712.126 Thread 0x000001f96e024840 Thread added: 0x000001f97032c580
Event: 712.126 Thread 0x000001f96e023e20 Thread added: 0x000001f96b65a3b0
Event: 712.126 Thread 0x000001f97089f750 Thread added: 0x000001f96c4f2c00
Event: 712.126 Thread 0x000001f96efa1130 Thread added: 0x000001f96bce2100
Event: 712.126 Thread 0x000001f96e024840 Thread added: 0x000001f97032c070
Event: 712.127 Thread 0x000001f96e023e20 Thread added: 0x000001f9708be550
Event: 712.127 Thread 0x000001f97089f750 Thread added: 0x000001f97e69f450
Event: 712.127 Thread 0x000001f96efa1130 Thread added: 0x000001f96bce3a50
Event: 712.127 Thread 0x000001f96e024840 Thread added: 0x000001f97032ca90
Event: 712.127 Thread 0x000001f96e023e20 Thread added: 0x000001f9708bea60
Event: 712.127 Thread 0x000001f97089f750 Thread added: 0x000001f96ef9f2d0
Event: 712.127 Thread 0x000001f96efa1130 Thread added: 0x000001f96bce53a0
Event: 712.127 Thread 0x000001f96e024840 Thread added: 0x000001f97032cfa0
Event: 712.128 Thread 0x000001f96e023e20 Thread added: 0x000001f9708bcc00
Event: 712.128 Thread 0x000001f97089f750 Thread added: 0x000001f9663759a0
Event: 712.128 Thread 0x000001f96efa1130 Thread added: 0x000001f96bce3f60
Event: 712.148 Thread 0x000001f96efa1130 Thread added: 0x000001f97e69ef40
Event: 712.735 Thread 0x000001f96ef9e3a0 Thread exited: 0x000001f96ef9e3a0


Dynamic libraries:
0x00007ff6faac0000 - 0x00007ff6faaca000 	C:\Users\Xlythe\.jdks\jbr-17.0.14\bin\java.exe
0x00007ffe7bb60000 - 0x00007ffe7bdc7000 	C:\WINDOWS\SYSTEM32\ntdll.dll
0x00007ffe7a630000 - 0x00007ffe7a6f9000 	C:\WINDOWS\System32\KERNEL32.DLL
0x00007ffe78ee0000 - 0x00007ffe792d1000 	C:\WINDOWS\System32\KERNELBASE.dll
0x00007ffe75e40000 - 0x00007ffe75edf000 	C:\WINDOWS\SYSTEM32\apphelp.dll
0x00007ffe792e0000 - 0x00007ffe7942b000 	C:\WINDOWS\System32\ucrtbase.dll
0x00007ffe60ba0000 - 0x00007ffe60bb7000 	C:\Users\Xlythe\.jdks\jbr-17.0.14\bin\jli.dll
0x00007ffe60b80000 - 0x00007ffe60b9b000 	C:\Users\Xlythe\.jdks\jbr-17.0.14\bin\VCRUNTIME140.dll
0x00007ffe7a340000 - 0x00007ffe7a505000 	C:\WINDOWS\System32\USER32.dll
0x00007ffe78440000 - 0x00007ffe78467000 	C:\WINDOWS\System32\win32u.dll
0x00007ffe61070000 - 0x00007ffe61303000 	C:\WINDOWS\WinSxS\amd64_microsoft.windows.common-controls_6595b64144ccf1df_6.0.26100.8037_none_3e092faae333b53b\COMCTL32.dll
0x00007ffe7baf0000 - 0x00007ffe7bb1b000 	C:\WINDOWS\System32\GDI32.dll
0x00007ffe7b0d0000 - 0x00007ffe7b179000 	C:\WINDOWS\System32\msvcrt.dll
0x00007ffe797d0000 - 0x00007ffe798fb000 	C:\WINDOWS\System32\gdi32full.dll
0x00007ffe78470000 - 0x00007ffe78513000 	C:\WINDOWS\System32\msvcp_win.dll
0x00007ffe7b180000 - 0x00007ffe7b1b1000 	C:\WINDOWS\System32\IMM32.DLL
0x00007ffe67d30000 - 0x00007ffe67d3c000 	C:\Users\Xlythe\.jdks\jbr-17.0.14\bin\vcruntime140_1.dll
0x00007ffe48e60000 - 0x00007ffe48eed000 	C:\Users\Xlythe\.jdks\jbr-17.0.14\bin\msvcp140.dll
0x00007ffdda840000 - 0x00007ffddb4ce000 	C:\Users\Xlythe\.jdks\jbr-17.0.14\bin\server\jvm.dll
0x00007ffe7aef0000 - 0x00007ffe7afab000 	C:\WINDOWS\System32\ADVAPI32.dll
0x00007ffe7b1c0000 - 0x00007ffe7b267000 	C:\WINDOWS\System32\sechost.dll
0x00007ffe7afb0000 - 0x00007ffe7b0c8000 	C:\WINDOWS\System32\RPCRT4.dll
0x00007ffe7ae70000 - 0x00007ffe7aee4000 	C:\WINDOWS\System32\WS2_32.dll
0x00007ffe781f0000 - 0x00007ffe7824e000 	C:\WINDOWS\SYSTEM32\POWRPROF.dll
0x00007ffe6cf50000 - 0x00007ffe6cf85000 	C:\WINDOWS\SYSTEM32\WINMM.dll
0x00007ffe71780000 - 0x00007ffe7178b000 	C:\WINDOWS\SYSTEM32\VERSION.dll
0x00007ffe781d0000 - 0x00007ffe781e4000 	C:\WINDOWS\SYSTEM32\UMPDC.dll
0x00007ffe77190000 - 0x00007ffe771ab000 	C:\WINDOWS\SYSTEM32\kernel.appcore.dll
0x00007ffe60b70000 - 0x00007ffe60b7a000 	C:\Users\Xlythe\.jdks\jbr-17.0.14\bin\jimage.dll
0x00007ffe62020000 - 0x00007ffe62262000 	C:\WINDOWS\SYSTEM32\DBGHELP.DLL
0x00007ffe79e20000 - 0x00007ffe7a1a2000 	C:\WINDOWS\System32\combase.dll
0x00007ffe79c20000 - 0x00007ffe79cf7000 	C:\WINDOWS\System32\OLEAUT32.dll
0x00007ffe59810000 - 0x00007ffe5984b000 	C:\WINDOWS\SYSTEM32\dbgcore.DLL
0x00007ffe795a0000 - 0x00007ffe79645000 	C:\WINDOWS\System32\bcryptPrimitives.dll
0x00007ffe58380000 - 0x00007ffe5838e000 	C:\Users\Xlythe\.jdks\jbr-17.0.14\bin\instrument.dll
0x00007ffe581f0000 - 0x00007ffe58215000 	C:\Users\Xlythe\.jdks\jbr-17.0.14\bin\java.dll
0x00007ffe47730000 - 0x00007ffe47807000 	C:\Users\Xlythe\.jdks\jbr-17.0.14\bin\jsvml.dll
0x00007ffe7a700000 - 0x00007ffe7ae5f000 	C:\WINDOWS\System32\SHELL32.dll
0x00007ffe79430000 - 0x00007ffe7959a000 	C:\WINDOWS\System32\wintypes.dll
0x00007ffe78520000 - 0x00007ffe78d84000 	C:\WINDOWS\System32\windows.storage.dll
0x00007ffe7b990000 - 0x00007ffe7ba87000 	C:\WINDOWS\System32\SHCORE.dll
0x00007ffe79af0000 - 0x00007ffe79b57000 	C:\WINDOWS\System32\shlwapi.dll
0x00007ffe78360000 - 0x00007ffe78389000 	C:\WINDOWS\SYSTEM32\profapi.dll
0x00007ffe58170000 - 0x00007ffe58188000 	C:\Users\Xlythe\.jdks\jbr-17.0.14\bin\zip.dll
0x00007ffe58090000 - 0x00007ffe580a9000 	C:\Users\Xlythe\.jdks\jbr-17.0.14\bin\net.dll
0x00007ffe712d0000 - 0x00007ffe713f7000 	C:\WINDOWS\SYSTEM32\WINHTTP.dll
0x00007ffe776e0000 - 0x00007ffe7774b000 	C:\WINDOWS\system32\mswsock.dll
0x00007ffe57f40000 - 0x00007ffe57f56000 	C:\Users\Xlythe\.jdks\jbr-17.0.14\bin\nio.dll
0x00007ffe58370000 - 0x00007ffe58380000 	C:\Users\Xlythe\.jdks\jbr-17.0.14\bin\verify.dll
0x00007ffe60ae0000 - 0x00007ffe60b07000 	C:\Users\Xlythe\.gradle\native\c067742578af261105cb4f569cf0c3c89f3d7b1fecec35dd04571415982c5e48\windows-amd64\native-platform.dll
0x00007ffe46c50000 - 0x00007ffe46d94000 	C:\Users\Xlythe\.gradle\native\38dada09dfb8b06ba9b0570ebf7e218e3eb74d4ef43ca46872605cf95ebc2f47\windows-amd64\native-platform-file-events.dll
0x00007ffe58260000 - 0x00007ffe58269000 	C:\Users\Xlythe\.jdks\jbr-17.0.14\bin\management.dll
0x00007ffe57ec0000 - 0x00007ffe57ecb000 	C:\Users\Xlythe\.jdks\jbr-17.0.14\bin\management_ext.dll
0x00007ffe7b270000 - 0x00007ffe7b278000 	C:\WINDOWS\System32\PSAPI.DLL
0x00007ffe77ae0000 - 0x00007ffe77afb000 	C:\WINDOWS\SYSTEM32\CRYPTSP.dll
0x00007ffe770f0000 - 0x00007ffe77129000 	C:\WINDOWS\system32\rsaenh.dll
0x00007ffe77790000 - 0x00007ffe777c2000 	C:\WINDOWS\SYSTEM32\USERENV.dll
0x00007ffe78330000 - 0x00007ffe7835a000 	C:\WINDOWS\SYSTEM32\bcrypt.dll
0x00007ffe77940000 - 0x00007ffe7794c000 	C:\WINDOWS\SYSTEM32\CRYPTBASE.dll
0x00007ffe76b80000 - 0x00007ffe76bb3000 	C:\WINDOWS\SYSTEM32\IPHLPAPI.DLL
0x00007ffe79ae0000 - 0x00007ffe79aea000 	C:\WINDOWS\System32\NSI.dll
0x00007ffe71170000 - 0x00007ffe7118d000 	C:\WINDOWS\SYSTEM32\dhcpcsvc6.DLL
0x00007ffe71140000 - 0x00007ffe71163000 	C:\WINDOWS\SYSTEM32\dhcpcsvc.DLL
0x00007ffe76c10000 - 0x00007ffe76d3a000 	C:\WINDOWS\SYSTEM32\DNSAPI.dll
0x00007ffe57eb0000 - 0x00007ffe57eb9000 	C:\Users\Xlythe\.jdks\jbr-17.0.14\bin\extnet.dll
0x00007ffe56f80000 - 0x00007ffe56f8e000 	C:\Users\Xlythe\.jdks\jbr-17.0.14\bin\sunmscapi.dll
0x00007ffe79650000 - 0x00007ffe797c7000 	C:\WINDOWS\System32\CRYPT32.dll
0x00007ffe77c40000 - 0x00007ffe77c70000 	C:\WINDOWS\SYSTEM32\ncrypt.dll
0x00007ffe77bf0000 - 0x00007ffe77c2f000 	C:\WINDOWS\SYSTEM32\NTASN1.dll
0x00007ffe52f70000 - 0x00007ffe52f78000 	C:\WINDOWS\system32\wshunix.dll
0x00007ffe55f30000 - 0x00007ffe55f48000 	C:\WINDOWS\system32\napinsp.dll
0x00007ffe55870000 - 0x00007ffe55882000 	C:\WINDOWS\System32\winrnr.dll
0x00007ffe55840000 - 0x00007ffe55862000 	C:\WINDOWS\system32\nlansp_c.dll
0x00007ffe710b0000 - 0x00007ffe710c6000 	C:\WINDOWS\system32\wshbth.dll
0x00007ffe71090000 - 0x00007ffe7109b000 	C:\Windows\System32\rasadhlp.dll
0x00007ffe6d9f0000 - 0x00007ffe6da76000 	C:\WINDOWS\System32\fwpuclnt.dll
0x00007ffe772b0000 - 0x00007ffe772e6000 	C:\WINDOWS\SYSTEM32\ntmarta.dll
0x00007ffe55980000 - 0x00007ffe5599e000 	C:\Users\Xlythe\AppData\Local\Temp\native-platform7130736078743689245dir\native-platform.dll
0x00007ffe559e0000 - 0x00007ffe559e7000 	C:\Users\Xlythe\.jdks\jbr-17.0.14\bin\rmi.dll

dbghelp: loaded successfully - version: 4.0.5 - missing functions: none
symbol engine: initialized successfully - sym options: 0x614 - pdb path: .;C:\Users\Xlythe\.jdks\jbr-17.0.14\bin;C:\WINDOWS\SYSTEM32;C:\WINDOWS\WinSxS\amd64_microsoft.windows.common-controls_6595b64144ccf1df_6.0.26100.8037_none_3e092faae333b53b;C:\Users\Xlythe\.jdks\jbr-17.0.14\bin\server;C:\Users\Xlythe\.gradle\native\c067742578af261105cb4f569cf0c3c89f3d7b1fecec35dd04571415982c5e48\windows-amd64;C:\Users\Xlythe\.gradle\native\38dada09dfb8b06ba9b0570ebf7e218e3eb74d4ef43ca46872605cf95ebc2f47\windows-amd64;C:\Users\Xlythe\AppData\Local\Temp\native-platform7130736078743689245dir

VM Arguments:
jvm_args: --add-opens=java.base/java.util=ALL-UNNAMED --add-opens=java.base/java.lang=ALL-UNNAMED --add-opens=java.base/java.lang.invoke=ALL-UNNAMED --add-opens=java.prefs/java.util.prefs=ALL-UNNAMED --add-opens=java.base/java.nio.charset=ALL-UNNAMED --add-opens=java.base/java.net=ALL-UNNAMED --add-opens=java.base/java.util.concurrent.atomic=ALL-UNNAMED -Xmx6144m -Dfile.encoding=UTF-8 -Duser.country=US -Duser.language=en -Duser.variant -javaagent:C:\Users\Xlythe\.gradle\wrapper\dists\gradle-8.4-bin\1w5dpkrfk8irigvoxmyhowfim\gradle-8.4\lib\agents\gradle-instrumentation-agent-8.4.jar 
java_command: org.gradle.launcher.daemon.bootstrap.GradleDaemon 8.4
java_class_path (initial): C:\Users\Xlythe\.gradle\wrapper\dists\gradle-8.4-bin\1w5dpkrfk8irigvoxmyhowfim\gradle-8.4\lib\gradle-launcher-8.4.jar
Launcher Type: SUN_STANDARD

[Global flags]
     intx CICompilerCount                          = 4                                         {product} {ergonomic}
     uint ConcGCThreads                            = 3                                         {product} {ergonomic}
     uint G1ConcRefinementThreads                  = 10                                        {product} {ergonomic}
   size_t G1HeapRegionSize                         = 4194304                                   {product} {ergonomic}
    uintx GCDrainStackTargetSize                   = 64                                        {product} {ergonomic}
   size_t InitialHeapSize                          = 1073741824                                {product} {ergonomic}
   size_t MarkStackSize                            = 4194304                                   {product} {ergonomic}
   size_t MaxHeapSize                              = 6442450944                                {product} {command line}
   size_t MaxNewSize                               = 3862953984                                {product} {ergonomic}
   size_t MinHeapDeltaBytes                        = 4194304                                   {product} {ergonomic}
   size_t MinHeapSize                              = 8388608                                   {product} {ergonomic}
    uintx NonNMethodCodeHeapSize                   = 5839372                                {pd product} {ergonomic}
    uintx NonProfiledCodeHeapSize                  = 122909434                              {pd product} {ergonomic}
    uintx ProfiledCodeHeapSize                     = 122909434                              {pd product} {ergonomic}
    uintx ReservedCodeCacheSize                    = 251658240                              {pd product} {ergonomic}
     bool SegmentedCodeCache                       = true                                      {product} {ergonomic}
   size_t SoftMaxHeapSize                          = 6442450944                             {manageable} {ergonomic}
     bool UseCompressedClassPointers               = true                           {product lp64_product} {ergonomic}
     bool UseCompressedOops                        = true                           {product lp64_product} {ergonomic}
     bool UseG1GC                                  = true                                      {product} {ergonomic}
     bool UseLargePagesIndividualAllocation        = false                                  {pd product} {ergonomic}

Logging:
Log output configuration:
 #0: stdout all=warning uptime,level,tags
 #1: stderr all=off uptime,level,tags

Environment Variables:
JAVA_HOME=C:\Program Files\Java\jdk-19
PATH=%JAVA_HOME%\bin;C:\Program Files\Oculus\Support\oculus-runtime;C:\Program Files (x86)\Common Files\Oracle\Java\javapath;C:\ProgramData\Oracle\Java\javapath;C:\Program Files\Broadcom\Broadcom 802.11 Network Adapter;C:\Program Files (x86)\Intel\iCLS Client\;C:\Program Files\Intel\iCLS Client\;C:\Windows\system32;C:\Windows;C:\Windows\System32\Wbem;C:\Windows\System32\WindowsPowerShell\v1.0\;C:\Program Files (x86)\NVIDIA Corporation\PhysX\Common;C:\Program Files\Micron Technology\Micron Storage Executive;C:\Program Files (x86)\Intel\Intel(R) Management Engine Components\DAL;C:\Program Files\Intel\Intel(R) Management Engine Components\DAL;C:\Program Files (x86)\Intel\Intel(R) Management Engine Components\IPT;C:\Program Files\Intel\Intel(R) Management Engine Components\IPT;C:\WINDOWS\system32;C:\WINDOWS;C:\WINDOWS\System32\Wbem;C:\WINDOWS\System32\WindowsPowerShell\v1.0\;C:\Program Files\Java\jdk1.8.0_102\bin;C:\WINDOWS\System32\OpenSSH\;C:\Program Files\dotnet\;C:\Program Files (x86)\dotnet\;C:\WINDOWS\system32;C:\WINDOWS;C:\WINDOWS\System32\Wbem;C:\WINDOWS\System32\WindowsPowerShell\v1.0\;C:\WINDOWS\System32\OpenSSH\;C:\Program Files\Airshipper\;%PYTHON_HOME%\Scripts;%PYTHON_HOME%;C:\Program Files\Git\cmd;C:\Program Files\PowerShell\7-preview\preview;C:\Program Files\Go\bin;C:\Program Files\NVIDIA Corporation\NVIDIA App\NvDLISR;%NVM_HOME%;%NVM_SYMLINK%;C:\Program Files\Tailscale\;C:\Program Files\PowerShell\7\;C:\Program Files (x86)\cloudflared\;C:\Users\Xlythe\AppData\Local\Programs\Python\Python312\Scripts;C:\Users\Xlythe\AppData\Local\Programs\Python\Python312;C:\Program Files\Java\jdk-19\bin;C:\Users\Xlythe\AppData\Local\Microsoft\WindowsApps;C:\Users\Xlythe\AppData\Local\atom\bin;C:\Users\Xlythe\AppData\Local\Android\sdk\platform-tools;C:\Users\Xlythe\AppData\Local\GitHubDesktop\bin;C:\Users\Xlythe\AppData\Local\Microsoft\WindowsApps;C:\Program Files (x86)\FAHClient;C:\Users\Xlythe\.dotnet\tools;C:\Program Files (x86)\WiX Toolset v3.11\bin;C:\Program Files\cwrsync\bin;D:\Android\Sdk\platform-tools;G:\Software\youtube-dl;D:\Android\Sdk\build-tools\34.0.0;C:\Users\Xlythe\AppData\Local\Programs\Microsoft VS Code\bin;C:\Users\Xlythe\AppData\Local\Programs\Ollama;C:\Users\Xlythe\AppData\Roaming\npm;C:\Program Files\rclone;C:\Users\Xlythe\go\bin;C:\Users\Xlythe\AppData\Local\nvm;C:\nvm4w\nodejs;C:\Users\Xlythe\AppData\Local\Programs\Antigravity\bin
USERNAME=Xlythe
OS=Windows_NT
PROCESSOR_IDENTIFIER=Intel64 Family 6 Model 79 Stepping 1, GenuineIntel
TMP=C:\Users\Xlythe\AppData\Local\Temp
TEMP=C:\Users\Xlythe\AppData\Local\Temp



Periodic native trim disabled

JNI global refs:
JNI global refs: 30, weak refs: 14

JNI global refs memory usage: 843, weak refs: 841

Process memory usage:
Resident Set Size: 1969108K (2% of 67014720K total physical memory with 37967828K free physical memory)

OOME stack traces (most recent first):
Classloader memory used:
Loader org.gradle.internal.classloader.VisitableURLClassLoader$InstrumentingVisitableURLClassLoader: 14308K
Loader org.gradle.internal.classloader.VisitableURLClassLoader                         : 6995K
Loader bootstrap                                                                       : 3036K
Loader org.gradle.initialization.MixInLegacyTypesClassLoader                           : 2340K
Loader org.gradle.internal.classloader.VisitableURLClassLoader                         : 2226K
Loader jdk.internal.reflect.DelegatingClassLoader                                      : 1095K
Loader jdk.internal.loader.ClassLoaders$AppClassLoader                                 : 923K
Loader jdk.internal.loader.ClassLoaders$PlatformClassLoader                            : 131K
Loader org.gradle.groovy.scripts.internal.DefaultScriptCompilationHandler$ScriptClassLoader: 120K
Loader org.codehaus.groovy.runtime.callsite.CallSiteClassLoader                        : 14391B
Loader groovy.lang.GroovyClassLoader$InnerLoader                                       : 1512B
Loader sun.reflect.misc.MethodUtil                                                     : 519B

Classes loaded by more than one classloader:
Class Program                                                                         : loaded 21 times (x 70B)
Class Build_gradle$1                                                                  : loaded 12 times (x 76B)
Class Build_gradle                                                                    : loaded 12 times (x 128B)
Class com.intellij.gradle.toolingExtension.util.GradleVersionUtil                     : loaded 11 times (x 69B)
Class Build_gradle$1$1                                                                : loaded 9 times (x 76B)
Class com.google.common.collect.ImmutableList                                         : loaded 9 times (x 166B)
Class com.google.common.collect.Iterators$1                                           : loaded 9 times (x 79B)
Class com.google.common.collect.Iterators$4                                           : loaded 9 times (x 80B)
Class com.google.common.collect.Iterators$5                                           : loaded 9 times (x 80B)
Class com.google.common.collect.UnmodifiableIterator                                  : loaded 9 times (x 78B)
Class com.google.common.base.Function                                                 : loaded 9 times (x 68B)
Class com.google.common.collect.Iterators$9                                           : loaded 9 times (x 79B)
Class com.google.common.collect.AbstractIterator                                      : loaded 9 times (x 80B)
Class com.google.common.collect.AbstractIndexedListIterator                           : loaded 9 times (x 94B)
Class com.google.common.collect.Lists$StringAsImmutableList                           : loaded 9 times (x 167B)
Class com.google.common.collect.Iterators$MergingIterator                             : loaded 9 times (x 79B)
Class com.google.common.collect.UnmodifiableListIterator                              : loaded 9 times (x 93B)
Class com.google.common.collect.ImmutableCollection                                   : loaded 9 times (x 123B)
Class com.google.common.base.Preconditions                                            : loaded 9 times (x 69B)
Class com.google.common.collect.PeekingIterator                                       : loaded 9 times (x 68B)
Class com.google.common.collect.Lists                                                 : loaded 9 times (x 69B)
Class com.google.common.collect.Iterators$ArrayItr                                    : loaded 9 times (x 95B)
Class com.google.common.collect.Iterators                                             : loaded 9 times (x 69B)
Class com.google.common.collect.ImmutableSet                                          : loaded 9 times (x 143B)
Class gnu.trove.THash                                                                 : loaded 8 times (x 79B)
Class gnu.trove.TObjectHashingStrategy                                                : loaded 8 times (x 68B)
Class gnu.trove.TObjectHash$NULL                                                      : loaded 8 times (x 69B)
Class gnu.trove.PrimeFinder                                                           : loaded 8 times (x 69B)
Class gnu.trove.TObjectHash                                                           : loaded 8 times (x 92B)
Class gnu.trove.Equality                                                              : loaded 8 times (x 68B)
Class com.google.common.collect.Sets$3                                                : loaded 7 times (x 139B)
Class com.google.common.collect.Sets$2                                                : loaded 7 times (x 139B)
Class com.google.common.collect.Sets$1                                                : loaded 7 times (x 139B)
Class com.amazon.ion.system.IonBinaryWriterBuilder                                    : loaded 7 times (x 97B)
Class com.amazon.ion.impl.bin.IonManagedBinaryWriter$ImportDescriptor                 : loaded 7 times (x 74B)
Class com.google.common.collect.MapDifference                                         : loaded 7 times (x 68B)
Class org.jetbrains.plugins.gradle.model.ExternalSourceDirectorySet                   : loaded 7 times (x 68B)
Class com.intellij.util.ThrowableConsumer                                             : loaded 7 times (x 68B)
Class com.intellij.gradle.toolingExtension.impl.model.sourceSetDependencyModel.GradleSourceSetDependencySerialisationService$Companion: loaded 7 times (x 69B)
Class org.jetbrains.plugins.gradle.model.MavenRepositoryModel                         : loaded 7 times (x 68B)
Class com.amazon.ion.impl.bin.IonRawBinaryWriter$ContainerInfo                        : loaded 7 times (x 72B)
Class com.amazon.ion.IonBool                                                          : loaded 7 times (x 68B)
Class gnu.trove.TObjectIntProcedure                                                   : loaded 7 times (x 68B)
Class com.intellij.gradle.toolingExtension.impl.model.sourceSetDependencyModel.GradleSourceSetDependencySerialisationService: loaded 7 times (x 75B)
Class org.jetbrains.plugins.gradle.tooling.serialization.ProjectDependenciesSerializationService$WriteContext: loaded 7 times (x 70B)
Class com.amazon.ion.util.InputStreamInterceptor                                      : loaded 7 times (x 68B)
Class com.amazon.ion.impl._Private_RecyclingQueue$Recycler                            : loaded 7 times (x 68B)
Class org.jetbrains.plugins.gradle.tooling.serialization.ExternalTestsSerializationService: loaded 7 times (x 75B)
Class org.jetbrains.plugins.gradle.model.AnnotationProcessingConfig                   : loaded 7 times (x 68B)
Class org.gradle.kotlin.dsl.CompileOnlyConfigurationAccessorsKt                       : loaded 7 times (x 69B)
Class com.amazon.ion.IonBinaryWriter                                                  : loaded 7 times (x 68B)
Class com.amazon.ion.IonLoader                                                        : loaded 7 times (x 68B)
Class com.amazon.ion.IonString                                                        : loaded 7 times (x 68B)
Class org.jetbrains.plugins.gradle.javaModel.JavaGradleManifestModel                  : loaded 7 times (x 68B)
Class com.amazon.ion.impl.bin.IonManagedBinaryWriter$ImportedSymbolResolverMode$1$1$1 : loaded 7 times (x 74B)
Class org.jetbrains.plugins.gradle.model.ExternalDependency                           : loaded 7 times (x 68B)
Class com.amazon.ion.impl._Private_RecyclingStack$$Iterator                           : loaded 7 times (x 97B)
Class com.amazon.ion.impl._Private_RecyclingQueue                                     : loaded 7 times (x 78B)
Class org.jetbrains.kotlin.idea.gradleTooling.KotlinGradleModel                       : loaded 7 times (x 68B)
Class org.jetbrains.plugins.gradle.tooling.serialization.ToolingStreamApiUtils        : loaded 7 times (x 69B)
Class com.amazon.ion.impl.bin.utf8.Utf8StringEncoderPool$1                            : loaded 7 times (x 74B)
Class com.amazon.ion.impl._Private_IonTextWriterBuilder                               : loaded 7 times (x 100B)
Class org.jetbrains.plugins.gradle.model.GradleTaskModel                              : loaded 7 times (x 68B)
Class com.amazon.ion.impl._Private_Utils                                              : loaded 7 times (x 69B)
Class com.amazon.ion.impl.SymbolTokenImpl                                             : loaded 7 times (x 79B)
Class com.amazon.ion.IonTimestamp                                                     : loaded 7 times (x 68B)
Class org.jetbrains.plugins.gradle.model.RepositoryModels                             : loaded 7 times (x 68B)
Class com.amazon.ion.impl.bin.IonManagedBinaryWriter$UserState$4                      : loaded 7 times (x 83B)
Class org.jetbrains.kotlin.tooling.core.KotlinToolingVersion                          : loaded 7 times (x 73B)
Class com.amazon.ion.impl.bin.IonManagedBinaryWriter$UserState$3                      : loaded 7 times (x 83B)
Class [Lcom.amazon.ion.impl.bin.IonRawBinaryWriter$StreamCloseMode;                   : loaded 7 times (x 67B)
Class com.amazon.ion.impl.bin.IonManagedBinaryWriter$UserState$2                      : loaded 7 times (x 83B)
Class [Lcom.amazon.ion.impl.bin.IonRawBinaryWriter$ContainerType;                     : loaded 7 times (x 67B)
Class com.amazon.ion.impl.bin.IonManagedBinaryWriter$UserState$1                      : loaded 7 times (x 83B)
Class com.amazon.ion.impl.lite.IonSexpLite                                            : loaded 7 times (x 450B)
Class com.google.common.collect.ImmutableEnumSet                                      : loaded 7 times (x 144B)
Class com.amazon.ion.UnexpectedEofException                                           : loaded 7 times (x 82B)
Class com.amazon.ion.util.GzipStreamInterceptor                                       : loaded 7 times (x 83B)
Class com.amazon.ion.impl.lite.IonIntLite                                             : loaded 7 times (x 187B)
Class com.amazon.ion.IonStruct                                                        : loaded 7 times (x 68B)
Class com.amazon.ion.impl.lite.IonLobLite                                             : loaded 7 times (x 182B)
Class com.google.common.collect.Sets$4                                                : loaded 7 times (x 139B)
Class org.jetbrains.plugins.gradle.model.GradleProperty                               : loaded 7 times (x 68B)
Class com.google.common.base.Objects                                                  : loaded 7 times (x 69B)
Class [Lcom.amazon.ion.impl.bin.IonManagedBinaryWriter$UserState;                     : loaded 7 times (x 67B)
Class com.google.common.collect.AbstractMultimap                                      : loaded 7 times (x 121B)
Class com.amazon.ion.IonDatagram                                                      : loaded 7 times (x 68B)
Class com.intellij.gradle.toolingExtension.impl.model.buildScriptClasspathModel.GradleBuildScriptClasspathSerializationService$ReadContext: loaded 7 times (x 70B)
Class com.amazon.ion.impl.bin.BlockAllocatorProvider                                  : loaded 7 times (x 70B)
Class org.jetbrains.plugins.gradle.model.ExternalFilter                               : loaded 7 times (x 68B)
Class com.google.common.collect.SortedMapDifference                                   : loaded 7 times (x 68B)
Class com.amazon.ion.impl.bin.Symbols$2                                               : loaded 7 times (x 105B)
Class com.amazon.ion.SymbolTable                                                      : loaded 7 times (x 68B)
Class com.google.common.collect.Sets                                                  : loaded 7 times (x 69B)
Class com.amazon.ion.impl._Private_IonBinaryWriterBuilder                             : loaded 7 times (x 113B)
Class org.jetbrains.kotlin.idea.projectModel.KotlinTaskProperties                     : loaded 7 times (x 68B)
Class [Lcom.amazon.ion.util.GzipStreamInterceptor;                                    : loaded 7 times (x 67B)
Class com.amazon.ion.impl._Private_IonSystem                                          : loaded 7 times (x 68B)
Class com.amazon.ion.impl._Private_SymtabExtendsCache                                 : loaded 7 times (x 70B)
Class com.amazon.ion.impl.bin.IonRawBinaryWriter                                      : loaded 7 times (x 167B)
Class org.jetbrains.plugins.gradle.tooling.serialization.RepositoriesModelSerializationService$ReadContext: loaded 7 times (x 70B)
Class [Lcom.amazon.ion.impl.bin.IonManagedBinaryWriter$ImportedSymbolResolverMode;    : loaded 7 times (x 67B)
Class org.jetbrains.plugins.gradle.tooling.util.IntObjectMap                          : loaded 7 times (x 71B)
Class com.amazon.ion.impl.IonWriterSystem                                             : loaded 7 times (x 169B)
Class org.jetbrains.plugins.gradle.tooling.serialization.KotlinDslScriptsModelSerializationService: loaded 7 times (x 79B)
Class com.amazon.ion.impl.bin.IonManagedBinaryWriter                                  : loaded 7 times (x 164B)
Class com.amazon.ion.impl.LocalSymbolTable$Factory                                    : loaded 7 times (x 75B)
Class org.jetbrains.plugins.gradle.model.GradleExtension                              : loaded 7 times (x 68B)
Class com.amazon.ion.impl.bin.Block                                                   : loaded 7 times (x 77B)
Class org.jetbrains.plugins.gradle.tooling.serialization.AnnotationProcessingModelSerializationService$WriteContext: loaded 7 times (x 70B)
Class com.amazon.ion.system.IonTextWriterBuilder                                      : loaded 7 times (x 96B)
Class org.jetbrains.plugins.gradle.model.ExternalTask                                 : loaded 7 times (x 68B)
Class org.jetbrains.plugins.gradle.model.AnnotationProcessingModel                    : loaded 7 times (x 68B)
Class com.amazon.ion.IonBufferConfiguration$Builder                                   : loaded 7 times (x 76B)
Class com.intellij.gradle.toolingExtension.model.repositoryModel.RepositoryModel      : loaded 7 times (x 68B)
Class com.amazon.ion.system.IonReaderBuilder                                          : loaded 7 times (x 93B)
Class org.jetbrains.plugins.gradle.model.IntelliJProjectSettings                      : loaded 7 times (x 68B)
Class com.amazon.ion.impl._Private_IonTextWriterBuilder$Mutable                       : loaded 7 times (x 100B)
Class com.amazon.ion.impl._Private_IonWriterBase                                      : loaded 7 times (x 160B)
Class com.amazon.ion.impl.lite.ValueFactoryLite                                       : loaded 7 times (x 216B)
Class com.amazon.ion.IonContainer                                                     : loaded 7 times (x 68B)
Class com.android.ide.gradle.model.LegacyAndroidGradlePluginPropertiesModelParameters : loaded 7 times (x 68B)
Class org.jetbrains.plugins.gradle.tooling.serialization.GradleExtensionsSerializationService: loaded 7 times (x 75B)
Class org.jetbrains.plugins.gradle.model.ProjectImportModelProvider                   : loaded 7 times (x 68B)
Class com.amazon.ion.impl._Private_IonReaderBuilder$Mutable                           : loaded 7 times (x 95B)
Class com.android.ide.gradle.model.GradlePluginModel                                  : loaded 7 times (x 68B)
Class com.intellij.gradle.toolingExtension.impl.model.sourceSetModel.GradleSourceSetSerialisationService$Companion: loaded 7 times (x 69B)
Class com.intellij.gradle.toolingExtension.impl.model.buildScriptClasspathModel.GradleBuildScriptClasspathSerializationService: loaded 7 times (x 75B)
Class com.amazon.ion.IonBufferConfiguration$OversizedSymbolTableHandler               : loaded 7 times (x 68B)
Class org.jetbrains.kotlin.idea.gradleTooling.model.kapt.KaptGradleModel              : loaded 7 times (x 68B)
Class com.amazon.ion.IonNumber                                                        : loaded 7 times (x 68B)
Class com.amazon.ion.system.SimpleCatalog                                             : loaded 7 times (x 89B)
Class com.intellij.gradle.toolingExtension.impl.model.sourceSetModel.GradleSourceSetSerialisationService: loaded 7 times (x 75B)
Class com.intellij.openapi.externalSystem.model.project.dependencies.ResolutionState  : loaded 7 times (x 77B)
Class com.intellij.openapi.externalSystem.model.project.IExternalSystemSourceType     : loaded 7 times (x 68B)
Class org.jetbrains.plugins.gradle.model.ExternalProject                              : loaded 7 times (x 68B)
Class [Lcom.intellij.openapi.externalSystem.model.project.dependencies.ResolutionState;: loaded 7 times (x 67B)
Class com.amazon.ion.impl.bin.IonManagedBinaryWriter$SymbolState$4                    : loaded 7 times (x 78B)
Class com.intellij.util.containers.IntObjectHashMap$ArrayProducer                     : loaded 7 times (x 68B)
Class com.amazon.ion.impl.bin.IonManagedBinaryWriter$SymbolState$3                    : loaded 7 times (x 78B)
Class com.amazon.ion.impl.bin.IonManagedBinaryWriter$SymbolState$2                    : loaded 7 times (x 78B)
Class com.amazon.ion.impl.bin.IonManagedBinaryWriter$SymbolState$1                    : loaded 7 times (x 78B)
Class com.android.ide.gradle.model.ArtifactIdentifier                                 : loaded 7 times (x 68B)
Class org.jetbrains.plugins.gradle.tooling.serialization.internal.IdeaProjectSerializationService$ReadContext: loaded 7 times (x 70B)
Class org.jetbrains.plugins.gradle.tooling.serialization.ExternalTestsSerializationService$WriteContext: loaded 7 times (x 70B)
Class com.amazon.ion.impl.lite.IonStructLite                                          : loaded 7 times (x 296B)
Class org.jetbrains.plugins.gradle.model.IntelliJSettings                             : loaded 7 times (x 68B)
Class com.amazon.ion.impl.bin.IonManagedBinaryWriter$SymbolState                      : loaded 7 times (x 78B)
Class com.amazon.ion.BufferConfiguration$DataHandler                                  : loaded 7 times (x 68B)
Class com.amazon.ion.IonException                                                     : loaded 7 times (x 82B)
Class com.amazon.ion.ReadOnlyValueException                                           : loaded 7 times (x 82B)
Class com.amazon.ion.impl.bin.IonManagedBinaryWriter$UserState                        : loaded 7 times (x 83B)
Class com.amazon.ion.impl.bin._Private_IonRawWriter                                   : loaded 7 times (x 68B)
Class com.amazon.ion.impl.bin.AbstractIonWriter$WriteValueOptimization                : loaded 7 times (x 77B)
Class com.google.common.collect.Iterators$SingletonIterator                           : loaded 7 times (x 79B)
Class com.google.common.collect.Maps$BiMapConverter                                   : loaded 7 times (x 88B)
Class com.amazon.ion.impl._Private_IonBinaryWriterBuilder$Mutable                     : loaded 7 times (x 113B)
Class com.amazon.ion.impl._Private_IonSymbol                                          : loaded 7 times (x 68B)
Class com.amazon.ion.IonInt                                                           : loaded 7 times (x 68B)
Class com.amazon.ion.impl.bin.IntList                                                 : loaded 7 times (x 75B)
Class org.jetbrains.plugins.gradle.model.ExternalLibraryDependency                    : loaded 7 times (x 68B)
Class com.amazon.ion.impl.bin.IonRawBinaryWriter$PatchPoint                           : loaded 7 times (x 71B)
Class com.amazon.ion.impl.bin.IonRawBinaryWriter$StreamCloseMode                      : loaded 7 times (x 77B)
Class com.intellij.gradle.toolingExtension.impl.model.sourceSetModel.GradleSourceSetSerialisationService$SourceSetModelReadContext: loaded 7 times (x 70B)
Class com.amazon.ion.impl.lite.IonStringLite                                          : loaded 7 times (x 210B)
Class com.intellij.openapi.externalSystem.model.project.dependencies.DependencyScopeNode: loaded 7 times (x 87B)
Class gnu.trove.TObjectIntHashMap                                                     : loaded 7 times (x 107B)
Class com.amazon.ion.system.IonSystemBuilder$Mutable                                  : loaded 7 times (x 73B)
Class com.android.ide.gradle.model.artifacts.AdditionalClassifierArtifactsModel       : loaded 7 times (x 68B)
Class com.google.common.base.ExtraObjectsMethodsForWeb                                : loaded 7 times (x 69B)
Class com.amazon.ion.SubstituteSymbolTableException                                   : loaded 7 times (x 82B)
Class com.amazon.ion.impl._Private_IonReaderBuilder$TwoElementInputStream             : loaded 7 times (x 90B)
Class com.intellij.gradle.toolingExtension.impl.model.sourceSetArtifactIndex.GradleSourceSetArtifactBuildRequest: loaded 7 times (x 68B)
Class com.android.ide.gradle.model.GradlePropertiesModel                              : loaded 7 times (x 68B)
Class com.amazon.ion.impl.lite.IonTextLite                                            : loaded 7 times (x 179B)
Class com.amazon.ion.IonNull                                                          : loaded 7 times (x 68B)
Class org.jetbrains.plugins.gradle.tooling.util.ObjectCollector$Processor             : loaded 7 times (x 68B)
Class com.amazon.ion.impl.bin.utf8.Utf8StringEncoderPool                              : loaded 7 times (x 72B)
Class com.google.common.collect.AbstractMapBasedMultimap$WrappedCollection$WrappedIterator: loaded 7 times (x 82B)
Class com.amazon.ion.impl._Private_ReaderWriter                                       : loaded 7 times (x 68B)
Class com.amazon.ion.impl.bin.IonManagedBinaryWriter$SymbolResolver                   : loaded 7 times (x 68B)
Class com.intellij.gradle.toolingExtension.impl.model.buildScriptClasspathModel.GradleBuildScriptClasspathSerializationService$WriteContext: loaded 7 times (x 70B)
Class com.amazon.ion.impl.BlockedBuffer$BufferedOutputStream                          : loaded 7 times (x 88B)
Class com.google.common.collect.SetMultimap                                           : loaded 7 times (x 68B)
Class com.amazon.ion.impl.bin.IonRawBinaryWriter$ContainerType                        : loaded 7 times (x 77B)
Class com.amazon.ion.facet.Faceted                                                    : loaded 7 times (x 68B)
Class com.amazon.ion.impl.bin.IonManagedBinaryWriter$ImportedSymbolResolverMode$2     : loaded 7 times (x 78B)
Class com.amazon.ion.impl.bin.utf8.Pool                                               : loaded 7 times (x 72B)
Class com.amazon.ion.impl.bin.IonManagedBinaryWriter$ImportedSymbolResolverMode$1     : loaded 7 times (x 78B)
Class com.amazon.ion.IonFloat                                                         : loaded 7 times (x 68B)
Class com.amazon.ion.impl.IonWriterSystemTextMarkup                                   : loaded 7 times (x 190B)
Class com.amazon.ion.IonReader                                                        : loaded 7 times (x 68B)
Class org.jetbrains.plugins.gradle.tooling.serialization.AnnotationProcessingModelSerializationService: loaded 7 times (x 75B)
Class com.intellij.gradle.toolingExtension.impl.model.taskModel.GradleTaskSerialisationService: loaded 7 times (x 74B)
Class com.intellij.gradle.toolingExtension.impl.model.projectModel.GradleExternalProjectSerializationService$WriteContext: loaded 7 times (x 71B)
Class org.jetbrains.plugins.gradle.tooling.serialization.ProjectDependenciesSerializationService: loaded 7 times (x 75B)
Class org.jetbrains.plugins.gradle.tooling.serialization.RepositoriesModelSerializationService: loaded 7 times (x 80B)
Class com.amazon.ion.system.IonWriterBuilderBase                                      : loaded 7 times (x 81B)
Class com.amazon.ion.impl.bin.IonBinaryWriterAdapter$Factory                          : loaded 7 times (x 68B)
Class org.jetbrains.plugins.gradle.tooling.serialization.AnnotationProcessingModelSerializationService$ReadContext: loaded 7 times (x 70B)
Class com.amazon.ion.impl.bin.AbstractIonWriter                                       : loaded 7 times (x 159B)
Class com.android.ide.gradle.model.dependencies.DeclaredDependencies                  : loaded 7 times (x 68B)
Class com.intellij.openapi.externalSystem.model.project.dependencies.DependencyNode   : loaded 7 times (x 68B)
Class com.amazon.ion.impl._Private_Utils$1                                            : loaded 7 times (x 87B)
Class com.amazon.ion.impl.bin.utf8.Poolable                                           : loaded 7 times (x 77B)
Class org.jetbrains.kotlin.idea.gradleTooling.KotlinMPPGradleModel                    : loaded 7 times (x 68B)
Class com.amazon.ion.BufferConfiguration$OversizedValueHandler                        : loaded 7 times (x 68B)
Class com.android.ide.gradle.model.LegacyAndroidGradlePluginProperties                : loaded 7 times (x 68B)
Class com.android.ide.gradle.model.composites.BuildMap                                : loaded 7 times (x 68B)
Class com.google.common.collect.Platform                                              : loaded 7 times (x 69B)
Class com.android.ide.gradle.model.dependencies.Coordinates                           : loaded 7 times (x 68B)
Class com.amazon.ion.impl._Private_SymbolToken                                        : loaded 7 times (x 68B)
Class com.intellij.openapi.externalSystem.model.project.dependencies.AbstractDependencyNode: loaded 7 times (x 85B)
Class org.jetbrains.plugins.gradle.model.tests.ExternalTestSourceMapping              : loaded 7 times (x 68B)
Class org.jetbrains.plugins.gradle.tooling.serialization.RepositoriesModelSerializationService$WriteContext: loaded 7 times (x 70B)
Class com.amazon.ion.IonSequence                                                      : loaded 7 times (x 68B)
Class com.google.common.collect.AbstractMapBasedMultimap$WrappedSet                   : loaded 7 times (x 140B)
Class com.intellij.gradle.toolingExtension.impl.model.projectModel.GradleExternalProjectSerializationService$ReadContext: loaded 7 times (x 71B)
Class com.intellij.gradle.toolingExtension.impl.util.collectionUtil.GradleCollections : loaded 7 times (x 69B)
Class com.intellij.gradle.toolingExtension.impl.model.utilTurnOffDefaultTasksModel.TurnOffDefaultTasks: loaded 7 times (x 68B)
Class com.amazon.ion.IonText                                                          : loaded 7 times (x 68B)
Class com.amazon.ion.IonType                                                          : loaded 7 times (x 77B)
Class com.intellij.gradle.toolingExtension.impl.model.sourceSetModel.GradleSourceSetSerialisationService$SourceSetModelWriteContext: loaded 7 times (x 70B)
Class org.jetbrains.kotlin.idea.gradleTooling.AndroidAwareGradleModelProvider         : loaded 7 times (x 77B)
Class com.amazon.ion.impl.bin.IonManagedBinaryWriter$ImportedSymbolContext            : loaded 7 times (x 70B)
Class com.amazon.ion.impl.bin._Private_IonManagedWriter                               : loaded 7 times (x 68B)
Class com.amazon.ion.impl.bin.IonRawBinaryWriter$PreallocationMode                    : loaded 7 times (x 80B)
Class Build_gradle$2                                                                  : loaded 7 times (x 77B)
Class org.jetbrains.kotlin.idea.gradleTooling.PrepareKotlinIdeImportTaskModel         : loaded 7 times (x 68B)
Class com.google.common.collect.ImmutableMap$IteratorBasedImmutableMap                : loaded 7 times (x 124B)
Class com.amazon.ion.impl._Private_LocalSymbolTable                                   : loaded 7 times (x 68B)
Class com.amazon.ion.ValueFactory                                                     : loaded 7 times (x 68B)
Class com.intellij.openapi.externalSystem.model.project.dependencies.ProjectDependencies: loaded 7 times (x 68B)
Class [Lcom.amazon.ion.impl.bin.IonRawBinaryWriter$StreamFlushMode;                   : loaded 7 times (x 67B)
Class com.amazon.ion.impl.bin._Private_IonManagedBinaryWriterBuilder$AllocatorMode$2  : loaded 7 times (x 78B)
Class com.amazon.ion.impl._Private_RecyclingQueue$ElementIterator                     : loaded 7 times (x 80B)
Class com.amazon.ion.impl.bin.IonRawBinaryWriter$ThrowingRunnable                     : loaded 7 times (x 68B)
Class com.amazon.ion.impl.bin._Private_IonManagedBinaryWriterBuilder$AllocatorMode$1  : loaded 7 times (x 78B)
Class com.amazon.ion.impl.lite.IonContainerLite                                       : loaded 7 times (x 246B)
Class com.amazon.ion.IonLob                                                           : loaded 7 times (x 68B)
Class [Lcom.amazon.ion.impl.bin.IonManagedBinaryWriter$SymbolState;                   : loaded 7 times (x 67B)
Class com.amazon.ion.impl.SymbolTableAsStruct                                         : loaded 7 times (x 68B)
Class com.google.common.collect.ImmutableMap                                          : loaded 7 times (x 118B)
Class org.jetbrains.plugins.gradle.tooling.serialization.internal.IdeaProjectSerializationService: loaded 7 times (x 75B)
Class org.jetbrains.plugins.gradle.tooling.serialization.GradleExtensionsSerializationService$ReadContext: loaded 7 times (x 70B)
Class com.amazon.ion.impl.bin.utf8.Pool$Allocator                                     : loaded 7 times (x 68B)
Class com.intellij.gradle.toolingExtension.impl.model.dependencyDownloadPolicyModel.DefaultGradleDependencyDownloadPolicy: loaded 7 times (x 75B)
Class com.intellij.gradle.toolingExtension.impl.model.sourceSetDependencyModel.GradleSourceSetDependencySerialisationService$SourceSetDependencyModelReadContext: loaded 7 times (x 70B)
Class com.intellij.compose.ide.plugin.gradleTooling.rt.ComposeResourcesModel          : loaded 7 times (x 68B)
Class com.google.common.collect.AbstractSetMultimap                                   : loaded 7 times (x 172B)
Class org.jetbrains.plugins.gradle.tooling.util.ObjectCollector                       : loaded 7 times (x 70B)
Class org.jetbrains.plugins.gradle.model.tests.ExternalTestsModel                     : loaded 7 times (x 68B)
Class org.jetbrains.kotlin.idea.gradleTooling.KotlinDslScriptAdditionalTask           : loaded 7 times (x 68B)
Class com.amazon.ion.IonSystem                                                        : loaded 7 times (x 68B)
Class com.amazon.ion.BufferConfiguration                                              : loaded 7 times (x 71B)
Class com.amazon.ion.UnknownSymbolException                                           : loaded 7 times (x 84B)
Class com.google.common.base.Converter                                                : loaded 7 times (x 88B)
Class [Lcom.amazon.ion.IonType;                                                       : loaded 7 times (x 67B)
Class com.amazon.ion.impl._Private_RecyclingStack$ElementFactory                      : loaded 7 times (x 68B)
Class com.amazon.ion.impl.lite.IonNullLite                                            : loaded 7 times (x 173B)
Class org.jetbrains.plugins.gradle.tooling.serialization.internal.IdeaProjectSerializationService$WriteContext: loaded 7 times (x 70B)
Class org.jetbrains.plugins.gradle.tooling.serialization.ProjectDependenciesSerializationService$ReadContext: loaded 7 times (x 70B)
Class org.jetbrains.plugins.gradle.model.GradleBuildScriptClasspathModel              : loaded 7 times (x 68B)
Class com.amazon.ion.impl.bin.AbstractSymbolTable                                     : loaded 7 times (x 105B)
Class [Lcom.amazon.ion.impl.bin.IonRawBinaryWriter$PreallocationMode;                 : loaded 7 times (x 67B)
Class com.amazon.ion.impl.lite.IonClobLite                                            : loaded 7 times (x 218B)
Class com.amazon.ion.impl.LocalSymbolTableAsStruct                                    : loaded 7 times (x 124B)
Class com.intellij.gradle.toolingExtension.model.repositoryModel.ProjectRepositoriesModel: loaded 7 times (x 68B)
Class com.intellij.gradle.toolingExtension.util.GradleVersionSpecificsUtil            : loaded 7 times (x 69B)
Class com.amazon.ion.IonBlob                                                          : loaded 7 times (x 68B)
Class com.intellij.gradle.toolingExtension.impl.model.dependencyModel.DependencyWriteContext: loaded 7 times (x 70B)
Class com.amazon.ion.impl.bin.IonManagedBinaryWriter$SymbolResolverBuilder            : loaded 7 times (x 68B)
Class com.amazon.ion.impl.bin._Private_IonManagedBinaryWriterBuilder$AllocatorMode    : loaded 7 times (x 78B)
Class com.amazon.ion.impl.lite.IonSystemLite                                          : loaded 7 times (x 273B)
Class com.amazon.ion.IonSexp                                                          : loaded 7 times (x 68B)
Class com.amazon.ion.impl.bin.utf8.Utf8StringEncoder                                  : loaded 7 times (x 78B)
Class com.intellij.gradle.toolingExtension.impl.model.warmUp.GradleTaskWarmUpRequest  : loaded 7 times (x 68B)
Class com.amazon.ion.impl.lite.IonBoolLite                                            : loaded 7 times (x 176B)
Class com.amazon.ion.BufferConfiguration$Builder                                      : loaded 7 times (x 76B)
Class org.jetbrains.plugins.gradle.model.GradleSourceSetModel                         : loaded 7 times (x 68B)
Class com.amazon.ion.impl._Private_ValueFactory                                       : loaded 7 times (x 68B)
Class com.amazon.ion.impl.bin.IonRawBinaryWriter$StreamFlushMode                      : loaded 7 times (x 77B)
Class com.android.ide.gradle.model.AdditionalClassifierArtifactsModelParameter        : loaded 7 times (x 68B)
Class com.intellij.openapi.externalSystem.model.project.dependencies.ComponentDependencies: loaded 7 times (x 68B)
Class org.jetbrains.kotlin.idea.gradleTooling.KotlinGradlePluginVersion               : loaded 7 times (x 68B)
Class org.jetbrains.plugins.gradle.tooling.util.IntObjectMap$ObjectFactory            : loaded 7 times (x 68B)
Class com.google.common.collect.Multiset                                              : loaded 7 times (x 68B)
Class com.android.ide.gradle.model.LegacyV1AgpVersionModel                            : loaded 7 times (x 68B)
Class com.amazon.ion.impl._Private_IonValue                                           : loaded 7 times (x 68B)
Class org.jetbrains.plugins.gradle.model.UnresolvedExternalDependency                 : loaded 7 times (x 68B)
Class [Lcom.amazon.ion.SymbolTable;                                                   : loaded 7 times (x 67B)
Class com.amazon.ion.impl._Private_ByteTransferSink                                   : loaded 7 times (x 68B)
Class com.google.common.collect.Maps                                                  : loaded 7 times (x 69B)
Class com.amazon.ion.impl.lite.IonLoaderLite                                          : loaded 7 times (x 80B)
Class com.amazon.ion.impl.lite.ContainerlessContext                                   : loaded 7 times (x 78B)
Class com.google.common.collect.CollectPreconditions                                  : loaded 7 times (x 69B)
Class com.amazon.ion.impl._Private_IonWriter                                          : loaded 7 times (x 68B)
Class org.jetbrains.plugins.gradle.model.FilePatternSet                               : loaded 7 times (x 68B)
Class com.intellij.gradle.toolingExtension.impl.model.dependencyModel.DependencyReadContext: loaded 7 times (x 70B)
Class com.amazon.ion.IonList                                                          : loaded 7 times (x 68B)
Class com.amazon.ion.impl.lite.IonSequenceLite                                        : loaded 7 times (x 392B)
Class com.amazon.ion.impl._Private_IonReaderBuilder                                   : loaded 7 times (x 95B)
Class com.amazon.ion.IonDecimal                                                       : loaded 7 times (x 68B)
Class com.amazon.ion.SymbolToken                                                      : loaded 7 times (x 68B)
Class com.amazon.ion.impl.bin.PooledBlockAllocatorProvider                            : loaded 7 times (x 71B)
Class org.jetbrains.plugins.gradle.ExternalDependencyId                               : loaded 7 times (x 68B)
Class com.intellij.gradle.toolingExtension.impl.model.sourceSetDependencyModel.GradleSourceSetDependencySerialisationService$SourceSetDependencyModelWriteContext: loaded 7 times (x 70B)
Class com.amazon.ion.util._Private_FastAppendable                                     : loaded 7 times (x 68B)
Class com.amazon.ion.impl.lite.IonDecimalLite                                         : loaded 7 times (x 186B)
Class org.jetbrains.plugins.gradle.tooling.util.IntObjectMap$1                        : loaded 7 times (x 75B)
Class [Lcom.amazon.ion.impl.bin.AbstractIonWriter$WriteValueOptimization;             : loaded 7 times (x 67B)
Class com.intellij.gradle.toolingExtension.impl.model.taskModel.GradleTaskSerialisationService$Companion: loaded 7 times (x 69B)
Class org.jetbrains.plugins.gradle.model.GradleConfiguration                          : loaded 7 times (x 68B)
Class com.amazon.ion.impl.bin.PooledBlockAllocatorProvider$PooledBlockAllocator$1     : loaded 7 times (x 77B)
Class com.amazon.ion.IonValue                                                         : loaded 7 times (x 68B)
Class com.amazon.ion.impl.lite.IonValueLite                                           : loaded 7 times (x 145B)
Class com.amazon.ion.impl.lite._Private_LiteDomTrampoline                             : loaded 7 times (x 69B)
Class com.amazon.ion.impl.bin._Private_IonManagedBinaryWriterBuilder                  : loaded 7 times (x 70B)
Class com.amazon.ion.Decimal                                                          : loaded 7 times (x 131B)
Class org.jetbrains.plugins.gradle.model.FileCollectionDependency                     : loaded 7 times (x 68B)
Class com.amazon.ion.impl.lite.IonListLite                                            : loaded 7 times (x 450B)
Class com.amazon.ion.system.IonWriterBuilder                                          : loaded 7 times (x 72B)
Class com.amazon.ion.impl.bin.IonManagedBinaryWriter$LocalSymbolTableView             : loaded 7 times (x 105B)
Class com.amazon.ion.IonCatalog                                                       : loaded 7 times (x 68B)
Class com.amazon.ion.impl._Private_RecyclingQueue$ElementFactory                      : loaded 7 times (x 68B)
Class com.amazon.ion.IonBufferConfiguration                                           : loaded 7 times (x 71B)
Class com.amazon.ion.impl.bin.BlockAllocator                                          : loaded 7 times (x 78B)
Class [Lcom.amazon.ion.util.InputStreamInterceptor;                                   : loaded 7 times (x 67B)
Class org.jetbrains.plugins.gradle.model.ExternalSourceSet                            : loaded 7 times (x 68B)
Class com.amazon.ion.impl.bin.IonRawBinaryWriter$PreallocationMode$1                  : loaded 7 times (x 80B)
Class com.amazon.ion.IonSymbol                                                        : loaded 7 times (x 68B)
Class org.jetbrains.plugins.gradle.model.ExternalProjectDependency                    : loaded 7 times (x 68B)
Class com.amazon.ion.impl.bin.IonRawBinaryWriter$PreallocationMode$2                  : loaded 7 times (x 80B)
Class [Lcom.amazon.ion.impl.bin._Private_IonManagedBinaryWriterBuilder$AllocatorMode; : loaded 7 times (x 67B)
Class com.google.common.collect.ImmutableEnumMap                                      : loaded 7 times (x 124B)
Class com.amazon.ion.impl.bin.IonRawBinaryWriter$PreallocationMode$3                  : loaded 7 times (x 80B)
Class org.jetbrains.plugins.gradle.tooling.serialization.ExternalTestsSerializationService$ReadContext: loaded 7 times (x 70B)
Class com.amazon.ion.impl.lite.IonTimestampLite                                       : loaded 7 times (x 190B)
Class com.amazon.ion.impl.bin.WriteBuffer                                             : loaded 7 times (x 76B)
Class com.amazon.ion.impl._Private_RecyclingStack                                     : loaded 7 times (x 77B)
Class com.intellij.gradle.toolingExtension.impl.model.projectModel.GradleExternalProjectSerializationService: loaded 7 times (x 75B)
Class com.amazon.ion.IonWriter                                                        : loaded 7 times (x 68B)
Class com.amazon.ion.impl.lite.IonSymbolLite                                          : loaded 7 times (x 244B)
Class com.amazon.ion.impl.bin.PooledBlockAllocatorProvider$PooledBlockAllocator       : loaded 7 times (x 79B)
Class com.google.common.collect.AbstractMapBasedMultimap$WrappedCollection            : loaded 7 times (x 122B)
Class com.amazon.ion.impl._Private_RecyclingStack$Recycler                            : loaded 7 times (x 68B)
Class org.gradle.kotlin.dsl.Accessors7y9hz5zm5pocrb21isjhik2uhKt                      : loaded 7 times (x 69B)
Class com.intellij.util.containers.IntObjectHashMap                                   : loaded 7 times (x 70B)
Class com.amazon.ion.impl.lite.IonContext                                             : loaded 7 times (x 68B)
Class org.jetbrains.plugins.gradle.tooling.serialization.internal.IdeaProjectSerializationService$WriteContext$8: loaded 7 times (x 81B)
Class org.jetbrains.plugins.gradle.tooling.serialization.internal.IdeaProjectSerializationService$WriteContext$7: loaded 7 times (x 81B)
Class org.jetbrains.plugins.gradle.tooling.serialization.internal.IdeaProjectSerializationService$WriteContext$6: loaded 7 times (x 81B)
Class org.jetbrains.plugins.gradle.tooling.serialization.internal.IdeaProjectSerializationService$WriteContext$5: loaded 7 times (x 81B)
Class org.jetbrains.plugins.gradle.tooling.serialization.internal.IdeaProjectSerializationService$WriteContext$4: loaded 7 times (x 81B)
Class org.jetbrains.plugins.gradle.tooling.serialization.SerializationService         : loaded 7 times (x 68B)
Class org.jetbrains.kotlin.idea.gradleTooling.AndroidAwareGradleModelProvider$Companion: loaded 7 times (x 69B)
Class org.jetbrains.plugins.gradle.tooling.serialization.internal.IdeaProjectSerializationService$WriteContext$3: loaded 7 times (x 81B)
Class org.jetbrains.plugins.gradle.tooling.serialization.internal.IdeaProjectSerializationService$WriteContext$2: loaded 7 times (x 81B)
Class org.jetbrains.plugins.gradle.model.VersionCatalogsModel                         : loaded 7 times (x 68B)
Class org.jetbrains.plugins.gradle.tooling.serialization.internal.IdeaProjectSerializationService$WriteContext$1: loaded 7 times (x 81B)
Class com.amazon.ion.impl.bin.utf8.Utf8StringEncoder$Result                           : loaded 7 times (x 72B)
Class com.amazon.ion.impl.IonWriterSystemText                                         : loaded 7 times (x 188B)
Class com.amazon.ion.impl.bin.Symbols                                                 : loaded 7 times (x 69B)
Class com.amazon.ion.impl.LocalSymbolTableAsStruct$Factory                            : loaded 7 times (x 77B)
Class com.google.common.collect.Multimap                                              : loaded 7 times (x 68B)
Class org.jetbrains.plugins.gradle.tooling.serialization.GradleExtensionsSerializationService$WriteContext: loaded 7 times (x 70B)
Class org.jetbrains.plugins.gradle.model.GradleSourceSetDependencyModel               : loaded 7 times (x 68B)
Class org.jetbrains.plugins.gradle.model.GradleExtensions                             : loaded 7 times (x 68B)
Class com.amazon.ion.impl.LocalSymbolTable                                            : loaded 7 times (x 119B)
Class org.jetbrains.plugins.gradle.tooling.ModelBuilderService$Parameter              : loaded 7 times (x 68B)
Class com.amazon.ion.UnsupportedIonVersionException                                   : loaded 7 times (x 83B)
Class com.google.common.collect.AbstractMapBasedMultimap                              : loaded 7 times (x 137B)
Class com.amazon.ion.impl.bin.IonManagedBinaryWriter$ImportedSymbolResolverMode$1$1   : loaded 7 times (x 76B)
Class com.google.common.collect.HashMultimapGwtSerializationDependencies              : loaded 7 times (x 172B)
Class org.jetbrains.plugins.gradle.model.DependencyAccessorsModel                     : loaded 7 times (x 68B)
Class com.amazon.ion.IonClob                                                          : loaded 7 times (x 68B)
Class com.amazon.ion.impl.lite.IonBlobLite                                            : loaded 7 times (x 217B)
Class org.jetbrains.plugins.gradle.model.ClasspathEntryModel                          : loaded 7 times (x 68B)
Class com.amazon.ion.impl.lite.IonFloatLite                                           : loaded 7 times (x 184B)
Class com.amazon.ion.impl._Private_IonContainer                                       : loaded 7 times (x 68B)
Class com.intellij.gradle.toolingExtension.impl.model.utilDummyModel.DummyModel       : loaded 7 times (x 68B)
Class com.amazon.ion.impl._Private_LocalSymbolTableFactory                            : loaded 7 times (x 68B)
Class com.amazon.ion.impl.bin.IonManagedBinaryWriter$ImportedSymbolResolverMode       : loaded 7 times (x 78B)
Class com.google.common.collect.Maps$8                                                : loaded 7 times (x 80B)
Class [Lcom.amazon.ion.SymbolToken;                                                   : loaded 7 times (x 67B)
Class com.amazon.ion.impl.bin.IonRawBinaryWriter$1                                    : loaded 7 times (x 75B)
Class com.amazon.ion.impl.SharedSymbolTable                                           : loaded 7 times (x 91B)
Class org.jetbrains.plugins.gradle.tooling.serialization.internal.adapter.Supplier    : loaded 7 times (x 68B)
Class gnu.trove.TObjectCanonicalHashingStrategy                                       : loaded 7 times (x 76B)
Class com.amazon.ion.IonMutableCatalog                                                : loaded 7 times (x 68B)
Class com.intellij.gradle.toolingExtension.impl.model.dependencyDownloadPolicyModel.GradleDependencyDownloadPolicy: loaded 7 times (x 68B)
Class com.amazon.ion.system.IonSystemBuilder                                          : loaded 7 times (x 73B)
Class com.google.common.collect.BiMap                                                 : loaded 7 times (x 68B)
Class com.google.common.collect.Sets$SetView                                          : loaded 7 times (x 137B)
Class org.jetbrains.kotlin.idea.gradleTooling.KotlinSourceSetContainer                : loaded 7 times (x 68B)
Class com.google.common.collect.HashMultimap                                          : loaded 7 times (x 172B)
Class ijInit3_7wfsxxuyqzxnyuuk55hdx8kur                                               : loaded 6 times (x 177B)
Class Build_gradle$3                                                                  : loaded 6 times (x 77B)
Class org.jetbrains.kotlin.idea.gradleTooling.model.annotation.AnnotationBasedPluginModel: loaded 5 times (x 68B)
Class org.jetbrains.kotlin.idea.gradleTooling.KotlinTasksPropertyUtilsKt              : loaded 5 times (x 69B)
Class org.jetbrains.kotlin.idea.gradleTooling.model.assignment.AssignmentModel        : loaded 5 times (x 68B)
Class com.intellij.openapi.externalSystem.model.project.dependencies.UnknownDependencyNode: loaded 5 times (x 85B)
Class com.intellij.gradle.toolingExtension.impl.model.buildScriptClasspathModel.DefaultGradleBuildScriptClasspathModel: loaded 5 times (x 81B)
Class org.jetbrains.plugins.gradle.tooling.builder.WarModelBuilderImplKt              : loaded 5 times (x 69B)
Class org.jetbrains.plugins.gradle.model.ear.EarConfiguration                         : loaded 5 times (x 68B)
Class org.jetbrains.plugins.gradle.tooling.internal.DefaultRepositoryModels           : loaded 5 times (x 74B)
Class org.jetbrains.plugins.gradle.model.ExternalMultiLibraryDependency               : loaded 5 times (x 68B)
Class org.jetbrains.kotlin.idea.gradleTooling.AbstractKotlinGradleModelBuilder        : loaded 5 times (x 79B)
Class com.intellij.gradle.toolingExtension.model.repositoryModel.UrlRepositoryModel   : loaded 5 times (x 68B)
Class org.jetbrains.kotlin.idea.gradleTooling.reflect.KotlinSourceSetReflectionKt     : loaded 5 times (x 69B)
Class [Lcom.android.ide.gradle.model.builder.LegacyAndroidGradlePluginPropertiesModelBuilder$PluginType;: loaded 5 times (x 67B)
Class com.intellij.gradle.toolingExtension.impl.model.projectModel.GradleExternalProjectModelBuilder: loaded 5 times (x 84B)
Class com.android.ide.gradle.model.builder.LegacyAndroidGradlePluginPropertiesModelBuilder$Companion$MethodCacheKey: loaded 5 times (x 70B)
Class com.intellij.gradle.toolingExtension.impl.model.repositoryModel.DefaultRepositoryModel: loaded 5 times (x 74B)
Class org.jetbrains.kotlin.idea.gradleTooling.reflect.ReflectionReceiver              : loaded 5 times (x 68B)
Class ijJvmDebugger1_537i40oipsju02a703txcscda$_run_closure1$_closure2                : loaded 5 times (x 138B)
Class org.jetbrains.plugins.gradle.model.DefaultExternalProjectDependency             : loaded 5 times (x 118B)
Class com.android.ide.gradle.model.builder.LegacyAndroidGradlePluginPropertiesModelBuilder$VariantCollectionProvider: loaded 5 times (x 70B)
Class org.jetbrains.plugins.gradle.tooling.builder.ProjectRepositoriesModelBuilder$Repository: loaded 5 times (x 68B)
Class org.jetbrains.kotlin.idea.gradleTooling.reflect.KotlinCompilerArgumentsResolverReflectionKt: loaded 5 times (x 69B)
Class com.intellij.gradle.toolingExtension.impl.model.dependencyModel.GradleDependencySerialisationUtil: loaded 5 times (x 69B)
Class org.jetbrains.plugins.gradle.tooling.builder.ProjectRepositoriesModelBuilder    : loaded 5 times (x 76B)
Class com.android.ide.gradle.model.dependencies.DeclaredDependenciesModelBuilder$Companion: loaded 5 times (x 69B)
Class com.intellij.gradle.toolingExtension.impl.model.utilTurnOffDefaultTasksModel.DefaultTurnOffDefaultTasks: loaded 5 times (x 69B)
Class com.android.ide.gradle.model.composites.BuildMapModelBuilder                    : loaded 5 times (x 73B)
Class com.intellij.gradle.toolingExtension.impl.modelBuilder.DefaultModelBuilderContext: loaded 5 times (x 75B)
Class org.jetbrains.kotlin.tooling.core.InternerImpl                                  : loaded 5 times (x 74B)
Class org.jetbrains.plugins.gradle.tooling.serialization.internal.adapter.InternalBuildIdentifier: loaded 5 times (x 73B)
Class org.jetbrains.kotlin.idea.gradleTooling.OrphanSourceSetImportingChecker         : loaded 5 times (x 72B)
Class org.jetbrains.plugins.gradle.model.tests.DefaultExternalTestsModel              : loaded 5 times (x 75B)
Class com.intellij.gradle.toolingExtension.impl.model.warmUp.GradleTaskWarmUpService  : loaded 5 times (x 84B)
Class org.jetbrains.kotlin.idea.gradleTooling.reflect.ReflectionKt                    : loaded 5 times (x 69B)
Class org.jetbrains.kotlin.idea.gradleTooling.reflect.KotlinMultiplatformImportReflectionImpl$Companion: loaded 5 times (x 69B)
Class org.jetbrains.kotlin.idea.gradleTooling.KotlinDslScriptTaskModelBuilder         : loaded 5 times (x 84B)
Class com.intellij.gradle.toolingExtension.impl.model.dependencyModel.GradleDependencyTraverser: loaded 5 times (x 78B)
Class com.intellij.compose.ide.plugin.gradleTooling.rt.ComposeResourcesExtension      : loaded 5 times (x 70B)
Class org.jetbrains.kotlin.idea.gradleTooling.MultiplatformModelImportingChecker      : loaded 5 times (x 68B)
Class com.android.ide.gradle.model.ArtifactIdentifierImpl                             : loaded 5 times (x 75B)
Class org.jetbrains.kotlin.tooling.core.InternerImpl$Store$Strong                     : loaded 5 times (x 74B)
Class org.jetbrains.plugins.gradle.tooling.util.BooleanBiFunction                     : loaded 5 times (x 68B)
Class org.jetbrains.plugins.gradle.model.DefaultExternalProject                       : loaded 5 times (x 93B)
Class com.intellij.gradle.toolingExtension.impl.modelBuilder.DefaultMessageReporter   : loaded 5 times (x 73B)
Class org.jetbrains.plugins.gradle.tooling.builder.ProjectRepositoriesModelBuilder$UrlRepositoryType: loaded 5 times (x 77B)
Class com.intellij.gradle.toolingExtension.impl.modelBuilder.ExtraModelBuilder        : loaded 5 times (x 83B)
Class org.jetbrains.kotlin.idea.gradleTooling.model.lombok.LombokModelBuilderService  : loaded 5 times (x 85B)
Class org.jetbrains.plugins.gradle.tooling.builder.EarModelBuilderImpl                : loaded 5 times (x 84B)
Class org.jetbrains.kotlin.idea.gradleTooling.reflect.ReflectionReceiver$Static       : loaded 5 times (x 75B)
Class org.jetbrains.kotlin.idea.gradleTooling.KotlinTaskPropertiesImpl                : loaded 5 times (x 76B)
Class com.android.ide.gradle.model.artifacts.builder.AdditionalClassifierArtifactsModelBuilder: loaded 5 times (x 77B)
Class com.intellij.compose.ide.plugin.gradleTooling.rt.ComposeResourcesExtension$Companion: loaded 5 times (x 69B)
Class org.jetbrains.kotlin.idea.gradleTooling.KotlinMPPGradleModelBuilder$Companion   : loaded 5 times (x 69B)
Class com.intellij.gradle.toolingExtension.impl.model.taskModel.GradleTaskModelBuilder: loaded 5 times (x 84B)
Class com.android.ide.gradle.model.dependencies.DeclaredDependenciesImpl              : loaded 5 times (x 74B)
Class org.jetbrains.plugins.gradle.tooling.serialization.internal.adapter.InternalProjectIdentifier: loaded 5 times (x 74B)
Class com.android.ide.gradle.model.dependencies.DeclaredDependenciesModelBuilderKt    : loaded 5 times (x 69B)
Class org.jetbrains.kotlin.idea.gradleTooling.reflect.Parameter                       : loaded 5 times (x 70B)
Class org.jetbrains.plugins.gradle.tooling.ModelBuilderContext                        : loaded 5 times (x 68B)
Class org.jetbrains.plugins.gradle.tooling.builder.WarModelBuilderImpl                : loaded 5 times (x 84B)
Class com.intellij.openapi.externalSystem.model.project.dependencies.FileCollectionDependencyNode: loaded 5 times (x 68B)
Class com.intellij.gradle.toolingExtension.model.repositoryModel.UrlRepositoryModel$Type: loaded 5 times (x 77B)
Class com.android.ide.gradle.model.impl.GradlePluginModelImpl$Companion               : loaded 5 times (x 69B)
Class org.jetbrains.kotlin.idea.gradleTooling.reflect.KotlinMultiplatformImportReflectionImpl: loaded 5 times (x 74B)
Class org.jetbrains.kotlin.idea.gradleTooling.UtilsKt                                 : loaded 5 times (x 69B)
Class com.intellij.gradle.toolingExtension.impl.model.dependencyModel.auxiliary.AuxiliaryConfigurationArtifacts: loaded 5 times (x 72B)
Class [Lcom.intellij.openapi.externalSystem.model.project.ExternalSystemSourceType;   : loaded 5 times (x 67B)
Class com.intellij.gradle.toolingExtension.impl.model.sourceSetModel.DefaultGradleSourceSetModel: loaded 5 times (x 79B)
Class com.intellij.gradle.toolingExtension.impl.util.GradleResultUtil                 : loaded 5 times (x 69B)
Class com.intellij.openapi.externalSystem.model.project.dependencies.ArtifactDependencyNode: loaded 5 times (x 68B)
Class com.intellij.gradle.toolingExtension.impl.model.sourceSetDependencyModel.GradleSourceSetDependencyResolver$3: loaded 5 times (x 75B)
Class org.jetbrains.kotlin.idea.gradleTooling.PrepareKotlinIdeaImportTaskModelBuilder$Companion: loaded 5 times (x 69B)
Class com.intellij.gradle.toolingExtension.impl.model.sourceSetDependencyModel.GradleSourceSetDependencyModelBuilder: loaded 5 times (x 84B)
Class com.intellij.gradle.toolingExtension.impl.model.sourceSetDependencyModel.GradleSourceSetDependencyResolver$2: loaded 5 times (x 75B)
Class com.intellij.gradle.toolingExtension.impl.model.dependencyGraphModel.GradleDependencyReportGenerator: loaded 5 times (x 71B)
Class org.jetbrains.kotlin.tooling.core.InternerImpl$Store                            : loaded 5 times (x 68B)
Class com.intellij.gradle.toolingExtension.impl.model.sourceSetDependencyModel.GradleSourceSetDependencyResolver$1: loaded 5 times (x 75B)
Class com.intellij.gradle.toolingExtension.impl.model.utilDummyModel.DefaultDummyModel: loaded 5 times (x 71B)
Class JetGradlePlugin$findJetModelBuilder$0                                           : loaded 5 times (x 144B)
Class com.intellij.gradle.toolingExtension.impl.model.buildScriptClasspathModel.GradleBuildScriptClasspathModelBuilder: loaded 5 times (x 84B)
Class com.intellij.gradle.toolingExtension.impl.model.dependencyModel.GradleDependencyResolver: loaded 5 times (x 70B)
Class org.jetbrains.plugins.gradle.model.DefaultGradleConfiguration                   : loaded 5 times (x 77B)
Class com.intellij.gradle.toolingExtension.impl.javaModel.manifestModel.JavaGradleManifestModelBuilder: loaded 5 times (x 84B)
Class org.jetbrains.plugins.gradle.model.DefaultExternalLibraryDependency             : loaded 5 times (x 109B)
Class org.jetbrains.kotlin.idea.gradleTooling.KotlinGradleModelBuilder                : loaded 5 times (x 84B)
Class ijJvmDebugger1_537i40oipsju02a703txcscda                                        : loaded 5 times (x 177B)
Class org.jetbrains.plugins.gradle.tooling.ModelBuilderService$Ex                     : loaded 5 times (x 68B)
Class org.jetbrains.kotlin.idea.gradleTooling.KotlinDslScriptTaskModelBuilder$Companion: loaded 5 times (x 69B)
Class org.jetbrains.plugins.gradle.tooling.serialization.ExternalTestsSerializationService$2: loaded 5 times (x 74B)
Class org.jetbrains.plugins.gradle.tooling.serialization.ExternalTestsSerializationService$1: loaded 5 times (x 74B)
Class com.intellij.openapi.externalSystem.model.project.dependencies.ReferenceNode    : loaded 5 times (x 81B)
Class org.jetbrains.kotlin.idea.gradleTooling.reflect.KotlinCompilerArgumentsResolverReflection: loaded 5 times (x 68B)
Class org.jetbrains.plugins.gradle.tooling.builder.VersionCatalogsModelBuilder        : loaded 5 times (x 84B)
Class com.intellij.gradle.toolingExtension.impl.model.buildScriptClasspathModel.GradleBuildScriptClasspathCache: loaded 5 times (x 73B)
Class org.jetbrains.kotlin.idea.gradleTooling.reflect.ParameterList                   : loaded 5 times (x 133B)
Class com.intellij.gradle.toolingExtension.impl.model.sourceSetDependencyModel.DefaultGradleSourceSetDependencyModel: loaded 5 times (x 75B)
Class org.jetbrains.kotlin.idea.gradleTooling.PrepareKotlinIdeaImportTaskModelBuilder$Messages: loaded 5 times (x 69B)
Class org.jetbrains.kotlin.idea.gradleTooling.ResolveCompilerArgumentsKt              : loaded 5 times (x 69B)
Class ijKotlinCoroutineJvmDebugInit1_5atgtv1flrstymz6a9qf7aj4a                        : loaded 5 times (x 177B)
Class com.intellij.openapi.externalSystem.model.project.dependencies.ProjectDependencyNode: loaded 5 times (x 68B)
Class com.intellij.gradle.toolingExtension.impl.util.javaPluginUtil.JavaPluginUtil    : loaded 5 times (x 69B)
Class org.jetbrains.plugins.gradle.tooling.util.BiFunction                            : loaded 5 times (x 68B)
Class org.jetbrains.kotlin.idea.gradleTooling.KotlinGradlePluginVersion$Companion     : loaded 5 times (x 69B)
Class org.jetbrains.plugins.gradle.tooling.MessageReporter                            : loaded 5 times (x 68B)
Class com.android.ide.gradle.model.builder.LegacyAndroidGradlePluginPropertiesModelBuilder$VariantCollectionProvider$ApplicationVariant: loaded 5 times (x 70B)
Class org.jetbrains.kotlin.idea.gradleTooling.model.assignment.AssignmentModelBuilderService: loaded 5 times (x 83B)
Class com.android.ide.gradle.model.impl.GradlePluginModelImpl                         : loaded 5 times (x 76B)
Class org.jetbrains.plugins.gradle.model.ModelFactory                                 : loaded 5 times (x 69B)
Class org.jetbrains.kotlin.idea.gradleTooling.PrepareKotlinIdeaImportTaskModelBuilder$KotlinNativePlatformDependenciesKt: loaded 5 times (x 69B)
Class com.intellij.gradle.toolingExtension.impl.model.taskModel.DefaultGradleTaskModel: loaded 5 times (x 73B)
Class org.jetbrains.plugins.gradle.model.DefaultExternalTask                          : loaded 5 times (x 81B)
Class org.jetbrains.kotlin.idea.gradleTooling.model.samWithReceiver.SamWithReceiverModelBuilderService: loaded 5 times (x 83B)
Class com.intellij.gradle.toolingExtension.impl.model.dependencyModel.auxiliary.AuxiliaryArtifactResolver: loaded 5 times (x 68B)
Class org.jetbrains.plugins.gradle.model.scala.ScalaModel                             : loaded 5 times (x 68B)
Class com.intellij.openapi.externalSystem.model.project.dependencies.ComponentDependenciesImpl: loaded 5 times (x 78B)
Class org.jetbrains.plugins.gradle.tooling.util.GradleContainerUtil                   : loaded 5 times (x 69B)
Class com.intellij.gradle.toolingExtension.impl.model.utilTurnOffDefaultTasksModel.TurnOffDefaultTasksModelBuilder: loaded 5 times (x 84B)
Class org.jetbrains.kotlin.idea.gradleTooling.reflect.TypeToken$Companion             : loaded 5 times (x 69B)
Class org.jetbrains.kotlin.idea.gradleTooling.reflect.KotlinSourceSetReflection       : loaded 5 times (x 68B)
Class org.jetbrains.kotlin.idea.gradleTooling.model.allopen.AllOpenModel              : loaded 5 times (x 68B)
Class org.jetbrains.kotlin.tooling.core.KotlinToolingVersion$Maturity                 : loaded 5 times (x 77B)
Class com.intellij.gradle.toolingExtension.impl.model.dependencyDownloadPolicyModel.GradleDependencyDownloadPolicyBuilder: loaded 5 times (x 84B)
Class org.jetbrains.plugins.gradle.tooling.builder.ProjectExtensionsDataBuilderImpl$Companion: loaded 5 times (x 69B)
Class com.intellij.gradle.toolingExtension.util.GradleReflectionUtil                  : loaded 5 times (x 69B)
Class com.android.ide.gradle.model.builder.LegacyV1AgpVersionModelBuilder             : loaded 5 times (x 73B)
Class com.intellij.gradle.toolingExtension.impl.model.sourceSetModel.GradleSourceSetResolutionContext: loaded 5 times (x 71B)
Class org.jetbrains.plugins.gradle.tooling.builder.AnnotationProcessingModelBuilder   : loaded 5 times (x 84B)
Class org.jetbrains.plugins.gradle.tooling.builder.DependencyAccessorsModelBuilder    : loaded 5 times (x 79B)
Class org.jetbrains.kotlin.idea.gradleTooling.KotlinGradlePluginVersionImpl           : loaded 5 times (x 76B)
Class ijJvmDebugger1_537i40oipsju02a703txcscda$_run_closure1                          : loaded 5 times (x 137B)
Class org.jetbrains.kotlin.idea.gradleTooling.model.allopen.AllOpenModelBuilderService: loaded 5 times (x 83B)
Class org.jetbrains.plugins.gradle.model.DefaultExternalSourceSet                     : loaded 5 times (x 80B)
Class com.android.ide.gradle.model.composites.BuildMapImpl                            : loaded 5 times (x 73B)
Class org.jetbrains.kotlin.idea.gradleTooling.reflect.KotlinExtensionReflection       : loaded 5 times (x 70B)
Class com.android.ide.gradle.model.builder.LegacyAndroidGradlePluginPropertiesModelBuilder: loaded 5 times (x 78B)
Class com.android.ide.gradle.model.builder.LegacyAndroidGradlePluginPropertiesModelBuilder$VariantCollectionProvider$AndroidTest: loaded 5 times (x 70B)
Class com.intellij.gradle.toolingExtension.impl.model.sourceSetArtifactIndex.GradleSourceSetArtifactIndex: loaded 5 times (x 76B)
Class org.jetbrains.plugins.gradle.tooling.builder.ProjectRepositoriesModelBuilder$WhenMappings: loaded 5 times (x 69B)
Class com.intellij.gradle.toolingExtension.impl.javaModel.manifestModel.DefaultJavaGradleManifestModel: loaded 5 times (x 74B)
Class com.intellij.gradle.toolingExtension.impl.model.sourceSetArtifactIndex.GradleSourceSetArtifactModel: loaded 5 times (x 74B)
Class org.jetbrains.kotlin.idea.gradleTooling.reflect.KotlinAndroidSourceSetInfoReflection: loaded 5 times (x 68B)
Class org.jetbrains.plugins.gradle.model.DefaultGradleProperty                        : loaded 5 times (x 76B)
Class org.jetbrains.kotlin.tooling.core.KotlinToolingVersionKt                        : loaded 5 times (x 69B)
Class org.jetbrains.kotlin.idea.gradleTooling.model.annotation.AnnotationBasedPluginModelBuilderService: loaded 5 times (x 83B)
Class org.jetbrains.kotlin.idea.gradleTooling.KotlinGradleModelImpl                   : loaded 5 times (x 82B)
Class org.jetbrains.kotlin.idea.gradleTooling.reflect.GradleReflectionLogger          : loaded 5 times (x 73B)
Class org.jetbrains.kotlin.idea.gradleTooling.PrepareKotlinIdeaImportTaskModelBuilder : loaded 5 times (x 84B)
Class org.jetbrains.plugins.gradle.tooling.AbstractModelBuilderService                : loaded 5 times (x 84B)
Class org.jetbrains.plugins.gradle.tooling.internal.MavenRepositoryModelImpl          : loaded 5 times (x 76B)
Class org.jetbrains.plugins.gradle.model.DefaultDependencyAccessorsModel              : loaded 5 times (x 74B)
Class org.jetbrains.kotlin.idea.gradleTooling.model.noarg.NoArgModel                  : loaded 5 times (x 68B)
Class com.intellij.gradle.toolingExtension.impl.model.dependencyModel.GradleDependencyResolver$1: loaded 5 times (x 75B)
Class org.jetbrains.kotlin.idea.gradleTooling.model.kapt.KaptGradleModelImpl          : loaded 5 times (x 75B)
Class ijKotlinCoroutineJvmDebugInit1_5atgtv1flrstymz6a9qf7aj4a$_run_closure1          : loaded 5 times (x 137B)
Class com.intellij.gradle.toolingExtension.impl.util.collectionUtil.GradleCollectionVisitor: loaded 5 times (x 68B)
Class org.jetbrains.kotlin.idea.gradleTooling.model.parcelize.ParcelizeModelBuilderService: loaded 5 times (x 79B)
Class com.intellij.gradle.toolingExtension.impl.util.GradleObjectUtil                 : loaded 5 times (x 69B)
Class com.android.ide.gradle.model.impl.LegacyAndroidGradlePluginPropertiesImpl       : loaded 5 times (x 81B)
Class org.jetbrains.plugins.gradle.model.DefaultGradleExtensions                      : loaded 5 times (x 86B)
Class org.jetbrains.kotlin.idea.gradleTooling.reflect.KotlinMultiplatformImportReflection: loaded 5 times (x 68B)
Class org.jetbrains.kotlin.idea.gradleTooling.model.kapt.KaptModelBuilderService      : loaded 5 times (x 84B)
Class org.jetbrains.kotlin.idea.gradleTooling.AbstractKotlinGradleModelBuilder$Companion: loaded 5 times (x 69B)
Class org.jetbrains.plugins.gradle.DefaultExternalDependencyId                        : loaded 5 times (x 78B)
Class org.jetbrains.plugins.gradle.tooling.serialization.RepositoriesModelSerializationService$2: loaded 5 times (x 74B)
Class org.jetbrains.plugins.gradle.tooling.internal.ClasspathEntryModelImpl           : loaded 5 times (x 78B)
Class com.intellij.gradle.toolingExtension.impl.model.repositoryModel.DefaultProjectRepositoriesModel: loaded 5 times (x 74B)
Class org.jetbrains.plugins.gradle.tooling.serialization.RepositoriesModelSerializationService$1: loaded 5 times (x 74B)
Class org.jetbrains.plugins.gradle.tooling.builder.ProjectRepositoriesModelBuilder$UrlRepository: loaded 5 times (x 73B)
Class org.jetbrains.plugins.gradle.model.DefaultUnresolvedExternalDependency          : loaded 5 times (x 109B)
Class [Lcom.intellij.gradle.toolingExtension.model.repositoryModel.UrlRepositoryModel$Type;: loaded 5 times (x 67B)
Class org.jetbrains.kotlin.idea.gradleTooling.model.parcelize.ParcelizeGradleModel    : loaded 5 times (x 68B)
Class [Lorg.jetbrains.plugins.gradle.tooling.builder.ProjectRepositoriesModelBuilder$UrlRepositoryType;: loaded 5 times (x 67B)
Class JetGradlePlugin                                                                 : loaded 5 times (x 94B)
Class org.jetbrains.kotlin.idea.gradleTooling.model.noarg.NoArgModelBuilderService    : loaded 5 times (x 83B)
Class com.android.ide.gradle.model.builder.GradlePluginModelBuilder                   : loaded 5 times (x 73B)
Class [Lorg.jetbrains.kotlin.idea.gradleTooling.reflect.Parameter;                    : loaded 5 times (x 67B)
Class org.jetbrains.kotlin.idea.gradleTooling.KotlinMPPGradleModelBuilder             : loaded 5 times (x 84B)
Class org.jetbrains.plugins.gradle.tooling.serialization.GradleExtensionsSerializationService$3: loaded 5 times (x 74B)
Class org.jetbrains.plugins.gradle.tooling.serialization.GradleExtensionsSerializationService$2: loaded 5 times (x 74B)
Class [Lcom.intellij.openapi.externalSystem.model.project.IExternalSystemSourceType;  : loaded 5 times (x 67B)
Class com.android.ide.gradle.model.builder.AndroidStudioToolingPluginKt               : loaded 5 times (x 69B)
Class com.intellij.gradle.toolingExtension.impl.model.utilDummyModel.DummyModelBuilder: loaded 5 times (x 84B)
Class com.intellij.openapi.externalSystem.model.project.dependencies.FileCollectionDependencyNodeImpl: loaded 5 times (x 89B)
Class org.jetbrains.plugins.gradle.tooling.serialization.GradleExtensionsSerializationService$1: loaded 5 times (x 74B)
Class org.jetbrains.plugins.gradle.tooling.builder.MavenRepositoriesModelBuilder      : loaded 5 times (x 79B)
Class [Lcom.android.ide.gradle.model.builder.LegacyAndroidGradlePluginPropertiesModelBuilder$VariantCollectionProvider;: loaded 5 times (x 67B)
Class com.android.ide.gradle.model.builder.LegacyAndroidGradlePluginPropertiesModelBuilder$VariantCollectionProvider$LibraryVariant: loaded 5 times (x 70B)
Class com.intellij.gradle.toolingExtension.impl.util.javaPluginUtil.JavaPluginAccessor: loaded 5 times (x 68B)
Class JetGradlePlugin$getJetModelBuilderOrRegisterIfAbsent                            : loaded 5 times (x 144B)
Class org.jetbrains.kotlin.tooling.core.Interner                                      : loaded 5 times (x 68B)
Class com.android.ide.gradle.model.dependencies.DeclaredDependenciesModelBuilder      : loaded 5 times (x 73B)
Class com.intellij.gradle.toolingExtension.impl.model.dependencyGraphModel.GradleDependencyGraphModelBuilder: loaded 5 times (x 80B)
Class com.intellij.openapi.externalSystem.model.project.dependencies.ProjectDependenciesImpl: loaded 5 times (x 75B)
Class org.jetbrains.plugins.gradle.tooling.builder.ExternalTestsModelBuilderImpl      : loaded 5 times (x 76B)
Class org.jetbrains.kotlin.idea.gradleTooling.reflect.ParameterList$Companion         : loaded 5 times (x 69B)
Class com.intellij.gradle.toolingExtension.impl.util.javaPluginUtil.ExtensionJavaPluginAccessor: loaded 5 times (x 80B)
Class com.android.ide.gradle.model.builder.LegacyAndroidGradlePluginPropertiesModelBuilder$Companion: loaded 5 times (x 69B)
Class org.jetbrains.plugins.gradle.tooling.ModelBuilderContext$DataProvider           : loaded 5 times (x 68B)
Class com.intellij.gradle.toolingExtension.impl.model.buildScriptClasspathModel.GradleBuildScriptClasspathSerializationService$1: loaded 5 times (x 74B)
Class org.jetbrains.plugins.gradle.model.FilePatternSetImpl                           : loaded 5 times (x 74B)
Class org.jetbrains.kotlin.idea.gradleTooling.KotlinMPPGradleModelBinary              : loaded 5 times (x 68B)
Class com.intellij.gradle.toolingExtension.impl.model.resourceFilterModel.GradleResourceFilterModelBuilder: loaded 5 times (x 69B)
Class com.android.ide.gradle.model.artifacts.AdditionalClassifierArtifacts            : loaded 5 times (x 68B)
Class org.jetbrains.kotlin.idea.gradleTooling.reflect.TypeToken                       : loaded 5 times (x 70B)
Class org.jetbrains.plugins.gradle.model.AbstractExternalDependency                   : loaded 5 times (x 104B)
Class com.android.ide.gradle.model.builder.AndroidStudioToolingPlugin                 : loaded 5 times (x 73B)
Class org.jetbrains.kotlin.idea.gradleTooling.reflect.KotlinCompilerArgumentsResolverReflectionImpl: loaded 5 times (x 73B)
Class com.intellij.gradle.toolingExtension.impl.model.dependencyModel.GradleDependencyTraverser$Itr: loaded 5 times (x 81B)
Class org.jetbrains.plugins.gradle.model.DefaultGradleExtension                       : loaded 5 times (x 78B)
Class com.intellij.gradle.toolingExtension.impl.model.repositoryModel.DefaultUrlRepositoryModel: loaded 5 times (x 80B)
Class org.jetbrains.kotlin.idea.gradleTooling.reflect.ReflectionLogger                : loaded 5 times (x 68B)
Class com.android.ide.gradle.model.dependencies.CoordinatesImpl                       : loaded 5 times (x 75B)
Class com.intellij.gradle.toolingExtension.impl.model.sourceSetDependencyModel.GradleSourceSetDependencyResolver: loaded 5 times (x 70B)
Class org.jetbrains.kotlin.idea.gradleTooling.reflect.KotlinLanguageSettingsReflection: loaded 5 times (x 68B)
Class org.jetbrains.kotlin.idea.gradleTooling.ModelBuilderUtilsKt                     : loaded 5 times (x 69B)
Class com.intellij.gradle.toolingExtension.impl.util.GradleIdeaPluginUtil             : loaded 5 times (x 69B)
Class org.jetbrains.plugins.gradle.tooling.builder.EarModelBuilderImplKt              : loaded 5 times (x 69B)
Class org.jetbrains.plugins.gradle.tooling.builder.ScalaModelBuilderImpl              : loaded 5 times (x 79B)
Class org.jetbrains.kotlin.idea.gradleTooling.reflect.KotlinExtensionReflection$Companion: loaded 5 times (x 69B)
Class org.jetbrains.plugins.gradle.tooling.builder.ProjectExtensionsDataBuilderImpl   : loaded 5 times (x 76B)
Class org.jetbrains.plugins.gradle.tooling.builder.IntelliJProjectSettingsBuilder     : loaded 5 times (x 76B)
Class org.jetbrains.kotlin.idea.gradleTooling.AndroidAwareGradleModelProvider$Result  : loaded 5 times (x 70B)
Class org.jetbrains.plugins.gradle.tooling.serialization.ProjectDependenciesSerializationService$7: loaded 5 times (x 74B)
Class com.intellij.openapi.externalSystem.model.project.dependencies.ProjectDependencyNodeImpl: loaded 5 times (x 91B)
Class org.jetbrains.plugins.gradle.tooling.serialization.ProjectDependenciesSerializationService$6: loaded 5 times (x 74B)
Class org.jetbrains.plugins.gradle.tooling.MessageReportBuilder                       : loaded 5 times (x 68B)
Class org.jetbrains.kotlin.idea.gradleTooling.KotlinMPPGradleModelBinaryBuilder       : loaded 5 times (x 84B)
Class com.intellij.gradle.toolingExtension.impl.model.sourceSetModel.GradleSourceSetModelBuilder$4: loaded 5 times (x 81B)
Class org.jetbrains.plugins.gradle.tooling.serialization.ProjectDependenciesSerializationService$5: loaded 5 times (x 74B)
Class org.jetbrains.plugins.gradle.tooling.serialization.ProjectDependenciesSerializationService$4: loaded 5 times (x 74B)
Class org.jetbrains.plugins.gradle.model.tests.DefaultExternalTestSourceMapping       : loaded 5 times (x 81B)
Class com.intellij.gradle.toolingExtension.impl.model.sourceSetModel.GradleSourceSetModelBuilder: loaded 5 times (x 84B)
Class org.jetbrains.plugins.gradle.model.AbstractExternalDependency$2                 : loaded 5 times (x 74B)
Class com.android.ide.gradle.model.impl.GradlePropertiesModelImpl                     : loaded 5 times (x 78B)
Class org.jetbrains.plugins.gradle.tooling.serialization.ProjectDependenciesSerializationService$2: loaded 5 times (x 74B)
Class org.jetbrains.plugins.gradle.tooling.serialization.ProjectDependenciesSerializationService$1: loaded 5 times (x 74B)
Class com.android.ide.gradle.model.builder.GradlePropertiesModelBuilder               : loaded 5 times (x 73B)
Class com.intellij.gradle.toolingExtension.impl.util.GradleProjectUtil                : loaded 5 times (x 69B)
Class org.jetbrains.kotlin.tooling.core.InternerKt                                    : loaded 5 times (x 69B)
Class org.jetbrains.plugins.gradle.tooling.ModelBuilderService                        : loaded 5 times (x 68B)
Class org.jetbrains.plugins.gradle.model.DefaultFileCollectionDependency              : loaded 5 times (x 108B)
Class com.intellij.gradle.toolingExtension.impl.model.sourceSetModel.GradleSourceSetModelBuilder$3: loaded 5 times (x 81B)
Class org.jetbrains.plugins.gradle.model.web.WebConfiguration                         : loaded 5 times (x 68B)
Class org.jetbrains.plugins.gradle.tooling.internal.VersionCatalogsModelImpl          : loaded 5 times (x 74B)
Class com.intellij.gradle.toolingExtension.impl.model.dependencyGraphModel.GradleDependencyReportGenerator$IdGenerator: loaded 5 times (x 71B)
Class com.android.ide.gradle.model.artifacts.impl.AdditionalClassifierArtifactsModelImpl: loaded 5 times (x 74B)
Class com.intellij.gradle.toolingExtension.impl.model.dependencyModel.auxiliary.AuxiliaryArtifactResolverImpl: loaded 5 times (x 74B)
Class com.intellij.gradle.toolingExtension.impl.model.dependencyDownloadPolicyModel.GradleDependencyDownloadPolicyCache: loaded 5 times (x 73B)
Class com.intellij.compose.ide.plugin.gradleTooling.rt.ComposeResourcesModelBuilder   : loaded 5 times (x 76B)
Class org.jetbrains.kotlin.idea.gradleTooling.model.lombok.LombokModel                : loaded 5 times (x 68B)
Class com.android.ide.gradle.model.builder.LegacyAndroidGradlePluginPropertiesModelBuilder$PluginType: loaded 5 times (x 77B)
Class com.intellij.openapi.externalSystem.model.project.dependencies.ArtifactDependencyNodeImpl: loaded 5 times (x 93B)
Class ijKotlinCoroutineJvmDebugInit1_5atgtv1flrstymz6a9qf7aj4a$_run_closure1$_closure2: loaded 5 times (x 137B)
Class org.jetbrains.plugins.gradle.model.DefaultExternalSourceDirectorySet            : loaded 5 times (x 81B)
Class [Lorg.jetbrains.kotlin.tooling.core.KotlinToolingVersion$Maturity;              : loaded 5 times (x 67B)
Class org.jetbrains.kotlin.idea.gradleTooling.GetAdditionalVisibleSourceSetsKt        : loaded 5 times (x 69B)
Class org.jetbrains.plugins.gradle.tooling.ModelBuilderService$ParameterizedModelBuilderService: loaded 5 times (x 68B)
Class com.intellij.gradle.toolingExtension.impl.util.GradleTaskUtil                   : loaded 5 times (x 69B)
Class org.jetbrains.kotlin.idea.gradleTooling.reflect.KotlinSourceSetReflectionImpl   : loaded 5 times (x 80B)
Class com.intellij.gradle.toolingExtension.impl.model.sourceSetModel.GradleSourceSetModelBuilder$1: loaded 5 times (x 81B)
Class com.intellij.gradle.toolingExtension.impl.model.sourceSetModel.GradleSourceSetModelBuilder$2: loaded 5 times (x 81B)
Class org.jetbrains.kotlin.idea.gradleTooling.model.samWithReceiver.SamWithReceiverModel: loaded 5 times (x 68B)
Class com.intellij.openapi.externalSystem.model.project.ExternalSystemSourceType      : loaded 5 times (x 83B)
Class org.jetbrains.kotlin.idea.gradleTooling.reflect.ReflectionReceiver$Instance     : loaded 5 times (x 75B)
Class com.intellij.gradle.toolingExtension.impl.model.sourceSetArtifactIndex.GradleSourceSetArtifactIndexBuilder: loaded 5 times (x 84B)
Class org.jetbrains.kotlin.idea.gradleTooling.reflect.KotlinSourceSetReflectionImpl$Companion: loaded 5 times (x 69B)
Class org.jetbrains.plugins.gradle.tooling.builder.IntelliJSettingsBuilder            : loaded 5 times (x 76B)
Class org.jetbrains.plugins.gradle.tooling.serialization.ToolingStreamApiUtilsKt      : loaded 5 times (x 69B)
Class com.google.common.base.CharMatcher$InRange                                      : loaded 4 times (x 110B)
Class com.google.common.collect.RegularImmutableSet                                   : loaded 4 times (x 147B)
Class com.google.common.collect.ImmutableList$1                                       : loaded 4 times (x 95B)
Class com.intellij.gradle.toolingExtension.impl.initScript.util.GradleJvmForkedDebuggerHelper: loaded 4 times (x 69B)
Class com.google.common.collect.ImmutableSortedSet                                    : loaded 4 times (x 234B)
Class com.google.common.collect.ImmutableSet$CachingAsList                            : loaded 4 times (x 146B)
Class org.gradle.api.GradleException                                                  : loaded 4 times (x 80B)
Class com.google.common.collect.RegularImmutableList                                  : loaded 4 times (x 173B)
Class com.google.common.collect.ImmutableRangeSet$Builder                             : loaded 4 times (x 75B)
Class com.google.common.collect.UsingToStringOrdering                                 : loaded 4 times (x 112B)
Class com.google.common.base.CharMatcher$Negated                                      : loaded 4 times (x 112B)
Class com.google.common.collect.ImmutableSet$RegularSetBuilderImpl                    : loaded 4 times (x 75B)
Class com.google.common.collect.ImmutableList$Builder                                 : loaded 4 times (x 75B)
Class com.google.common.base.CharMatcher$IsEither                                     : loaded 4 times (x 110B)
Class com.google.common.base.CharMatcher$AnyOf                                        : loaded 4 times (x 111B)
Class com.google.common.collect.ImmutableAsList                                       : loaded 4 times (x 169B)
Class com.google.common.collect.RangeGwtSerializationDependencies                     : loaded 4 times (x 69B)
Class com.google.common.collect.LexicographicalOrdering                               : loaded 4 times (x 113B)
Class com.intellij.gradle.toolingExtension.impl.initScript.util.GradleLifecycleUtil   : loaded 4 times (x 69B)
Class com.google.common.collect.ComparatorOrdering                                    : loaded 4 times (x 113B)
Class com.google.common.base.CharMatcher$BitSetMatcher                                : loaded 4 times (x 111B)
Class com.google.common.collect.ForwardingObject                                      : loaded 4 times (x 70B)
Class com.google.common.collect.Lists$RandomAccessReverseList                         : loaded 4 times (x 160B)
Class com.google.common.collect.AllEqualOrdering                                      : loaded 4 times (x 112B)
Class org.gradle.internal.IoActions                                                   : loaded 4 times (x 69B)
Class ijKotlinCoroutineJvmDebugInit1_5atgtv1flrstymz6a9qf7aj4a$_run_closure1$_closure3: loaded 4 times (x 137B)
Class com.google.common.base.CharMatcher$Is                                           : loaded 4 times (x 110B)
Class com.google.common.collect.CompoundOrdering                                      : loaded 4 times (x 113B)
Class com.google.common.collect.RegularImmutableAsList                                : loaded 4 times (x 177B)
Class com.google.common.base.CharMatcher$NegatedFastMatcher                           : loaded 4 times (x 112B)
Class com.google.common.base.Joiner                                                   : loaded 4 times (x 78B)
Class com.intellij.gradle.toolingExtension.impl.initScript.util.GradleTasksUtil       : loaded 4 times (x 69B)
Class com.google.common.base.CharMatcher$FastMatcher                                  : loaded 4 times (x 110B)
Class com.google.common.collect.SingletonImmutableSet                                 : loaded 4 times (x 144B)
Class com.google.common.collect.ReverseNaturalOrdering                                : loaded 4 times (x 112B)
Class com.google.common.base.Joiner$2                                                 : loaded 4 times (x 78B)
Class org.gradle.api.Action                                                           : loaded 4 times (x 68B)
Class com.google.common.base.Joiner$1                                                 : loaded 4 times (x 79B)
Class com.google.common.collect.Range                                                 : loaded 4 times (x 84B)
Class com.google.common.base.CharMatcher$1                                            : loaded 4 times (x 112B)
Class com.google.common.base.CharMatcher$And                                          : loaded 4 times (x 111B)
Class com.google.common.collect.RangeSet                                              : loaded 4 times (x 68B)
Class com.google.common.collect.ExplicitOrdering                                      : loaded 4 times (x 113B)
Class com.google.common.collect.AbstractRangeSet                                      : loaded 4 times (x 112B)
Class com.google.common.collect.SingletonImmutableList                                : loaded 4 times (x 167B)
Class com.intellij.gradle.toolingExtension.impl.initScript.util.GradleDebuggerUtil    : loaded 4 times (x 69B)
Class com.google.common.collect.ImmutableRangeSet$1                                   : loaded 4 times (x 170B)
Class com.google.common.collect.ImmutableRangeSet$AsSet                               : loaded 4 times (x 234B)
Class com.google.common.collect.SortedIterable                                        : loaded 4 times (x 68B)
Class com.google.common.base.CharMatcher$NamedFastMatcher                             : loaded 4 times (x 111B)
Class com.google.common.collect.Ordering                                              : loaded 4 times (x 112B)
Class com.google.common.collect.Lists$ReverseList$1                                   : loaded 4 times (x 97B)
Class com.google.common.base.CharMatcher$ForPredicate                                 : loaded 4 times (x 111B)
Class com.google.common.collect.ImmutableList$SubList                                 : loaded 4 times (x 169B)
Class com.google.common.collect.ImmutableRangeSet                                     : loaded 4 times (x 113B)
Class com.google.common.collect.RegularImmutableSortedSet                             : loaded 4 times (x 234B)
Class com.google.common.base.CharMatcher$IsNot                                        : loaded 4 times (x 110B)
Class com.google.common.collect.Lists$ReverseList                                     : loaded 4 times (x 160B)
Class com.google.common.base.CharMatcher                                              : loaded 4 times (x 110B)
Class com.google.common.collect.NullsFirstOrdering                                    : loaded 4 times (x 113B)
Class com.google.common.collect.ReverseOrdering                                       : loaded 4 times (x 113B)
Class com.google.common.collect.ImmutableRangeSet$ComplementRanges                    : loaded 4 times (x 167B)
Class com.intellij.gradle.toolingExtension.impl.initScript.util.GradleJvmForkedDebuggerHelper$getTasksToDebug: loaded 4 times (x 144B)
Class com.google.common.collect.ImmutableList$ReverseImmutableList                    : loaded 4 times (x 169B)
Class com.google.common.collect.ImmutableSet$SetBuilderImpl                           : loaded 4 times (x 74B)
Class com.google.common.base.Predicate                                                : loaded 4 times (x 68B)
Class com.intellij.gradle.toolingExtension.impl.util.collectionUtil.GradleCollectionUtil: loaded 4 times (x 69B)
Class com.google.common.base.CharMatcher$Or                                           : loaded 4 times (x 111B)
Class com.google.common.collect.NaturalOrdering                                       : loaded 4 times (x 113B)
Class com.google.common.collect.ImmutableSortedAsList                                 : loaded 4 times (x 181B)
Class org.gradle.internal.Cast                                                        : loaded 4 times (x 69B)
Class com.google.common.collect.ImmutableCollection$Builder                           : loaded 4 times (x 74B)
Class com.google.common.collect.ByFunctionOrdering                                    : loaded 4 times (x 113B)
Class com.google.common.collect.NullsLastOrdering                                     : loaded 4 times (x 113B)
Class kotlin.coroutines.jvm.internal.BaseContinuationImpl                             : loaded 3 times (x 85B)
Class kotlin.io.FilesKt__FileTreeWalkKt                                               : loaded 3 times (x 69B)
Class org.gradle.tooling.internal.adapter.ProtocolToModelAdapter$ViewGraphDetails$1   : loaded 3 times (x 75B)
Class com.android.builder.model.v2.ide.ViewBindingOptions                             : loaded 3 times (x 68B)
Class kotlin.collections.MapsKt__MapsJVMKt                                            : loaded 3 times (x 69B)
Class kotlin.coroutines.intrinsics.IntrinsicsKt__IntrinsicsJvmKt                      : loaded 3 times (x 69B)
Class build_dvef092kwqjysmagc3p7ah1mh$_run_closure1                                   : loaded 3 times (x 137B)
Class com.android.builder.model.v2.ide.BundleInfo                                     : loaded 3 times (x 68B)
Class com.android.ide.common.repository.AgpVersion$PreviewKind$Companion              : loaded 3 times (x 69B)
Class org.jetbrains.kotlin.config.LanguageVersion$Companion                           : loaded 3 times (x 69B)
Class kotlin.text.MatchResult                                                         : loaded 3 times (x 68B)
Class kotlin.text.StringsKt__AppendableKt                                             : loaded 3 times (x 69B)
Class kotlin.text.Regex$Companion                                                     : loaded 3 times (x 69B)
Class kotlin.comparisons.ComparisonsKt___ComparisonsKt                                : loaded 3 times (x 69B)
Class com.android.builder.model.v2.dsl.DependenciesInfo                               : loaded 3 times (x 68B)
Class org.gradle.internal.time.TimeSource                                             : loaded 3 times (x 68B)
Class kotlin.text.StringsKt__StringsKt                                                : loaded 3 times (x 69B)
Class com.google.common.collect.NullnessCasts                                         : loaded 3 times (x 69B)
Class org.gradle.tooling.internal.adapter.ProtocolToModelAdapter$1                    : loaded 3 times (x 73B)
Class kotlin.text.StringsKt                                                           : loaded 3 times (x 69B)
Class org.gradle.tooling.internal.adapter.TypeInspector                               : loaded 3 times (x 71B)
Class com.android.builder.model.v2.ide.UnresolvedDependency                           : loaded 3 times (x 68B)
Class [Lcom.android.builder.model.v2.ide.AaptOptions$Namespacing;                     : loaded 3 times (x 67B)
Class kotlin.collections.CollectionsKt__ReversedViewsKt                               : loaded 3 times (x 69B)
Class kotlin.jvm.internal.ArrayIteratorKt                                             : loaded 3 times (x 69B)
Class org.jetbrains.kotlin.config.JvmDefaultMode$Companion                            : loaded 3 times (x 69B)
Class kotlin.collections.ArraysKt___ArraysKt                                          : loaded 3 times (x 69B)
Class org.jetbrains.kotlin.config.ApiVersion$Companion                                : loaded 3 times (x 69B)
Class org.gradle.tooling.model.DomainObjectSet                                        : loaded 3 times (x 68B)
Class com.android.builder.model.v2.models.AndroidProject                              : loaded 3 times (x 68B)
Class kotlin.coroutines.jvm.internal.DebugProbesKt                                    : loaded 3 times (x 69B)
Class org.gradle.tooling.model.build.GradleEnvironment                                : loaded 3 times (x 68B)
Class com.android.builder.model.v2.ide.AndroidGradlePluginProjectFlags                : loaded 3 times (x 68B)
Class kotlin.collections.ArrayDeque$Companion                                         : loaded 3 times (x 69B)
Class kotlin.collections.ArraysUtilJVM                                                : loaded 3 times (x 69B)
Class kotlin.reflect.KCallable                                                        : loaded 3 times (x 68B)
Class org.gradle.tooling.model.Model                                                  : loaded 3 times (x 68B)
Class kotlin.sequences.SequencesKt___SequencesJvmKt                                   : loaded 3 times (x 69B)
Class kotlin.collections.MapsKt__MapsKt                                               : loaded 3 times (x 69B)
Class kotlin.reflect.KDeclarationContainer                                            : loaded 3 times (x 68B)
Class kotlin.sequences.TransformingSequence                                           : loaded 3 times (x 73B)
Class kotlin.jvm.internal.CallableReference$NoReceiver                                : loaded 3 times (x 69B)
Class org.jetbrains.kotlin.config.AnalysisFlag                                        : loaded 3 times (x 70B)
Class com.android.builder.model.v2.ide.AaptOptions$Namespacing                        : loaded 3 times (x 77B)
Class org.jetbrains.kotlin.config.LanguageOrApiVersion                                : loaded 3 times (x 68B)
Class com.android.ide.common.repository.AgpVersion                                    : loaded 3 times (x 73B)
Class kotlin.sequences.SequenceScope                                                  : loaded 3 times (x 71B)
Class kotlin.coroutines.Continuation                                                  : loaded 3 times (x 68B)
Class kotlin.collections.CollectionsKt__IteratorsKt                                   : loaded 3 times (x 69B)
Class [Lorg.jetbrains.kotlin.utils.DescriptionAware;                                  : loaded 3 times (x 67B)
Class kotlin.collections.CollectionsKt__MutableCollectionsJVMKt                       : loaded 3 times (x 69B)
Class kotlin.text.StringsKt__StringNumberConversionsJVMKt                             : loaded 3 times (x 69B)
Class [Lorg.jetbrains.kotlin.config.ExplicitApiMode;                                  : loaded 3 times (x 67B)
Class [Lcom.android.ide.common.repository.AgpVersion$PreviewKind;                     : loaded 3 times (x 67B)
Class kotlin.collections.EmptyList                                                    : loaded 3 times (x 134B)
Class org.gradle.tooling.model.BuildIdentifier                                        : loaded 3 times (x 68B)
Class build_dvef092kwqjysmagc3p7ah1mh$_run_closure2                                   : loaded 3 times (x 137B)
Class kotlin.collections.ArraysKt                                                     : loaded 3 times (x 69B)
Class org.gradle.tooling.internal.adapter.ProtocolToModelAdapter$SupportedPropertyInvoker: loaded 3 times (x 74B)
Class org.gradle.internal.exceptions.MultiCauseException                              : loaded 3 times (x 68B)
Class kotlin.jvm.internal.markers.KMappedMarker                                       : loaded 3 times (x 68B)
Class org.gradle.internal.exceptions.NonGradleCauseExceptionsHolder                   : loaded 3 times (x 68B)
Class com.android.builder.model.v2.ide.CodeShrinker                                   : loaded 3 times (x 77B)
Class com.android.builder.model.v2.ide.AndroidGradlePluginProjectFlags$BooleanFlag    : loaded 3 times (x 77B)
Class org.jetbrains.kotlin.tooling.core.HasMutableExtras                              : loaded 3 times (x 68B)
Class com.android.builder.model.v2.models.VariantDependenciesAdjacencyList            : loaded 3 times (x 68B)
Class kotlin.NotImplementedError                                                      : loaded 3 times (x 80B)
Class kotlin.text.CharsKt__CharKt                                                     : loaded 3 times (x 69B)
Class kotlin.ranges.IntProgression$Companion                                          : loaded 3 times (x 69B)
Class kotlin.ranges.RangesKt__RangesKt                                                : loaded 3 times (x 69B)
Class kotlin.TuplesKt                                                                 : loaded 3 times (x 69B)
Class kotlin.ResultKt                                                                 : loaded 3 times (x 69B)
Class kotlin.collections.MapsKt___MapsKt                                              : loaded 3 times (x 69B)
Class org.gradle.tooling.internal.adapter.ProtocolToModelAdapter$DefaultViewBuilder   : loaded 3 times (x 78B)
Class kotlin.collections.CollectionsKt__MutableCollectionsKt                          : loaded 3 times (x 69B)
Class org.gradle.internal.time.Clock                                                  : loaded 3 times (x 68B)
Class org.gradle.internal.time.CountdownTimer                                         : loaded 3 times (x 68B)
Class org.gradle.tooling.internal.adapter.MethodInvocation                            : loaded 3 times (x 83B)
Class com.android.builder.model.v2.dsl.ProductFlavor                                  : loaded 3 times (x 68B)
Class org.gradle.tooling.model.kotlin.dsl.KotlinDslScriptModel                        : loaded 3 times (x 68B)
Class kotlin.sequences.SequenceBuilderIterator                                        : loaded 3 times (x 83B)
Class kotlin.collections.CollectionsKt___CollectionsJvmKt                             : loaded 3 times (x 69B)
Class kotlin.io.FilesKt__FilePathComponentsKt                                         : loaded 3 times (x 69B)
Class kotlin.text.CharsKt__CharJVMKt                                                  : loaded 3 times (x 69B)
Class com.android.builder.model.v2.ide.AndroidArtifact                                : loaded 3 times (x 68B)
Class com.android.builder.model.v2.ide.ApiVersion                                     : loaded 3 times (x 68B)
Class kotlin.collections.ArraysKt___ArraysJvmKt                                       : loaded 3 times (x 69B)
Class org.gradle.tooling.internal.gradle.GradleProjectIdentity                        : loaded 3 times (x 68B)
Class kotlin.io.FilesKt__UtilsKt                                                      : loaded 3 times (x 69B)
Class kotlin.collections.CollectionsKt                                                : loaded 3 times (x 69B)
Class com.android.builder.model.v2.ide.LibraryInfo                                    : loaded 3 times (x 68B)
Class kotlin.sequences.TransformingSequence$iterator$1                                : loaded 3 times (x 77B)
Class com.android.builder.model.v2.ide.AndroidLibraryData                             : loaded 3 times (x 68B)
Class org.jetbrains.kotlin.config.LanguageVersionSettings                             : loaded 3 times (x 68B)
Class kotlin.jvm.internal.StringCompanionObject                                       : loaded 3 times (x 69B)
Class kotlin.jvm.internal.markers.KMutableCollection                                  : loaded 3 times (x 68B)
Class com.android.builder.model.v2.ide.SyncIssue$Companion                            : loaded 3 times (x 69B)
Class kotlin.io.FilePathComponents                                                    : loaded 3 times (x 70B)
Class kotlin.collections.AbstractList$SubList                                         : loaded 3 times (x 158B)
Class kotlin.Unit                                                                     : loaded 3 times (x 69B)
Class com.android.builder.model.v2.AndroidModel                                       : loaded 3 times (x 68B)
Class kotlin.text.MatcherMatchResult$groupValues$1                                    : loaded 3 times (x 158B)
Class org.gradle.api.JavaVersion                                                      : loaded 3 times (x 77B)
Class com.android.builder.model.v2.ide.LintOptions                                    : loaded 3 times (x 68B)
Class com.android.builder.model.v2.ide.AbstractArtifact                               : loaded 3 times (x 68B)
Class kotlin.sequences.Sequence                                                       : loaded 3 times (x 68B)
Class org.gradle.internal.time.MonotonicClock                                         : loaded 3 times (x 75B)
Class org.gradle.tooling.internal.gradle.DefaultBuildIdentifier                       : loaded 3 times (x 77B)
Class kotlin.coroutines.jvm.internal.SuspendFunction                                  : loaded 3 times (x 68B)
Class com.google.common.collect.ComparisonChain$InactiveComparisonChain               : loaded 3 times (x 78B)
Class org.gradle.tooling.internal.adapter.ProtocolToModelAdapter$ViewKey              : loaded 3 times (x 70B)
Class com.google.common.collect.ForwardingCollection                                  : loaded 3 times (x 128B)
Class org.jetbrains.kotlin.config.MavenComparableVersion                              : loaded 3 times (x 76B)
Class kotlin.jvm.internal.FunctionReference                                           : loaded 3 times (x 120B)
Class com.android.builder.model.v2.ide.SyncIssue                                      : loaded 3 times (x 68B)
Class com.android.ide.common.repository.AgpVersion$PreviewKind                        : loaded 3 times (x 77B)
Class org.jetbrains.kotlin.config.MavenComparableVersion$IntegerItem                  : loaded 3 times (x 78B)
Class [Lcom.android.builder.model.v2.ide.AndroidGradlePluginProjectFlags$BooleanFlag; : loaded 3 times (x 67B)
Class org.gradle.tooling.internal.adapter.ProtocolToModelAdapter$MethodInvocationCache: loaded 3 times (x 71B)
Class org.gradle.tooling.model.idea.IdeaCompilerOutput                                : loaded 3 times (x 68B)
Class kotlin.coroutines.EmptyCoroutineContext                                         : loaded 3 times (x 75B)
Class kotlin.text.Regex                                                               : loaded 3 times (x 70B)
Class kotlin.text.StringsKt__IndentKt                                                 : loaded 3 times (x 69B)
Class kotlin.collections.CollectionsKt___CollectionsKt$asSequence$$inlined$Sequence$1 : loaded 3 times (x 73B)
Class [Lcom.android.builder.model.v2.ide.CodeShrinker;                                : loaded 3 times (x 67B)
Class org.gradle.tooling.model.gradle.GradleScript                                    : loaded 3 times (x 68B)
Class kotlin.sequences.DistinctIterator                                               : loaded 3 times (x 81B)
Class org.gradle.tooling.model.kotlin.dsl.KotlinDslScriptsModel                       : loaded 3 times (x 68B)
Class com.android.builder.model.v2.ide.LibraryType                                    : loaded 3 times (x 77B)
Class org.jetbrains.kotlin.tooling.core.Extras                                        : loaded 3 times (x 68B)
Class kotlin.io.FilesKt__FileReadWriteKt                                              : loaded 3 times (x 69B)
Class com.android.builder.model.v2.models.Versions$Companion                          : loaded 3 times (x 69B)
Class kotlin.collections.MapsKt__MapWithDefaultKt                                     : loaded 3 times (x 69B)
Class kotlin.coroutines.jvm.internal.RestrictedContinuationImpl                       : loaded 3 times (x 85B)
Class kotlin.sequences.SequencesKt___SequencesKt$flatMap$2                            : loaded 3 times (x 123B)
Class kotlin.jvm.internal.Intrinsics                                                  : loaded 3 times (x 69B)
Class org.jetbrains.kotlin.config.ExplicitApiMode$Companion                           : loaded 3 times (x 69B)
Class com.android.builder.model.v2.ide.AaptOptions                                    : loaded 3 times (x 68B)
Class kotlin.text.StringsKt__RegexExtensionsJVMKt                                     : loaded 3 times (x 69B)
Class com.android.builder.model.v2.models.BasicAndroidProject                         : loaded 3 times (x 68B)
Class com.google.common.collect.ComparisonChain$1                                     : loaded 3 times (x 79B)
Class kotlin.Function                                                                 : loaded 3 times (x 68B)
Class kotlin.jvm.internal.markers.KMutableList                                        : loaded 3 times (x 68B)
Class com.android.builder.model.v2.models.AndroidDsl                                  : loaded 3 times (x 68B)
Class kotlin.text.MatcherMatchResult                                                  : loaded 3 times (x 78B)
Class org.jetbrains.kotlin.config.MavenComparableVersion$Item                         : loaded 3 times (x 68B)
Class org.gradle.util.internal.DefaultGradleVersion                                   : loaded 3 times (x 80B)
Class kotlin.jvm.internal.FunctionBase                                                : loaded 3 times (x 68B)
Class kotlin.collections.SetsKt                                                       : loaded 3 times (x 69B)
Class org.jetbrains.kotlin.config.LanguageVersion                                     : loaded 3 times (x 87B)
Class kotlin.enums.EnumEntries                                                        : loaded 3 times (x 68B)
Class kotlin.text.StringsKt__StringsJVMKt                                             : loaded 3 times (x 69B)
Class org.gradle.tooling.model.GradleModuleVersion                                    : loaded 3 times (x 68B)
Class [Lcom.android.builder.model.v2.ide.TestInfo$Execution;                          : loaded 3 times (x 67B)
Class kotlin.text.RegexKt                                                             : loaded 3 times (x 69B)
Class kotlin.coroutines.jvm.internal.CoroutineStackFrame                              : loaded 3 times (x 68B)
Class com.android.builder.model.v2.ide.ComponentInfo                                  : loaded 3 times (x 68B)
Class kotlin.collections.CollectionsKt__IterablesKt                                   : loaded 3 times (x 69B)
Class kotlin.internal.ProgressionUtilKt                                               : loaded 3 times (x 69B)
Class kotlin.reflect.KFunction                                                        : loaded 3 times (x 68B)
Class [Lkotlin.Pair;                                                                  : loaded 3 times (x 67B)
Class com.android.builder.model.v2.models.ProjectSyncIssues                           : loaded 3 times (x 68B)
Class kotlin.jvm.KotlinReflectionNotSupportedError                                    : loaded 3 times (x 80B)
Class com.android.builder.model.v2.models.ndk.NativeModule                            : loaded 3 times (x 68B)
Class org.gradle.tooling.internal.gradle.GradleBuildIdentity                          : loaded 3 times (x 68B)
Class kotlin.io.FileAlreadyExistsException                                            : loaded 3 times (x 80B)
Class kotlin.jvm.internal.ArrayIterator                                               : loaded 3 times (x 77B)
Class kotlin.text.StringsKt___StringsJvmKt                                            : loaded 3 times (x 69B)
Class org.gradle.tooling.model.Dependency                                             : loaded 3 times (x 68B)
Class com.android.builder.model.v2.ide.BytecodeTransformation                         : loaded 3 times (x 77B)
Class org.gradle.tooling.internal.adapter.ProtocolToModelAdapter$ReflectionMethodInvoker: loaded 3 times (x 74B)
Class kotlin.io.TerminateException                                                    : loaded 3 times (x 80B)
Class [Lcom.android.builder.model.v2.ide.ProjectType;                                 : loaded 3 times (x 67B)
Class org.gradle.tooling.internal.adapter.ProtocolToModelAdapter$NoOpDecoration       : loaded 3 times (x 77B)
Class org.gradle.tooling.internal.adapter.WeakIdentityHashMap$AbsentValueProvider     : loaded 3 times (x 68B)
Class org.gradle.tooling.internal.adapter.WeakIdentityHashMap                         : loaded 3 times (x 74B)
Class com.android.builder.model.v2.ide.TestedTargetVariant                            : loaded 3 times (x 68B)
Class org.jetbrains.kotlin.utils.DescriptionAware                                     : loaded 3 times (x 68B)
Class com.android.builder.model.v2.ide.Library                                        : loaded 3 times (x 68B)
Class kotlin.collections.SetsKt___SetsKt                                              : loaded 3 times (x 69B)
Class com.android.ide.gradle.model.artifacts.builder.AdditionalClassifierArtifactsModelBuilder$ArtifactsCollector: loaded 3 times (x 70B)
Class kotlin.UninitializedPropertyAccessException                                     : loaded 3 times (x 80B)
Class org.jetbrains.kotlin.config.ApiVersion                                          : loaded 3 times (x 83B)
Class kotlin.ranges.OpenEndRange                                                      : loaded 3 times (x 68B)
Class org.gradle.tooling.internal.adapter.ProtocolToModelAdapter$MixInMappingAction   : loaded 3 times (x 78B)
Class kotlin.text.StringsKt__StringBuilderJVMKt                                       : loaded 3 times (x 69B)
Class kotlin.collections.EmptySet                                                     : loaded 3 times (x 120B)
Class [Lorg.jetbrains.kotlin.config.LanguageVersion;                                  : loaded 3 times (x 67B)
Class org.gradle.tooling.model.ProjectIdentifier                                      : loaded 3 times (x 68B)
Class kotlin.sequences.SequencesKt__SequenceBuilderKt$sequence$$inlined$Sequence$1    : loaded 3 times (x 73B)
Class kotlin.sequences.SequencesKt__SequenceBuilderKt                                 : loaded 3 times (x 69B)
Class kotlin.collections.CollectionsKt___CollectionsKt                                : loaded 3 times (x 69B)
Class kotlin.ranges.RangesKt___RangesKt                                               : loaded 3 times (x 69B)
Class com.android.ide.gradle.model.artifacts.impl.ModuleIdentifierImpl                : loaded 3 times (x 74B)
Class kotlin.text.CharsKt                                                             : loaded 3 times (x 69B)
Class kotlin.reflect.KAnnotatedElement                                                : loaded 3 times (x 68B)
Class com.android.builder.model.v2.ide.TestInfo                                       : loaded 3 times (x 68B)
Class kotlin.io.NoSuchFileException                                                   : loaded 3 times (x 80B)
Class org.gradle.internal.time.DefaultTimer                                           : loaded 3 times (x 78B)
Class kotlin.Triple                                                                   : loaded 3 times (x 70B)
Class com.android.ide.gradle.model.artifacts.builder.SourcesCompatibilityRule         : loaded 3 times (x 74B)
Class kotlin.collections.ArraysKt__ArraysKt                                           : loaded 3 times (x 69B)
Class kotlin.KotlinNullPointerException                                               : loaded 3 times (x 81B)
Class kotlin.ranges.ClosedRange                                                       : loaded 3 times (x 68B)
Class [Lkotlin.coroutines.intrinsics.CoroutineSingletons;                             : loaded 3 times (x 67B)
Class org.gradle.tooling.internal.adapter.CollectionMapper                            : loaded 3 times (x 71B)
Class kotlin.coroutines.CoroutineContext                                              : loaded 3 times (x 68B)
Class kotlin.text.StringsKt__RegexExtensionsKt                                        : loaded 3 times (x 69B)
Class org.gradle.internal.time.TimeSource$1                                           : loaded 3 times (x 75B)
Class com.android.ide.common.repository.AgpVersion$Companion$WhenMappings             : loaded 3 times (x 69B)
Class org.jetbrains.kotlin.tooling.core.HasExtras                                     : loaded 3 times (x 68B)
Class [Lkotlin.sequences.Sequence;                                                    : loaded 3 times (x 67B)
Class org.gradle.tooling.internal.adapter.ProtocolToModelAdapter$InvocationHandlerImpl: loaded 3 times (x 75B)
Class build_dvef092kwqjysmagc3p7ah1mh                                                 : loaded 3 times (x 178B)
Class com.android.builder.model.v2.ide.SourceProvider                                 : loaded 3 times (x 68B)
Class org.gradle.internal.time.Time                                                   : loaded 3 times (x 69B)
Class org.gradle.internal.operations.MultipleBuildOperationFailures                   : loaded 3 times (x 93B)
Class com.android.builder.model.v2.dsl.BuildType                                      : loaded 3 times (x 68B)
Class kotlin.text.MatcherMatchResult$groups$1                                         : loaded 3 times (x 149B)
Class com.android.ide.gradle.model.artifacts.builder.AdditionalClassifierArtifactsModelBuilder$ArtifactsPaths: loaded 3 times (x 70B)
Class kotlin.text.StringsKt___StringsKt                                               : loaded 3 times (x 69B)
Class com.android.builder.model.v2.dsl.BaseConfig                                     : loaded 3 times (x 68B)
Class kotlin.KotlinNothingValueException                                              : loaded 3 times (x 80B)
Class com.android.builder.model.v2.ide.Variant                                        : loaded 3 times (x 68B)
Class org.gradle.tooling.model.idea.IdeaLanguageLevel                                 : loaded 3 times (x 68B)
Class kotlin.jvm.functions.Function4                                                  : loaded 3 times (x 68B)
Class kotlin.jvm.functions.Function2                                                  : loaded 3 times (x 68B)
Class kotlin.jvm.functions.Function1                                                  : loaded 3 times (x 68B)
Class org.gradle.tooling.internal.adapter.TargetTypeProvider                          : loaded 3 times (x 68B)
Class kotlin.jvm.functions.Function0                                                  : loaded 3 times (x 68B)
Class com.android.builder.model.v2.ide.JavaArtifact                                   : loaded 3 times (x 68B)
Class org.gradle.tooling.model.idea.IdeaDependencyScope                               : loaded 3 times (x 68B)
Class org.gradle.tooling.internal.adapter.ProtocolToModelAdapter$PropertyCachingMethodInvoker: loaded 3 times (x 74B)
Class org.gradle.tooling.model.idea.IdeaModuleDependency                              : loaded 3 times (x 68B)
Class org.jetbrains.kotlin.config.ExplicitApiMode                                     : loaded 3 times (x 77B)
Class kotlin.collections.MapsKt                                                       : loaded 3 times (x 69B)
Class com.android.builder.model.v2.dsl.SigningConfig                                  : loaded 3 times (x 68B)
Class kotlin.text.MatchResult$Destructured                                            : loaded 3 times (x 70B)
Class kotlin.text.MatchResult$DefaultImpls                                            : loaded 3 times (x 69B)
Class org.gradle.internal.time.DefaultCountdownTimer                                  : loaded 3 times (x 86B)
Class kotlin.collections.ArraysKt___ArraysKt$asSequence$$inlined$Sequence$1           : loaded 3 times (x 73B)
Class kotlin.coroutines.intrinsics.IntrinsicsKt__IntrinsicsKt                         : loaded 3 times (x 69B)
Class org.gradle.internal.exceptions.DefaultMultiCauseException                       : loaded 3 times (x 93B)
Class org.gradle.tooling.GradleConnectionException                                    : loaded 3 times (x 81B)
Class org.gradle.tooling.model.build.JavaEnvironment                                  : loaded 3 times (x 68B)
Class org.jetbrains.kotlin.config.LanguageFeature$State                               : loaded 3 times (x 80B)
Class kotlin.ranges.IntProgressionIterator                                            : loaded 3 times (x 80B)
Class [Lorg.gradle.api.JavaVersion;                                                   : loaded 3 times (x 67B)
Class kotlin.coroutines.intrinsics.CoroutineSingletons                                : loaded 3 times (x 77B)
Class kotlin.enums.EnumEntriesList                                                    : loaded 3 times (x 183B)
Class kotlin.text.MatchNamedGroupCollection                                           : loaded 3 times (x 68B)
Class com.android.ide.common.repository.AgpVersion$Companion                          : loaded 3 times (x 69B)
Class kotlin.Pair                                                                     : loaded 3 times (x 70B)
Class kotlin.collections.ArrayDeque                                                   : loaded 3 times (x 167B)
Class com.android.utils.StringHelper                                                  : loaded 3 times (x 69B)
Class kotlin.collections.ArraysKt__ArraysJVMKt                                        : loaded 3 times (x 69B)
Class com.android.builder.model.v2.models.Versions$Version                            : loaded 3 times (x 68B)
Class com.android.builder.model.v2.ide.BasicVariant                                   : loaded 3 times (x 68B)
Class kotlin.ranges.IntProgression                                                    : loaded 3 times (x 79B)
Class org.gradle.tooling.internal.adapter.ObjectGraphAdapter                          : loaded 3 times (x 68B)
Class kotlin.collections.MapsKt___MapsJvmKt                                           : loaded 3 times (x 69B)
Class com.google.common.collect.Lists$TransformingRandomAccessList                    : loaded 3 times (x 159B)
Class com.android.utils.FileUtils                                                     : loaded 3 times (x 69B)
Class kotlin.coroutines.jvm.internal.RestrictedSuspendLambda                          : loaded 3 times (x 89B)
Class com.android.builder.model.v2.ide.SourceSetContainer                             : loaded 3 times (x 68B)
Class kotlin.collections.SetsKt__SetsJVMKt                                            : loaded 3 times (x 69B)
Class org.gradle.util.internal.DefaultGradleVersion$Stage                             : loaded 3 times (x 73B)
Class kotlin.collections.AbstractList$Companion                                       : loaded 3 times (x 69B)
Class kotlin.sequences.FlatteningSequence$iterator$1                                  : loaded 3 times (x 77B)
Class org.gradle.tooling.model.Element                                                : loaded 3 times (x 68B)
Class org.gradle.tooling.model.internal.ImmutableDomainObjectSet                      : loaded 3 times (x 153B)
Class kotlin.sequences.SequencesKt                                                    : loaded 3 times (x 69B)
Class com.android.builder.model.v2.ide.ProjectInfo                                    : loaded 3 times (x 68B)
Class kotlin.coroutines.intrinsics.IntrinsicsKt                                       : loaded 3 times (x 69B)
Class org.gradle.tooling.internal.adapter.ProtocolToModelAdapter$AdaptingMethodInvoker: loaded 3 times (x 74B)
Class kotlin.jvm.internal.Ref$BooleanRef                                              : loaded 3 times (x 69B)
Class kotlin.io.FileSystemException                                                   : loaded 3 times (x 80B)
Class org.gradle.tooling.model.idea.IdeaProject                                       : loaded 3 times (x 68B)
Class kotlin.collections.EmptyIterator                                                : loaded 3 times (x 87B)
Class org.gradle.tooling.internal.adapter.ProtocolToModelAdapter$ViewDecoration       : loaded 3 times (x 68B)
Class kotlin.collections.AbstractCollection                                           : loaded 3 times (x 115B)
Class org.gradle.tooling.internal.adapter.ProtocolToModelAdapter$MethodInvocationCache$MethodInvocationKey: loaded 3 times (x 71B)
Class kotlin.sequences.SequencesKt___SequencesKt                                      : loaded 3 times (x 69B)
Class kotlin.collections.CollectionsKt__CollectionsJVMKt                              : loaded 3 times (x 69B)
Class kotlin.jvm.internal.CollectionToArray                                           : loaded 3 times (x 69B)
Class kotlin.annotation.Retention                                                     : loaded 3 times (x 68B)
Class kotlin.collections.AbstractIterator                                             : loaded 3 times (x 81B)
Class kotlin.collections.AbstractMutableList                                          : loaded 3 times (x 166B)
Class kotlin.Result                                                                   : loaded 3 times (x 70B)
Class kotlin.sequences.FlatteningSequence                                             : loaded 3 times (x 73B)
Class org.gradle.tooling.internal.adapter.MethodInvoker                               : loaded 3 times (x 68B)
Class kotlin.ranges.IntRange                                                          : loaded 3 times (x 91B)
Class [Lcom.android.builder.model.v2.ide.BytecodeTransformation;                      : loaded 3 times (x 67B)
Class kotlin.jvm.internal.CallableReference                                           : loaded 3 times (x 104B)
Class kotlin.collections.AbstractList                                                 : loaded 3 times (x 157B)
Class kotlin.sequences.FilteringSequence$iterator$1                                   : loaded 3 times (x 77B)
Class [Lorg.jetbrains.kotlin.config.JvmDefaultMode;                                   : loaded 3 times (x 67B)
Class kotlin.jvm.internal.FunctionReferenceImpl                                       : loaded 3 times (x 120B)
Class kotlin.text.StringsKt__StringBuilderKt                                          : loaded 3 times (x 69B)
Class kotlin.comparisons.ComparisonsKt___ComparisonsJvmKt                             : loaded 3 times (x 69B)
Class kotlin.collections.SetsKt__SetsKt                                               : loaded 3 times (x 69B)
Class com.android.builder.model.v2.ide.ArtifactDependenciesAdjacencyList              : loaded 3 times (x 68B)
Class com.android.builder.model.v2.ide.VectorDrawablesOptions                         : loaded 3 times (x 68B)
Class com.android.builder.model.v2.ide.JavaCompileOptions                             : loaded 3 times (x 68B)
Class org.gradle.internal.time.Timer                                                  : loaded 3 times (x 68B)
Class kotlin.NoWhenBranchMatchedException                                             : loaded 3 times (x 80B)
Class org.jetbrains.kotlin.config.LanguageFeature                                     : loaded 3 times (x 77B)
Class kotlin.sequences.SequencesKt___SequencesKt$sortedWith$1                         : loaded 3 times (x 73B)
Class [Lorg.jetbrains.kotlin.config.LanguageOrApiVersion;                             : loaded 3 times (x 67B)
Class org.gradle.tooling.internal.gradle.DefaultProjectIdentifier                     : loaded 3 times (x 84B)
Class kotlin.collections.CollectionsKt__CollectionsKt                                 : loaded 3 times (x 69B)
Class org.gradle.tooling.internal.adapter.WeakIdentityHashMap$WeakKey                 : loaded 3 times (x 77B)
Class org.gradle.tooling.model.HierarchicalElement                                    : loaded 3 times (x 68B)
Class kotlin.jvm.internal.markers.KMutableIterable                                    : loaded 3 times (x 68B)
Class kotlin.sequences.SequencesKt__SequencesJVMKt                                    : loaded 3 times (x 69B)
Class org.gradle.tooling.model.UnsupportedMethodException                             : loaded 3 times (x 80B)
Class com.android.builder.model.v2.ide.BasicArtifact                                  : loaded 3 times (x 68B)
Class com.android.builder.model.v2.ide.TestInfo$Execution                             : loaded 3 times (x 77B)
Class kotlin.sequences.SequencesKt__SequencesKt                                       : loaded 3 times (x 69B)
Class kotlin.ranges.IntRange$Companion                                                : loaded 3 times (x 69B)
Class kotlin.collections.IntIterator                                                  : loaded 3 times (x 80B)
Class org.gradle.tooling.internal.adapter.ProtocolToModelAdapter                      : loaded 3 times (x 78B)
Class kotlin.ranges.RangesKt                                                          : loaded 3 times (x 69B)
Class [Lcom.android.builder.model.v2.ide.LibraryType;                                 : loaded 3 times (x 67B)
Class org.gradle.tooling.internal.adapter.ViewBuilder                                 : loaded 3 times (x 68B)
Class kotlin.sequences.DistinctSequence                                               : loaded 3 times (x 73B)
Class org.gradle.util.GradleVersion                                                   : loaded 3 times (x 79B)
Class com.android.builder.model.v2.CustomSourceDirectory                              : loaded 3 times (x 68B)
Class kotlin.io.FilesKt                                                               : loaded 3 times (x 69B)
Class com.android.ide.gradle.model.artifacts.impl.AdditionalClassifierArtifactsImpl   : loaded 3 times (x 76B)
Class org.jetbrains.kotlin.config.MavenComparableVersion$ListItem                     : loaded 3 times (x 178B)
Class kotlin.Result$Companion                                                         : loaded 3 times (x 69B)
Class kotlin.annotation.Target                                                        : loaded 3 times (x 68B)
Class kotlin.jvm.internal.DefaultConstructorMarker                                    : loaded 3 times (x 69B)
Class org.gradle.tooling.model.ProjectModel                                           : loaded 3 times (x 68B)
Class kotlin.sequences.FilteringSequence                                              : loaded 3 times (x 73B)
Class org.jetbrains.kotlin.config.JvmDefaultMode                                      : loaded 3 times (x 77B)
Class com.android.builder.model.v2.models.ModelBuilderParameter                       : loaded 3 times (x 68B)
Class kotlin.comparisons.ComparisonsKt__ComparisonsKt                                 : loaded 3 times (x 69B)
Class com.android.builder.model.v2.ide.Edge                                           : loaded 3 times (x 68B)
Class kotlin.Result$Failure                                                           : loaded 3 times (x 70B)
Class kotlin.text.MatchGroupCollection                                                : loaded 3 times (x 68B)
Class kotlin.collections.CollectionsKt__IteratorsJVMKt                                : loaded 3 times (x 69B)
Class com.android.builder.model.v2.ide.ProjectType                                    : loaded 3 times (x 77B)
Class kotlin.collections.EmptyMap                                                     : loaded 3 times (x 106B)
Class kotlin.Metadata                                                                 : loaded 3 times (x 68B)
Class com.android.builder.model.v2.models.VariantDependencies                         : loaded 3 times (x 68B)
Class kotlin.text.StringsKt__StringNumberConversionsKt                                : loaded 3 times (x 69B)
Class org.gradle.tooling.internal.adapter.ProtocolToModelAdapter$ViewGraphDetails     : loaded 3 times (x 70B)
Class kotlin.enums.EnumEntriesKt                                                      : loaded 3 times (x 69B)
Class com.google.common.collect.ComparisonChain                                       : loaded 3 times (x 78B)
Class kotlin.comparisons.ComparisonsKt                                                : loaded 3 times (x 69B)
Class com.android.builder.model.v2.models.ndk.NativeModelBuilderParameter             : loaded 3 times (x 68B)
Class org.gradle.tooling.model.idea.IdeaDependency                                    : loaded 3 times (x 68B)
Class org.gradle.internal.exceptions.ResolutionProvider                               : loaded 3 times (x 68B)
Class com.android.builder.model.v2.models.Versions                                    : loaded 3 times (x 68B)
Class org.gradle.tooling.internal.adapter.ProtocolToModelAdapter$SafeMethodInvoker    : loaded 3 times (x 74B)
Class com.google.common.io.CharStreams                                                : loaded 2 times (x 69B)
Class com.android.tools.idea.gradle.model.IdeSigningConfig                            : loaded 2 times (x 68B)
Class org.gradle.tooling.model.eclipse.EclipseExternalDependency                      : loaded 2 times (x 68B)
Class com.google.common.collect.ImmutableMapEntrySet$RegularEntrySet                  : loaded 2 times (x 149B)
Class org.jetbrains.kotlin.gradle.plugin.mpp.KotlinWithJavaTarget_Decorated           : loaded 2 times (x 177B)
Class com.android.tools.idea.gradle.project.sync.DeliverableGradleModule              : loaded 2 times (x 74B)
Class org.jetbrains.plugins.gradle.model.DefaultGradleLightProject                    : loaded 2 times (x 82B)
Class org.jetbrains.kotlin.gradle.idea.tcs.IdeaKotlinDependencyCoordinates            : loaded 2 times (x 68B)
Class com.google.common.base.Predicates$CompositionPredicate                          : loaded 2 times (x 86B)
Class org.jetbrains.kotlin.gradle.tasks.KotlinCompile$disableMultiModuleIC$2          : loaded 2 times (x 77B)
Class org.jetbrains.kotlin.gradle.tasks.DefaultKotlinJavaToolchain$currentJvmJdkToolsJar$1: loaded 2 times (x 76B)
Class org.jetbrains.kotlin.gradle.plugin.internal.BasePluginConfiguration$BasePluginConfigurationVariantFactory: loaded 2 times (x 68B)
Class [Lcom.google.common.cache.RemovalListener;                                      : loaded 2 times (x 67B)
Class [Lcom.google.common.collect.ImmutableMapEntry;                                  : loaded 2 times (x 67B)
Class net.rubygrapefruit.platform.internal.Platform$Unsupported                       : loaded 2 times (x 77B)
Class org.jetbrains.kotlin.gradle.plugin.KotlinTargetConfiguratorKt$WhenMappings      : loaded 2 times (x 69B)
Class com.android.tools.idea.gradle.model.IdeJavaLibraryImpl                          : loaded 2 times (x 90B)
Class com.google.common.collect.Interners                                             : loaded 2 times (x 69B)
Class org.jetbrains.kotlin.gradle.incremental.IncrementalModuleInfoProvider           : loaded 2 times (x 68B)
Class [Lio.opentelemetry.context.ThreadLocalContextStorage;                           : loaded 2 times (x 67B)
Class com.google.common.base.Splitter$Strategy                                        : loaded 2 times (x 68B)
Class com.google.common.collect.ImmutableSet$EmptySetBuilderImpl                      : loaded 2 times (x 74B)
Class com.google.common.cache.CacheBuilder$2                                          : loaded 2 times (x 70B)
Class com.android.tools.idea.gradle.project.sync.VariantSelectionChange$Companion     : loaded 2 times (x 69B)
Class org.jetbrains.kotlin.gradle.tasks.CompilerPluginOptionsKt                       : loaded 2 times (x 69B)
Class org.jetbrains.kotlin.statistics.metrics.IStatisticsValuesConsumer               : loaded 2 times (x 68B)
Class com.android.tools.idea.gradle.project.sync.ModelCacheV2ImplKt$modelCacheV2Impl$createFromDependencies$1$LibrariesByType: loaded 2 times (x 70B)
Class com.google.common.collect.MapMakerInternalMap$Strength$1                        : loaded 2 times (x 78B)
Class org.jetbrains.kotlin.build.report.metrics.BuildTimes$Companion                  : loaded 2 times (x 69B)
Class org.jetbrains.kotlin.gradle.plugin.mpp.KotlinCompilationsKt                     : loaded 2 times (x 69B)
Class org.gradle.internal.installation.CurrentGradleInstallation                      : loaded 2 times (x 71B)
Class com.google.common.collect.MapMakerInternalMap$Strength$2                        : loaded 2 times (x 78B)
Class org.jetbrains.kotlin.gradle.plugin.sources.FragmentConsistencyChecks$languageVersionCheck$1: loaded 2 times (x 77B)
Class com.google.common.cache.CacheBuilder$1                                          : loaded 2 times (x 83B)
Class org.jetbrains.kotlin.gradle.plugin.sources.FragmentConsistencyChecks$languageVersionCheck$2: loaded 2 times (x 76B)
Class org.gradle.internal.agents.InstrumentingClassLoader                             : loaded 2 times (x 68B)
Class org.gradle.internal.installation.CurrentGradleInstallationLocator               : loaded 2 times (x 69B)
Class com.google.common.cache.CacheLoader$FunctionToCacheLoader                       : loaded 2 times (x 73B)
Class org.jetbrains.kotlin.gradle.plugin.mpp.KotlinCompilationsKt$addSourcesToKotlinCompileTask$configureAction$2: loaded 2 times (x 73B)
Class org.jetbrains.kotlin.build.report.metrics.BuildPerformanceMetric                : loaded 2 times (x 77B)
Class org.jetbrains.kotlin.gradle.tasks.KotlinCompile$scriptSources$1                 : loaded 2 times (x 77B)
Class [Lcom.google.common.cache.LocalCache$Segment;                                   : loaded 2 times (x 67B)
Class org.gradle.api.internal.classpath.Module                                        : loaded 2 times (x 68B)
Class com.android.tools.idea.gradle.project.sync.FetchedVariantResult$InProgress      : loaded 2 times (x 69B)
Class com.android.builder.model.v2.ide.Installation                                   : loaded 2 times (x 68B)
Class com.android.tools.idea.gradle.project.sync.AgpVersionsMismatch                  : loaded 2 times (x 80B)
Class [Lorg.jetbrains.kotlin.config.ApiVersion;                                       : loaded 2 times (x 67B)
Class com.google.common.io.ByteSource$ByteArrayByteSource                             : loaded 2 times (x 83B)
Class org.jetbrains.plugins.gradle.tooling.serialization.internal.IdeaProjectSerializationService$TestResourceDirectoriesGetter: loaded 2 times (x 73B)
Class com.google.common.collect.Multimaps$CustomSetMultimap                           : loaded 2 times (x 176B)
Class com.android.builder.model.v2.models.TestSuiteSource                             : loaded 2 times (x 68B)
Class com.android.tools.idea.gradle.project.sync.VariantDependenciesCompat            : loaded 2 times (x 70B)
Class org.jetbrains.kotlin.gradle.plugin.mpp.AbstractKotlinCompilation                : loaded 2 times (x 160B)
Class org.jetbrains.kotlin.gradle.targets.js.npm.DefaultNpmDependencyExtension        : loaded 2 times (x 151B)
Class com.google.common.io.Files                                                      : loaded 2 times (x 69B)
Class com.google.common.collect.ImmutableSortedSetFauxverideShim                      : loaded 2 times (x 145B)
Class com.android.tools.idea.gradle.project.sync.VariantDiscoveryKt                   : loaded 2 times (x 69B)
Class com.android.tools.idea.gradle.project.sync.SyncProjectActionWorker              : loaded 2 times (x 70B)
Class com.android.tools.idea.gradle.model.IdePreResolvedModuleLibrary                 : loaded 2 times (x 68B)
Class com.google.common.base.Splitter$1$1                                             : loaded 2 times (x 84B)
Class org.jetbrains.kotlin.gradle.dsl.KotlinTopLevelExtensionConfig                   : loaded 2 times (x 68B)
Class org.gradle.tooling.BuildController                                              : loaded 2 times (x 68B)
Class com.android.tools.idea.gradle.project.sync.SyncProjectActionWorker$populateAndroidModels$2$variantDiscovery$1: loaded 2 times (x 76B)
Class com.android.tools.idea.gradle.model.impl.IdeBuildTypeContainerImpl              : loaded 2 times (x 77B)
Class org.jetbrains.kotlin.gradle.tasks.DefaultKotlinJavaToolchain$DefaultJavaToolchainSetter: loaded 2 times (x 73B)
Class com.google.common.collect.SortedLists$KeyPresentBehavior$1                      : loaded 2 times (x 78B)
Class com.google.common.collect.SortedLists$KeyPresentBehavior$2                      : loaded 2 times (x 78B)
Class org.apache.commons.io.output.AppendableWriter                                   : loaded 2 times (x 98B)
Class net.rubygrapefruit.platform.internal.NativeLibraryLoader                        : loaded 2 times (x 71B)
Class com.google.common.collect.MapMakerInternalMap$Segment                           : loaded 2 times (x 140B)
Class org.jetbrains.kotlin.gradle.tasks.KotlinCompile$androidLayoutResources$1        : loaded 2 times (x 76B)
Class org.jetbrains.kotlin.gradle.report.BuildReportMode                              : loaded 2 times (x 77B)
Class org.apache.commons.io.StandardLineSeparator                                     : loaded 2 times (x 77B)
Class com.google.common.collect.SortedLists$KeyPresentBehavior$3                      : loaded 2 times (x 78B)
Class org.gradle.api.internal.classpath.EffectiveClassPath                            : loaded 2 times (x 88B)
Class org.jetbrains.kotlin.gradle.tasks.TasksProviderKt$sam$org_gradle_api_Action$0   : loaded 2 times (x 73B)
Class com.android.tools.idea.gradle.project.sync.DefaultVariantsKt                    : loaded 2 times (x 69B)
Class com.android.tools.idea.gradle.project.sync.AgpVersionTooNew                     : loaded 2 times (x 80B)
Class com.google.common.collect.SortedLists$KeyPresentBehavior$4                      : loaded 2 times (x 78B)
Class org.jetbrains.kotlin.gradle.internal.KotlinDependenciesManagementKt$sam$org_gradle_api_Action$0: loaded 2 times (x 73B)
Class io.opentelemetry.api.trace.PropagatedSpan                                       : loaded 2 times (x 110B)
Class [Lorg.apache.commons.io.StandardLineSeparator;                                  : loaded 2 times (x 67B)
Class com.android.tools.idea.gradle.model.IdeAndroidLibraryImpl$Companion             : loaded 2 times (x 69B)
Class com.google.common.collect.SortedLists$KeyPresentBehavior$5                      : loaded 2 times (x 78B)
Class com.intellij.openapi.util.io.FileTooBigException                                : loaded 2 times (x 80B)
Class com.google.common.base.CharMatcher$None                                         : loaded 2 times (x 110B)
Class org.jetbrains.kotlin.gradle.targets.js.npm.DevNpmDependencyExtension            : loaded 2 times (x 68B)
Class com.android.builder.model.v2.models.ProjectGraph                                : loaded 2 times (x 68B)
Class com.google.common.collect.ImmutableSet$JdkBackedSetBuilderImpl                  : loaded 2 times (x 74B)
Class com.android.tools.idea.gradle.model.IdeMultiVariantData                         : loaded 2 times (x 68B)
Class net.rubygrapefruit.platform.internal.NativeLibraryLocator                       : loaded 2 times (x 71B)
Class com.android.tools.idea.gradle.project.sync.VariantDetails                       : loaded 2 times (x 70B)
Class com.google.common.reflect.Types$TypeVariableInvocationHandler                   : loaded 2 times (x 73B)
Class org.jetbrains.kotlin.gradle.plugin.mpp.KotlinMultiplatformPluginKt$setupGeneralKotlinExtensionParameters$1: loaded 2 times (x 77B)
Class io.opentelemetry.api.trace.Span                                                 : loaded 2 times (x 68B)
Class com.google.common.reflect.Types$ClassOwnership                                  : loaded 2 times (x 78B)
Class org.jetbrains.kotlin.gradle.utils.ParsedGradleVersion$Companion                 : loaded 2 times (x 69B)
Class [Lorg.jetbrains.kotlin.statistics.ValueAnonymizer;                              : loaded 2 times (x 67B)
Class com.android.tools.idea.gradle.project.sync.LibraryIdentity$LibraryIdentityProvider: loaded 2 times (x 70B)
Class org.jetbrains.kotlin.gradle.plugin.KotlinPluginWrapper                          : loaded 2 times (x 85B)
Class io.opentelemetry.api.trace.TraceState                                           : loaded 2 times (x 68B)
Class kotlin.jvm.internal.FunctionAdapter                                             : loaded 2 times (x 68B)
Class com.android.ide.common.gradle.Module                                            : loaded 2 times (x 70B)
Class com.android.tools.idea.gradle.project.sync.BasicV2AndroidModuleGradleProject    : loaded 2 times (x 71B)
Class [Lorg.objectweb.asm.AnnotationWriter;                                           : loaded 2 times (x 67B)
Class org.jetbrains.kotlin.statistics.metrics.NumberAnonymizationPolicy$RANDOM_10_PERCENT: loaded 2 times (x 83B)
Class com.android.tools.idea.gradle.model.impl.IdeVariantCoreSerializable             : loaded 2 times (x 68B)
Class org.gradle.internal.service.CachingServiceLocator                               : loaded 2 times (x 80B)
Class org.jetbrains.kotlin.gradle.plugin.KotlinMultiplatformPluginKt$whenEvaluated$afterAndroidDispatchQueue$1$1$1: loaded 2 times (x 77B)
Class com.google.common.collect.Streams                                               : loaded 2 times (x 69B)
Class [Lorg.jetbrains.kotlin.gradle.targets.js.KotlinJsCompilerAttribute;             : loaded 2 times (x 67B)
Class org.jetbrains.kotlin.cli.common.arguments.ArgumentParseErrors                   : loaded 2 times (x 70B)
Class org.jetbrains.kotlin.gradle.plugin.KotlinPlatformType$Companion                 : loaded 2 times (x 69B)
Class [Lcom.android.tools.idea.gradle.model.ResolverType;                             : loaded 2 times (x 67B)
Class org.jetbrains.kotlin.gradle.model.KotlinProject                                 : loaded 2 times (x 68B)
Class com.android.tools.idea.gradle.project.sync.LibraryIdentity$LibraryIdentityProvider$special$$inlined$thenBy$1: loaded 2 times (x 88B)
Class org.jetbrains.kotlin.gradle.tooling.BuildKotlinToolingMetadataTaskKt            : loaded 2 times (x 69B)
Class org.jetbrains.kotlin.gradle.plugin.AbstractKotlinPlugin$rewriteMppDependenciesInPom$1: loaded 2 times (x 77B)
Class org.jetbrains.kotlin.statistics.metrics.BooleanOverridePolicy                   : loaded 2 times (x 83B)
Class [Lcom.google.common.collect.ImmutableEntry;                                     : loaded 2 times (x 67B)
Class com.google.common.collect.ImmutableMultimap$Builder                             : loaded 2 times (x 81B)
Class org.jetbrains.kotlin.gradle.scripting.internal.DiscoverScriptExtensionsTransformAction: loaded 2 times (x 76B)
Class org.jetbrains.kotlin.config.JVMAssertionsMode$Companion                         : loaded 2 times (x 69B)
Class com.android.tools.idea.gradle.model.impl.ThrowingIdeDependencies                : loaded 2 times (x 76B)
Class sync_studio_tooling20189_8gz95axgbfpro4p2smuyxmrs1$_run_closure1                : loaded 2 times (x 137B)
Class net.rubygrapefruit.platform.internal.Platform$Linux64Bit                        : loaded 2 times (x 81B)
Class io.opentelemetry.api.trace.TraceId                                              : loaded 2 times (x 69B)
Class org.jetbrains.kotlin.idea.projectModel.ExtraFeatures                            : loaded 2 times (x 68B)
Class com.google.common.collect.Sets$ImprovedAbstractSet                              : loaded 2 times (x 133B)
Class com.intellij.platform.diagnostic.telemetry.rt.context.TelemetryContextGetter    : loaded 2 times (x 73B)
Class com.google.common.collect.AbstractMapBasedMultimap$AsMap                        : loaded 2 times (x 126B)
Class org.gradle.internal.classpath.DefaultClassPath                                  : loaded 2 times (x 88B)
Class org.jetbrains.kotlin.incremental.ChangedFiles                                   : loaded 2 times (x 69B)
Class com.android.tools.idea.gradle.model.impl.IdeJavaArtifactCoreImpl                : loaded 2 times (x 89B)
Class org.jetbrains.kotlin.gradle.plugin.KotlinSourceSetProcessor$prepareKotlinCompileTask$1$1: loaded 2 times (x 76B)
Class org.jetbrains.kotlin.gradle.plugin.mpp.KotlinMultiplatformPlugin$Companion      : loaded 2 times (x 69B)
Class org.jetbrains.kotlin.gradle.tasks.configuration.BaseKotlinCompileConfig$2$1$1$1 : loaded 2 times (x 76B)
Class org.jetbrains.kotlin.gradle.plugin.mpp.KotlinWithJavaTarget$defaultArtifactClassesListFile$1: loaded 2 times (x 77B)
Class org.jetbrains.kotlin.gradle.plugin.KotlinBasePlugin                             : loaded 2 times (x 68B)
Class com.google.common.collect.MapMakerInternalMap$1                                 : loaded 2 times (x 81B)
Class org.jetbrains.kotlin.gradle.tasks.configuration.BaseKotlinCompileConfig$2$1$1$2 : loaded 2 times (x 76B)
Class com.android.tools.idea.gradle.project.sync.NativeVariantAbiResult$V2            : loaded 2 times (x 70B)
Class com.android.tools.idea.gradle.project.sync.VariantSelectionChange               : loaded 2 times (x 70B)
Class org.jetbrains.kotlin.statistics.metrics.BooleanMetrics                          : loaded 2 times (x 78B)
Class com.android.tools.idea.gradle.model.IdeVariantHeader                            : loaded 2 times (x 68B)
Class org.jetbrains.kotlin.gradle.internal.Kapt3GradleSubplugin$Kapt3SubpluginContext : loaded 2 times (x 70B)
Class io.opentelemetry.context.ThreadLocalContextStorage                              : loaded 2 times (x 83B)
Class com.android.tools.idea.gradle.project.sync.DependencyGraphCompat$AdjacencyList  : loaded 2 times (x 70B)
Class org.jetbrains.kotlin.idea.gradleTooling.IdeaKotlinDependenciesContainer         : loaded 2 times (x 68B)
Class org.jetbrains.kotlin.build.report.metrics.BuildTime$Companion                   : loaded 2 times (x 69B)
Class org.jetbrains.kotlin.gradle.plugin.mpp.KotlinNativeTarget                       : loaded 2 times (x 127B)
Class com.android.tools.idea.gradle.model.impl.IdeBasicVariantImpl                    : loaded 2 times (x 77B)
Class com.google.common.collect.RegularImmutableMap                                   : loaded 2 times (x 119B)
Class org.jetbrains.kotlin.gradle.tooling.BuildKotlinToolingMetadataTask$FromKotlinExtension_Decorated: loaded 2 times (x 358B)
Class org.jetbrains.kotlin.build.report.metrics.BuildPerformanceMetrics               : loaded 2 times (x 70B)
Class org.gradle.internal.impldep.com.google.common.base.Present                      : loaded 2 times (x 79B)
Class [Lorg.jetbrains.kotlin.gradle.report.BuildReportType;                           : loaded 2 times (x 67B)
Class com.google.common.util.concurrent.AbstractFuture$SetFuture                      : loaded 2 times (x 73B)
Class sync_studio_tooling4_8hzt654f709yo527c0rgdqr52$_run_closure1                    : loaded 2 times (x 137B)
Class org.jetbrains.kotlin.statistics.metrics.BooleanAnonymizationPolicy              : loaded 2 times (x 83B)
Class org.jetbrains.kotlin.statistics.metrics.NumberOverridePolicy$SUM                : loaded 2 times (x 83B)
Class com.android.tools.idea.gradle.model.impl.IdeApiVersionImpl                      : loaded 2 times (x 75B)
Class org.jetbrains.kotlin.gradle.plugin.KotlinMultiplatformPluginKt                  : loaded 2 times (x 69B)
Class com.google.common.io.Files$FileByteSource                                       : loaded 2 times (x 83B)
Class [Lorg.jetbrains.kotlin.statistics.metrics.IMetricContainerFactory;              : loaded 2 times (x 67B)
Class [Lcom.google.common.collect.SortedLists$KeyPresentBehavior;                     : loaded 2 times (x 67B)
Class com.android.tools.idea.gradle.model.impl.IdeUnresolvedLibraryTableImpl          : loaded 2 times (x 73B)
Class com.google.common.collect.CollectCollectors                                     : loaded 2 times (x 69B)
Class org.jetbrains.kotlin.gradle.scripting.internal.DiscoverScriptExtensionsTransformAction$Inject1: loaded 2 times (x 107B)
Class com.android.tools.idea.gradle.project.sync.IdeAndroidSyncIssuesAndExceptions    : loaded 2 times (x 70B)
Class org.jetbrains.kotlin.gradle.plugin.internal.state.TaskExecutionResults          : loaded 2 times (x 69B)
Class org.jetbrains.kotlin.gradle.internal.KotlinDependenciesManagementKt$sam$org_gradle_api_specs_Spec$0: loaded 2 times (x 73B)
Class org.jetbrains.kotlin.gradle.plugin.mpp.KotlinUsages$KotlinCinteropDisambiguation: loaded 2 times (x 74B)
Class org.jetbrains.kotlin.statistics.metrics.NumberOverridePolicy                    : loaded 2 times (x 83B)
Class com.google.common.collect.ImmutableSortedMap$Builder                            : loaded 2 times (x 88B)
Class com.google.common.primitives.IntsMethodsForWeb                                  : loaded 2 times (x 69B)
Class com.android.tools.idea.gradle.model.ResolverType                                : loaded 2 times (x 77B)
Class com.android.tools.idea.gradle.model.IdeUnresolvedLibrary                        : loaded 2 times (x 68B)
Class org.jetbrains.kotlin.build.report.metrics.BuildPerformanceMetric$Companion      : loaded 2 times (x 69B)
Class [Lcom.google.common.base.Function;                                              : loaded 2 times (x 67B)
Class [Lcom.android.tools.idea.gradle.project.sync.MeasurementCheckpoint;             : loaded 2 times (x 67B)
Class org.jetbrains.kotlin.gradle.plugin.AbstractKotlinPlugin                         : loaded 2 times (x 77B)
Class [Lorg.jetbrains.kotlin.statistics.metrics.BooleanOverridePolicy;                : loaded 2 times (x 67B)
Class org.jetbrains.kotlin.gradle.plugin.KotlinPlatformCommonPlugin                   : loaded 2 times (x 75B)
Class org.jetbrains.kotlin.gradle.plugin.KotlinPlatformPluginBase                     : loaded 2 times (x 74B)
Class com.android.builder.model.v2.models.BaseTestSuiteSourceIdentity                 : loaded 2 times (x 68B)
Class com.android.ide.common.gradle.Component$Companion                               : loaded 2 times (x 69B)
Class com.android.tools.idea.gradle.model.IdeUnresolvedUnknownLibrary                 : loaded 2 times (x 68B)
Class com.android.tools.idea.gradle.model.IdeAaptOptions$Namespacing                  : loaded 2 times (x 77B)
Class com.android.tools.idea.gradle.model.impl.IdeBuildTypeImpl                       : loaded 2 times (x 91B)
Class com.google.common.collect.RegularImmutableMap$KeySet                            : loaded 2 times (x 148B)
Class com.google.common.collect.ImmutableSortedMap$1EntrySet                          : loaded 2 times (x 151B)
Class com.google.common.reflect.Reflection                                            : loaded 2 times (x 69B)
Class org.gradle.tooling.internal.consumer.connection.HasCompatibilityMapping         : loaded 2 times (x 71B)
Class kotlin.sequences.SequencesKt__SequencesKt$sequenceOf$$inlined$Sequence$1        : loaded 2 times (x 73B)
Class org.jetbrains.kotlin.gradle.tasks.AbstractKotlinCompile$kotlinLogger$2          : loaded 2 times (x 77B)
Class com.google.common.collect.TransformedIterator                                   : loaded 2 times (x 78B)
Class org.jetbrains.kotlin.gradle.tasks.KaptGenerateStubs                             : loaded 2 times (x 68B)
Class org.jetbrains.kotlin.gradle.plugin.mpp.KotlinWithJavaCompilationOutput          : loaded 2 times (x 80B)
Class com.google.common.base.Splitter$SplittingIterator                               : loaded 2 times (x 82B)
Class org.jetbrains.kotlin.idea.projectModel.KotlinTargetJar                          : loaded 2 times (x 68B)
Class [Lcom.android.tools.idea.gradle.model.impl.IdeModuleWellKnownSourceSet;         : loaded 2 times (x 67B)
Class org.jetbrains.kotlin.build.report.metrics.BuildAttributeKind                    : loaded 2 times (x 77B)
Class [Lorg.jetbrains.kotlin.gradle.tasks.KotlinCompilerExecutionStrategy;            : loaded 2 times (x 67B)
Class org.jetbrains.kotlin.gradle.targets.js.npm.DefaultDevNpmDependencyExtension     : loaded 2 times (x 144B)
Class org.jetbrains.kotlin.statistics.metrics.IStatisticsValuesConsumer$DefaultImpls  : loaded 2 times (x 69B)
Class com.android.builder.model.v2.models.VariantDependenciesFlatList                 : loaded 2 times (x 68B)
Class org.jetbrains.kotlin.gradle.plugin.mpp.KotlinOnlyTarget                         : loaded 2 times (x 125B)
Class com.google.common.cache.ReferenceEntry                                          : loaded 2 times (x 68B)
Class io.opentelemetry.context.Scope                                                  : loaded 2 times (x 68B)
Class com.android.ide.common.gradle.Version$Companion$ParseState$EMPTY                : loaded 2 times (x 72B)
Class com.android.tools.idea.gradle.project.sync.ModelResult$Companion                : loaded 2 times (x 69B)
Class com.android.tools.idea.gradle.model.IdeDependencyCore                           : loaded 2 times (x 68B)
Class org.jetbrains.kotlin.gradle.dsl.KotlinJvmCompile                                : loaded 2 times (x 68B)
Class org.jetbrains.kotlin.gradle.plugin.sources.DefaultKotlinSourceSetKt$defaultSourceSetLanguageSettingsChecker$1: loaded 2 times (x 76B)
Class org.jetbrains.kotlin.statistics.metrics.BooleanOverridePolicy$OR                : loaded 2 times (x 83B)
Class org.gradle.tooling.internal.consumer.converters.IdeaProjectJavaLanguageSettingsMixin: loaded 2 times (x 71B)
Class com.google.common.collect.ImmutableMultisetGwtSerializationDependencies         : loaded 2 times (x 123B)
Class org.jetbrains.kotlin.gradle.plugin.sources.DefaultKotlinSourceSetKt$defaultSourceSetLanguageSettingsChecker$2: loaded 2 times (x 76B)
Class org.jetbrains.kotlin.gradle.targets.js.ir.KotlinJsIrTarget                      : loaded 2 times (x 200B)
Class org.jetbrains.kotlin.idea.projectModel.KotlinTarget$Companion                   : loaded 2 times (x 69B)
Class org.jetbrains.kotlin.name.FqNameUnsafe                                          : loaded 2 times (x 70B)
Class com.google.common.reflect.TypeParameter                                         : loaded 2 times (x 70B)
Class com.android.builder.model.v2.models.HostJarTestSuiteSource                      : loaded 2 times (x 68B)
Class org.gradle.tooling.model.SourceDirectory                                        : loaded 2 times (x 68B)
Class com.google.common.collect.ImmutableListMultimap                                 : loaded 2 times (x 174B)
Class com.google.common.cache.LocalCache$LocalManualCache$1                           : loaded 2 times (x 73B)
Class [Lorg.jetbrains.kotlin.build.report.metrics.BuildTime;                          : loaded 2 times (x 67B)
Class com.google.common.base.Equivalence                                              : loaded 2 times (x 80B)
Class io.opentelemetry.api.DefaultOpenTelemetry                                       : loaded 2 times (x 87B)
Class [Lorg.jetbrains.kotlin.statistics.metrics.StringMetrics;                        : loaded 2 times (x 67B)
Class com.android.ide.common.gradle.Component                                         : loaded 2 times (x 70B)
Class org.jetbrains.kotlin.gradle.targets.js.npm.NpmDependencyWithExternalsExtension  : loaded 2 times (x 68B)
Class org.gradle.tooling.model.cpp.CppBinary                                          : loaded 2 times (x 68B)
Class org.jetbrains.kotlin.gradle.plugin.VariantImplementationFactories$Companion$getProvider$1: loaded 2 times (x 76B)
Class [Lorg.jetbrains.kotlin.gradle.plugin.sources.ConsistencyCheck;                  : loaded 2 times (x 67B)
Class org.jetbrains.kotlin.gradle.plugin.KotlinSourceSet                              : loaded 2 times (x 68B)
Class com.android.tools.idea.gradle.model.impl.IdeDependenciesInfoImpl                : loaded 2 times (x 73B)
Class com.google.common.reflect.Types$ClassOwnership$1LocalClass                      : loaded 2 times (x 69B)
Class com.android.tools.idea.gradle.project.sync.HasAndroidVariantResolver            : loaded 2 times (x 68B)
Class org.jetbrains.kotlin.gradle.plugin.ProjectLocalConfigurations$ProjectLocalCompatibility: loaded 2 times (x 74B)
Class com.google.common.collect.Iterators$PeekingImpl                                 : loaded 2 times (x 87B)
Class org.jetbrains.kotlin.gradle.plugin.KotlinPlatformImplementationPluginBase       : loaded 2 times (x 79B)
Class com.android.tools.idea.gradle.model.impl.IdeAaptOptionsImpl                     : loaded 2 times (x 73B)
Class org.jetbrains.kotlin.gradle.targets.js.npm.NpmDirectoryDependencyWithExternalsExtension: loaded 2 times (x 68B)
Class com.android.tools.idea.gradle.model.IdeAndroidLibraryImplKt                     : loaded 2 times (x 69B)
Class com.android.tools.idea.gradle.project.sync.AndroidVariantResolver               : loaded 2 times (x 68B)
Class com.android.tools.idea.gradle.model.IdeUnknownLibrary                           : loaded 2 times (x 68B)
Class com.android.builder.model.v2.ide.TestSuiteArtifact                              : loaded 2 times (x 68B)
Class org.jetbrains.kotlin.gradle.dsl.KotlinCompile                                   : loaded 2 times (x 68B)
Class org.jetbrains.kotlin.gradle.dsl.DefaultToolchainSupport_Decorated               : loaded 2 times (x 122B)
Class com.google.common.collect.MapMakerInternalMap$StrongKeyDummyValueEntry$Helper   : loaded 2 times (x 77B)
Class org.gradle.internal.impldep.com.google.common.base.Preconditions                : loaded 2 times (x 69B)
Class org.jetbrains.kotlin.gradle.plugin.mpp.KotlinMultiplatformPluginKt$sourcesJarTask$1: loaded 2 times (x 77B)
Class org.gradle.tooling.internal.consumer.connection.UnparameterizedBuildController  : loaded 2 times (x 99B)
Class org.jetbrains.kotlin.gradle.plugin.sources.FragmentConsistencyChecks$optInAnnotationsCheck$2: loaded 2 times (x 76B)
Class io.opentelemetry.context.propagation.TextMapGetter                              : loaded 2 times (x 68B)
Class org.objectweb.asm.SymbolTable$Entry                                             : loaded 2 times (x 72B)
Class [Lcom.google.common.cache.LocalCache$EntryFactory;                              : loaded 2 times (x 67B)
Class org.jetbrains.kotlin.gradle.plugin.KotlinCompilation                            : loaded 2 times (x 68B)
Class org.gradle.tooling.model.internal.Exceptions                                    : loaded 2 times (x 69B)
Class org.gradle.tooling.model.eclipse.EclipseClasspathEntry                          : loaded 2 times (x 68B)
Class net.rubygrapefruit.platform.internal.jni.NativeLibraryFunctions                 : loaded 2 times (x 69B)
Class org.jetbrains.kotlin.gradle.plugin.KotlinTarget                                 : loaded 2 times (x 68B)
Class io.opentelemetry.context.ContextStorageWrappers                                 : loaded 2 times (x 69B)
Class org.jetbrains.kotlin.gradle.targets.js.npm.NpmDependencyExtensionKt             : loaded 2 times (x 69B)
Class org.jetbrains.kotlin.gradle.plugin.statistics.KotlinBuildStatsService$Companion$getOrCreateInstance$1: loaded 2 times (x 77B)
Class org.jetbrains.kotlin.gradle.plugin.sources.FragmentConsistencyChecks$optInAnnotationsCheck$1: loaded 2 times (x 77B)
Class org.jetbrains.kotlin.gradle.logging.GradleKotlinLogger                          : loaded 2 times (x 77B)
Class org.jetbrains.kotlin.gradle.tasks.KotlinCompilerPluginData$InputsOutputsState   : loaded 2 times (x 70B)
Class com.google.common.primitives.Ints                                               : loaded 2 times (x 69B)
Class net.rubygrapefruit.platform.internal.Platform$Windows                           : loaded 2 times (x 77B)
Class com.intellij.openapi.diagnostic.Attachment                                      : loaded 2 times (x 70B)
Class com.google.common.cache.LocalCache$EntryFactory$1                               : loaded 2 times (x 81B)
Class [Lnet.rubygrapefruit.platform.internal.FunctionResult$Failure;                  : loaded 2 times (x 67B)
Class org.jetbrains.plugins.gradle.tooling.util.ClassMap                              : loaded 2 times (x 70B)
Class com.google.common.collect.Maps$AbstractFilteredMap                              : loaded 2 times (x 125B)
Class org.jetbrains.kotlin.incremental.IncrementalModuleInfo                          : loaded 2 times (x 70B)
Class com.google.common.base.Platform                                                 : loaded 2 times (x 69B)
Class com.google.common.util.concurrent.AbstractFuture$Failure                        : loaded 2 times (x 70B)
Class com.android.tools.idea.gradle.project.sync.AgpVersionIncompatible               : loaded 2 times (x 80B)
Class com.google.common.base.Suppliers$NonSerializableMemoizingSupplier               : loaded 2 times (x 77B)
Class org.jetbrains.kotlin.gradle.plugin.Kotlin2JvmSourceSetProcessor$doTargetSpecificProcessing$1: loaded 2 times (x 77B)
Class org.gradle.tooling.model.kotlin.dsl.EditorReport                                : loaded 2 times (x 68B)
Class org.jetbrains.kotlin.gradle.plugin.Kotlin2JvmSourceSetProcessor$doTargetSpecificProcessing$2: loaded 2 times (x 77B)
Class org.jetbrains.kotlin.gradle.targets.js.npm.NpmDependencyExtensionKt$WhenMappings: loaded 2 times (x 69B)
Class org.jetbrains.kotlin.gradle.tasks.KotlinCompile$defaultKotlinJavaToolchain$1    : loaded 2 times (x 77B)
Class org.jetbrains.kotlin.com.intellij.openapi.diagnostic.Logger                     : loaded 2 times (x 95B)
Class org.jetbrains.kotlin.gradle.tasks.configuration.AbstractKotlinCompileConfig$4$1 : loaded 2 times (x 77B)
Class org.jetbrains.kotlin.storage.MemoizedFunctionToNullable                         : loaded 2 times (x 68B)
Class org.jetbrains.kotlin.gradle.tasks.configuration.AbstractKotlinCompileConfig$4$3 : loaded 2 times (x 73B)
Class org.jetbrains.kotlin.gradle.plugin.statistics.KotlinBuildStatHandler$Companion  : loaded 2 times (x 69B)
Class com.android.tools.idea.gradle.project.sync.StandaloneDeliverableModel           : loaded 2 times (x 73B)
Class com.android.tools.idea.gradle.project.sync.DeliverableJavaModule                : loaded 2 times (x 74B)
Class org.jetbrains.kotlin.gradle.tasks.KotlinCompile$disableMultiModuleIC$2$1        : loaded 2 times (x 77B)
Class [Lcom.google.common.base.Supplier;                                              : loaded 2 times (x 67B)
Class org.jetbrains.kotlin.gradle.tasks.configuration.AbstractKotlinCompileConfig$4$4 : loaded 2 times (x 73B)
Class org.jetbrains.kotlin.gradle.plugin.KotlinGradleFinishBuildHandler$Companion     : loaded 2 times (x 69B)
Class kotlin.jvm.internal.Intrinsics$Kotlin                                           : loaded 2 times (x 69B)
Class org.jetbrains.kotlin.gradle.tasks.configuration.AbstractKotlinCompileConfig$4$5 : loaded 2 times (x 73B)
Class org.jetbrains.kotlin.gradle.plugin.KotlinTargetsContainer                       : loaded 2 times (x 68B)
Class com.android.tools.idea.gradle.model.IdeAndroidProject                           : loaded 2 times (x 68B)
Class org.jetbrains.kotlin.gradle.tasks.configuration.AbstractKotlinCompileConfig$4$6 : loaded 2 times (x 73B)
Class org.jetbrains.kotlin.project.model.LanguageSettings                             : loaded 2 times (x 68B)
Class com.google.gson.stream.JsonReader$1                                             : loaded 2 times (x 70B)
Class com.android.tools.idea.gradle.model.impl.IdeExtraSourceProviderImpl             : loaded 2 times (x 74B)
Class com.google.common.collect.ImmutableSetMultimap                                  : loaded 2 times (x 178B)
Class org.jetbrains.kotlin.gradle.plugin.SubpluginEnvironmentKt$sam$org_gradle_api_Action$0: loaded 2 times (x 73B)
Class org.jetbrains.kotlin.gradle.plugin.sources.DefaultKotlinSourceSetKt             : loaded 2 times (x 69B)
Class io.opentelemetry.api.internal.OtelEncodingUtils                                 : loaded 2 times (x 69B)
Class org.jetbrains.kotlin.gradle.tasks.configuration.KotlinCompileConfigKt$sam$org_gradle_api_Action$0: loaded 2 times (x 73B)
Class org.jetbrains.kotlin.gradle.tasks.CompileUsingKotlinDaemonWithNormalization     : loaded 2 times (x 68B)
Class org.objectweb.asm.Type                                                          : loaded 2 times (x 70B)
Class org.jetbrains.kotlin.gradle.internal.Kapt3KotlinGradleSubpluginKt               : loaded 2 times (x 69B)
Class org.gradle.tooling.internal.adapter.ProtocolToModelAdapter$TypeSpecificMappingAction: loaded 2 times (x 79B)
Class com.google.common.cache.LocalCache$AbstractReferenceEntry                       : loaded 2 times (x 105B)
Class com.google.common.collect.Range$RangeLexOrdering                                : loaded 2 times (x 113B)
Class org.jetbrains.kotlin.gradle.plugin.sources.DefaultKotlinSourceSet$special$$inlined$Iterable$1: loaded 2 times (x 77B)
Class com.android.tools.idea.gradle.project.sync.ModelConsumerVersion                 : loaded 2 times (x 73B)
Class com.google.common.reflect.TypeResolver$TypeTable$1                              : loaded 2 times (x 71B)
Class org.jetbrains.kotlin.gradle.plugin.mpp.AbstractKotlinNativeCompilation          : loaded 2 times (x 169B)
Class org.jetbrains.kotlin.gradle.targets.native.internal.CInteropKlibLibraryElements$setupAttributesMatchingStrategy$1: loaded 2 times (x 76B)
Class com.google.common.collect.ImmutableMapEntrySet                                  : loaded 2 times (x 149B)
Class [Lcom.android.ide.common.gradle.Separator;                                      : loaded 2 times (x 67B)
Class com.android.tools.idea.gradle.model.IdeAndroidArtifactCore                      : loaded 2 times (x 68B)
Class org.jetbrains.kotlin.gradle.plugin.KotlinTargetWithTests                        : loaded 2 times (x 68B)
Class com.android.tools.idea.gradle.model.impl.IdeModuleSourceSet                     : loaded 2 times (x 68B)
Class org.jetbrains.kotlin.gradle.plugin.KotlinPluginWrapperKt$kotlinPluginVersionFromResources$1$1: loaded 2 times (x 69B)
Class org.jetbrains.kotlin.utils.IDEAPluginsCompatibilityAPI                          : loaded 2 times (x 68B)
Class org.jetbrains.kotlin.gradle.incremental.IncrementalModuleInfoBuildService       : loaded 2 times (x 77B)
Class org.jetbrains.kotlin.gradle.plugin.KotlinTargetComponent                        : loaded 2 times (x 68B)
Class org.jetbrains.kotlin.statistics.metrics.NumberAnonymizationPolicy$SAFE          : loaded 2 times (x 83B)
Class io.opentelemetry.api.trace.SpanBuilder                                          : loaded 2 times (x 68B)
Class org.jetbrains.kotlin.gradle.plugin.KotlinSourceSet$DefaultImpls                 : loaded 2 times (x 69B)
Class org.jetbrains.kotlin.gradle.plugin.sources.UnsatisfiedSourceSetVisibilityException: loaded 2 times (x 80B)
Class com.google.common.cache.CacheLoader                                             : loaded 2 times (x 72B)
Class com.intellij.gradle.toolingExtension.impl.model.sourceSetDependencyModel.GradleSourceSetDependencyModelProvider: loaded 2 times (x 77B)
Class org.jetbrains.kotlin.gradle.plugin.mpp.KotlinUsageContext                       : loaded 2 times (x 68B)
Class org.gradle.tooling.internal.consumer.versioning.VersionDetails$R51VersionDetails: loaded 2 times (x 78B)
Class org.jetbrains.kotlin.gradle.internal.Kapt3GradleSubplugin$Companion             : loaded 2 times (x 69B)
Class com.google.common.collect.ImmutableBiMapFauxverideShim                          : loaded 2 times (x 118B)
Class com.android.tools.idea.gradle.model.IdeAndroidProjectType                       : loaded 2 times (x 77B)
Class com.android.tools.idea.gradle.project.sync.ModelCacheV2ImplKt$modelCacheV2Impl$createFromDependencies$1$LibraryWithDependencies: loaded 2 times (x 70B)
Class org.jetbrains.kotlin.gradle.plugin.AbstractKotlinPlugin$Companion$setUpJavaSourceSets$1: loaded 2 times (x 77B)
Class org.jetbrains.kotlin.gradle.plugin.mpp.KotlinVariantWithCoordinates             : loaded 2 times (x 106B)
Class [Lorg.jetbrains.kotlin.statistics.metrics.BooleanAnonymizationPolicy;           : loaded 2 times (x 67B)
Class org.objectweb.asm.MethodTooLargeException                                       : loaded 2 times (x 81B)
Class org.gradle.internal.installation.GradleInstallation$1                           : loaded 2 times (x 73B)
Class com.google.common.cache.LocalCache$EntryFactory$2                               : loaded 2 times (x 81B)
Class com.intellij.gradle.toolingExtension.modelAction.GradleModelFetchPhase$ProjectLoaded: loaded 2 times (x 68B)
Class org.jetbrains.kotlin.gradle.plugin.AbstractKotlinPlugin$Companion$setUpJavaSourceSets$2: loaded 2 times (x 77B)
Class org.gradle.api.internal.DefaultClassPathProvider                                : loaded 2 times (x 74B)
Class com.android.tools.idea.gradle.project.sync.AndroidModule$V1                     : loaded 2 times (x 86B)
Class com.android.tools.idea.gradle.model.impl.IdeVariantBuildInformationImpl         : loaded 2 times (x 74B)
Class org.jetbrains.kotlin.gradle.scripting.ScriptingExtension_Decorated              : loaded 2 times (x 126B)
Class com.google.common.cache.LocalCache$Segment                                      : loaded 2 times (x 152B)
Class com.android.tools.idea.gradle.project.sync.AndroidModule$V2                     : loaded 2 times (x 86B)
Class com.google.common.base.Equivalence$Equals                                       : loaded 2 times (x 80B)
Class org.jetbrains.kotlin.config.JVMAssertionsMode                                   : loaded 2 times (x 77B)
Class com.google.common.collect.HashBiMap$Inverse                                     : loaded 2 times (x 140B)
Class org.jetbrains.kotlin.gradle.plugin.AbstractKotlinPlugin$Companion$setUpJavaSourceSets$4: loaded 2 times (x 77B)
Class com.google.common.collect.MapMakerInternalMap$Strength                          : loaded 2 times (x 78B)
Class com.android.tools.idea.gradle.model.IdeDependenciesInfo                         : loaded 2 times (x 68B)
Class org.jetbrains.kotlin.gradle.tasks.KotlinCompilerPluginData                      : loaded 2 times (x 70B)
Class sync_studio_tooling4173_e7tqaeu7rn1bh4zoykvq19wnc$_run_closure1                 : loaded 2 times (x 137B)
Class [Lcom.android.tools.idea.gradle.model.IdeArtifactName;                          : loaded 2 times (x 67B)
Class org.jetbrains.kotlin.gradle.plugin.KotlinSourceSetProcessor$applyStandardTaskConfiguration$1$1: loaded 2 times (x 77B)
Class [Lcom.google.common.collect.SortedLists$KeyAbsentBehavior;                      : loaded 2 times (x 67B)
Class com.google.common.cache.Cache                                                   : loaded 2 times (x 68B)
Class com.android.tools.idea.gradle.model.impl.IdeVectorDrawablesOptionsImpl          : loaded 2 times (x 73B)
Class com.intellij.gradle.toolingExtension.modelAction.GradleBuildFinishedModelFetchPhase: loaded 2 times (x 79B)
Class com.google.common.util.concurrent.AbstractFuture$UnsafeAtomicHelper             : loaded 2 times (x 76B)
Class com.google.common.collect.Maps$EntrySet                                         : loaded 2 times (x 134B)
Class com.google.common.collect.Iterators$6                                           : loaded 2 times (x 79B)
Class com.intellij.gradle.toolingExtension.modelAction.GradleModelFetchPhase          : loaded 2 times (x 68B)
Class org.jetbrains.kotlin.idea.gradleTooling.AndroidAwareGradleModelProvider$populateModels$1: loaded 2 times (x 72B)
Class com.android.tools.idea.gradle.model.IdeBuild                                    : loaded 2 times (x 68B)
Class com.android.tools.idea.gradle.model.IdeProductFlavor                            : loaded 2 times (x 68B)
Class org.jetbrains.kotlin.gradle.plugin.mpp.AbstractKotlinCompilationToRunnableFiles : loaded 2 times (x 167B)
Class org.gradle.internal.classloader.SystemClassLoaderSpec                           : loaded 2 times (x 69B)
Class com.google.common.collect.RegularImmutableMap$BucketOverflowException           : loaded 2 times (x 80B)
Class org.jetbrains.kotlin.storage.EmptySimpleLock                                    : loaded 2 times (x 73B)
Class com.google.common.io.LineBuffer                                                 : loaded 2 times (x 73B)
Class org.jetbrains.kotlin.storage.LockBasedStorageManager$MapBasedMemoizedFunction   : loaded 2 times (x 80B)
Class org.jetbrains.kotlin.gradle.plugin.LanguageSettingsBuilder                      : loaded 2 times (x 68B)
Class com.google.common.util.concurrent.internal.InternalFutureFailureAccess          : loaded 2 times (x 70B)
Class org.gradle.tooling.internal.adapter.ProtocolToModelAdapter$BeanMixInMethodInvoker: loaded 2 times (x 74B)
Class org.jetbrains.kotlin.build.report.metrics.BuildAttributeKind$Companion          : loaded 2 times (x 69B)
Class com.android.builder.model.v2.ide.TestSuiteTarget                                : loaded 2 times (x 68B)
Class org.gradle.tooling.model.idea.IdeaJavaLanguageSettings                          : loaded 2 times (x 68B)
Class org.gradle.tooling.internal.consumer.versioning.VersionDetails                  : loaded 2 times (x 78B)
Class [Lcom.google.common.cache.Weigher;                                              : loaded 2 times (x 67B)
Class com.google.common.cache.LocalCache$EntryFactory$3                               : loaded 2 times (x 81B)
Class org.jetbrains.plugins.gradle.tooling.serialization.internal.IdeaProjectSerializationService$JdkGetter: loaded 2 times (x 73B)
Class org.jetbrains.kotlin.gradle.plugin.VariantImplementationFactories$VariantImplementationFactory: loaded 2 times (x 68B)
Class [Lio.opentelemetry.api.trace.ImmutableTraceFlags;                               : loaded 2 times (x 67B)
Class org.jetbrains.kotlin.build.report.metrics.BuildAttribute                        : loaded 2 times (x 77B)
Class [Lcom.android.tools.idea.gradle.model.ClasspathType;                            : loaded 2 times (x 67B)
Class com.google.common.collect.BaseImmutableMultimap                                 : loaded 2 times (x 121B)
Class net.rubygrapefruit.platform.internal.Platform$FreeBSD64Bit                      : loaded 2 times (x 80B)
Class com.google.common.base.Charsets                                                 : loaded 2 times (x 69B)
Class io.opentelemetry.context.ThreadLocalContextStorage$NoopScope                    : loaded 2 times (x 83B)
Class com.google.common.primitives.Ints$IntConverter                                  : loaded 2 times (x 88B)
Class com.google.common.base.Splitter                                                 : loaded 2 times (x 70B)
Class org.jetbrains.kotlin.idea.gradleTooling.model.kapt.KaptSourceSetModel           : loaded 2 times (x 68B)
Class org.jetbrains.kotlin.gradle.plugin.KotlinGradleBuildServices$Parameters$Inject  : loaded 2 times (x 110B)
Class org.jetbrains.kotlin.gradle.plugin.internal.DefaultJavaSourceSetsAccessorVariantFactory: loaded 2 times (x 72B)
Class org.jetbrains.kotlin.gradle.plugin.mpp.KotlinWithJavaTargetKt$sam$org_gradle_api_Transformer$0: loaded 2 times (x 73B)
Class com.google.common.reflect.Types$TypeVariableImpl                                : loaded 2 times (x 70B)
Class com.google.common.collect.Interners$InternerBuilder                             : loaded 2 times (x 74B)
Class [Lcom.google.common.base.AbstractIterator$State;                                : loaded 2 times (x 67B)
Class [Lorg.jetbrains.kotlin.utils.IDEAPlatforms;                                     : loaded 2 times (x 67B)
Class com.android.ide.common.gradle.Version$Companion$ParseState$NONNUMERIC           : loaded 2 times (x 72B)
Class com.android.tools.idea.gradle.model.IdeArtifactName                             : loaded 2 times (x 77B)
Class [Lcom.google.common.collect.Maps$EntryFunction;                                 : loaded 2 times (x 67B)
Class org.jetbrains.kotlin.gradle.plugin.KotlinBasePluginWrapper                      : loaded 2 times (x 85B)
Class org.jetbrains.kotlin.gradle.plugin.internal.MavenPluginConfigurator$DefaultMavenPluginConfiguratorVariantFactory$getInstance$1: loaded 2 times (x 72B)
Class org.gradle.tooling.model.GradleTask                                             : loaded 2 times (x 68B)
Class com.android.tools.idea.gradle.project.sync.AgpVersionTooOld                     : loaded 2 times (x 80B)
Class com.google.common.collect.ImmutableMap$Builder                                  : loaded 2 times (x 80B)
Class org.jetbrains.kotlin.build.report.metrics.BuildMetricsReporter                  : loaded 2 times (x 68B)
Class com.google.common.io.LineReader$1                                               : loaded 2 times (x 73B)
Class org.jetbrains.kotlin.gradle.tooling.BuildKotlinToolingMetadataTask$kotlinToolingMetadata$2: loaded 2 times (x 77B)
Class org.jetbrains.kotlin.gradle.dsl.KotlinJvmProjectExtension_Decorated             : loaded 2 times (x 146B)
Class org.jetbrains.kotlin.gradle.tasks.configuration.TaskConfigAction                : loaded 2 times (x 70B)
Class [Lcom.android.tools.idea.gradle.model.impl.IdeDependenciesCoreImpl;             : loaded 2 times (x 67B)
Class [Lcom.android.tools.idea.gradle.model.IdeAndroidProjectType;                    : loaded 2 times (x 67B)
Class com.intellij.openapi.diagnostic.Logger                                          : loaded 2 times (x 97B)
Class org.jetbrains.kotlin.gradle.plugin.ProjectLocalConfigurations                   : loaded 2 times (x 69B)
Class net.rubygrapefruit.platform.internal.Platform$MacOs                             : loaded 2 times (x 80B)
Class com.google.common.base.AbstractIterator                                         : loaded 2 times (x 78B)
Class org.jetbrains.plugins.gradle.model.ProjectImportModelProvider$GradleModelConsumer: loaded 2 times (x 68B)
Class org.jetbrains.kotlin.gradle.plugin.internal.DefaultBasePluginConfigurationVariantFactory: loaded 2 times (x 72B)
Class org.jetbrains.kotlin.gradle.plugin.mpp.KotlinCompilationsKt$addSourcesToKotlinCompileTask$1: loaded 2 times (x 77B)
Class org.jetbrains.kotlin.cli.common.CompilerSystemProperties$Companion              : loaded 2 times (x 69B)
Class org.jetbrains.kotlin.gradle.plugin.DefaultKotlinBasePlugin                      : loaded 2 times (x 80B)
Class com.android.tools.idea.gradle.project.sync.AndroidSyncException                 : loaded 2 times (x 80B)
Class org.jetbrains.kotlin.gradle.plugin.mpp.KotlinJvmAndroidCompilation              : loaded 2 times (x 168B)
Class org.jetbrains.kotlin.gradle.plugin.VariantImplementationFactoriesKt$sam$org_gradle_api_Action$0: loaded 2 times (x 73B)
Class org.jetbrains.kotlin.gradle.dsl.KotlinProjectExtension                          : loaded 2 times (x 89B)
Class com.google.common.cache.LocalCache$EntryFactory$4                               : loaded 2 times (x 81B)
Class org.jetbrains.kotlin.gradle.plugin.KotlinPlatformType$CompatibilityRule         : loaded 2 times (x 74B)
Class org.objectweb.asm.ClassWriter                                                   : loaded 2 times (x 104B)
Class org.jetbrains.kotlin.gradle.tasks.KotlinJavaToolchain$JdkSetter                 : loaded 2 times (x 68B)
Class org.jetbrains.kotlin.gradle.targets.js.npm.NpmDependency                        : loaded 2 times (x 95B)
Class org.jetbrains.kotlin.gradle.plugin.KotlinGradleFinishBuildHandler               : loaded 2 times (x 70B)
Class org.jetbrains.kotlin.gradle.plugin.AbstractKotlinMultiplatformPluginWrapper     : loaded 2 times (x 85B)
Class com.intellij.gradle.toolingExtension.impl.modelSerialization.ToolingSerializer  : loaded 2 times (x 70B)
Class com.android.builder.model.v2.models.ndk.NativeBuildSystem                       : loaded 2 times (x 77B)
Class [Lorg.jetbrains.kotlin.config.JVMAssertionsMode;                                : loaded 2 times (x 67B)
Class org.jetbrains.kotlin.gradle.plugin.sources.DefaultKotlinSourceSetFactory$sam$org_gradle_api_Action$0: loaded 2 times (x 73B)
Class com.google.common.collect.MapMaker$Dummy                                        : loaded 2 times (x 77B)
Class com.android.tools.idea.gradle.project.sync.ModelCacheV2ImplKt$modelCacheV2Impl$variantCoreFrom$9: loaded 2 times (x 123B)
Class [Lcom.intellij.openapi.diagnostic.LogLevel;                                     : loaded 2 times (x 67B)
Class org.jetbrains.kotlin.gradle.plugin.sources.KotlinDependencyScope$Companion      : loaded 2 times (x 69B)
Class com.android.tools.idea.gradle.project.sync.VariantDef                           : loaded 2 times (x 70B)
Class org.jetbrains.kotlin.gradle.plugin.SubpluginEnvironment$addSubpluginOptions$configureKotlinTask$1: loaded 2 times (x 77B)
Class com.google.common.util.concurrent.ListenableFuture                              : loaded 2 times (x 68B)
Class org.jetbrains.kotlin.gradle.utils.ProviderApiUtilsKt$sam$i$org_gradle_api_Transformer$0: loaded 2 times (x 73B)
Class org.jetbrains.kotlin.gradle.plugin.KotlinGradleBuildServices$Companion$registerIfAbsent$1: loaded 2 times (x 77B)
Class org.jetbrains.kotlin.gradle.plugin.mpp.KotlinUsages$KotlinUsagesDisambiguation  : loaded 2 times (x 74B)
Class org.gradle.tooling.internal.consumer.versioning.VersionDetails$R44VersionDetails: loaded 2 times (x 78B)
Class org.apache.commons.io.IOUtils                                                   : loaded 2 times (x 69B)
Class org.jetbrains.kotlin.gradle.utils.ProviderApiUtilsKt                            : loaded 2 times (x 69B)
Class com.google.common.base.AbstractIterator$1                                       : loaded 2 times (x 69B)
Class org.jetbrains.kotlin.com.intellij.util.xmlb.annotations.Transient               : loaded 2 times (x 68B)
Class com.android.builder.model.ProjectSyncIssues                                     : loaded 2 times (x 68B)
Class io.opentelemetry.api.trace.TracerProvider                                       : loaded 2 times (x 68B)
Class net.rubygrapefruit.platform.internal.FunctionResult                             : loaded 2 times (x 75B)
Class com.android.tools.idea.gradle.project.sync.VariantNameResolutionKt$buildVariantNameResolver$1: loaded 2 times (x 73B)
Class com.android.tools.idea.gradle.project.sync.ModelCacheV2ImplKt$modelCacheV2Impl$variantCoreFrom$6: loaded 2 times (x 123B)
Class org.jetbrains.kotlin.gradle.incremental.IncrementalModuleInfoBuildService$Parameters: loaded 2 times (x 70B)
Class org.jetbrains.plugins.gradle.model.DefaultBuildController                       : loaded 2 times (x 96B)
Class com.google.common.base.CharMatcher$Whitespace                                   : loaded 2 times (x 110B)
Class org.gradle.internal.impldep.com.google.common.base.Optional                     : loaded 2 times (x 78B)
Class org.jetbrains.kotlin.gradle.plugin.AbstractKotlinPlugin$Companion$WhenMappings  : loaded 2 times (x 69B)
Class org.jetbrains.kotlin.idea.projectModel.KotlinPlatform                           : loaded 2 times (x 77B)
Class [Lcom.google.common.cache.CacheBuilder$OneWeigher;                              : loaded 2 times (x 67B)
Class com.android.tools.idea.gradle.model.impl.IdeCompositeBuildMapImpl               : loaded 2 times (x 74B)
Class org.jetbrains.kotlin.gradle.plugin.KotlinCompilationOutput                      : loaded 2 times (x 68B)
Class org.jetbrains.plugins.gradle.tooling.serialization.internal.adapter.kotlin.dsl.InternalKotlinDslScriptModel: loaded 2 times (x 82B)
Class net.rubygrapefruit.platform.NativeIntegrationLinkageException                   : loaded 2 times (x 80B)
Class org.jetbrains.kotlin.gradle.targets.js.npm.NpmDependency$Scope                  : loaded 2 times (x 77B)
Class com.google.common.cache.CacheLoader$UnsupportedLoadingOperationException        : loaded 2 times (x 80B)
Class org.jetbrains.kotlin.gradle.plugin.mpp.KotlinUsages$KotlinMetadataDisambiguation: loaded 2 times (x 74B)
Class com.google.common.base.CharMatcher$Ascii                                        : loaded 2 times (x 110B)
Class com.android.tools.idea.gradle.model.IdeProjectPath                              : loaded 2 times (x 68B)
Class org.jetbrains.kotlin.gradle.plugin.VariantImplementationFactories$Inject        : loaded 2 times (x 94B)
Class org.jetbrains.kotlin.gradle.plugin.mpp.KotlinCompilationFactory                 : loaded 2 times (x 68B)
Class com.google.common.cache.LocalCache$ComputingValueReference                      : loaded 2 times (x 94B)
Class io.opentelemetry.context.Context                                                : loaded 2 times (x 68B)
Class com.google.common.cache.LocalCache$SoftValueReference                           : loaded 2 times (x 95B)
Class org.jetbrains.kotlin.cli.common.arguments.CommonCompilerArguments               : loaded 2 times (x 75B)
Class org.gradle.tooling.internal.consumer.converters.IdeaModuleDependencyTargetNameMixin: loaded 2 times (x 71B)
Class com.android.tools.idea.gradle.model.LibraryReference                            : loaded 2 times (x 70B)
Class com.android.tools.idea.gradle.project.sync.LibraryIdentity$LibraryIdentityProvider$special$$inlined$compareBy$1: loaded 2 times (x 88B)
Class com.google.common.collect.ImmutableList$SerializedForm                          : loaded 2 times (x 71B)
Class org.jetbrains.kotlin.gradle.dsl.KotlinJvmOptions                                : loaded 2 times (x 68B)
Class com.android.ide.common.gradle.Version                                           : loaded 2 times (x 73B)
Class org.gradle.api.UncheckedIOException                                             : loaded 2 times (x 80B)
Class org.jetbrains.kotlin.gradle.tasks.configuration.AbstractKotlinCompileConfig$1$1$1: loaded 2 times (x 77B)
Class com.android.tools.idea.gradle.project.sync.HasLintJar                           : loaded 2 times (x 68B)
Class com.android.tools.idea.gradle.model.IdeBasicVariant                             : loaded 2 times (x 68B)
Class com.google.common.collect.Maps$IteratorBasedAbstractMap                         : loaded 2 times (x 123B)
Class [Lorg.jetbrains.kotlin.gradle.targets.js.npm.NpmDependency$Scope;               : loaded 2 times (x 67B)
Class org.jetbrains.kotlin.gradle.tasks.KotlinCompile_Decorated                       : loaded 2 times (x 518B)
Class org.jetbrains.kotlin.gradle.plugin.internal.state.TaskLoggers                   : loaded 2 times (x 69B)
Class org.jetbrains.kotlin.gradle.plugin.SubpluginEnvironment$addSubpluginOptions$compilerOptions$1: loaded 2 times (x 77B)
Class org.jetbrains.kotlin.gradle.plugin.KotlinTargetsContainerWithPresets            : loaded 2 times (x 68B)
Class com.intellij.gradle.toolingExtension.impl.modelAction.GradleModelHolderState    : loaded 2 times (x 75B)
Class org.gradle.api.specs.Spec                                                       : loaded 2 times (x 68B)
Class [Lcom.google.common.io.FileWriteMode;                                           : loaded 2 times (x 67B)
Class com.google.common.io.Files$FileByteSink                                         : loaded 2 times (x 75B)
Class com.google.common.collect.IndexedImmutableSet                                   : loaded 2 times (x 148B)
Class org.gradle.api.internal.classpath.ManifestUtil                                  : loaded 2 times (x 69B)
Class com.android.tools.idea.gradle.project.sync.ModelResult$Context                  : loaded 2 times (x 68B)
Class com.google.common.collect.Iterators$EmptyModifiableIterator                     : loaded 2 times (x 84B)
Class com.android.builder.model.v2.dsl.ClassField                                     : loaded 2 times (x 68B)
Class com.intellij.gradle.toolingExtension.impl.model.buildScriptClasspathModel.GradleBuildScriptClasspathModelProvider: loaded 2 times (x 77B)
Class org.jetbrains.kotlin.gradle.plugin.KotlinCompilation$DefaultImpls               : loaded 2 times (x 69B)
Class org.jetbrains.kotlin.gradle.plugin.KotlinSourceSet$Companion                    : loaded 2 times (x 69B)
Class com.google.common.cache.LocalCache$EntryFactory$5                               : loaded 2 times (x 81B)
Class com.google.common.collect.Iterators$10                                          : loaded 2 times (x 79B)
Class org.jetbrains.kotlin.gradle.plugin.mpp.pm20.KotlinPm20ProjectExtension          : loaded 2 times (x 84B)
Class com.google.common.util.concurrent.Uninterruptibles                              : loaded 2 times (x 69B)
Class org.gradle.tooling.model.BuildModel                                             : loaded 2 times (x 68B)
Class org.gradle.tooling.internal.consumer.versioning.ModelMapping                    : loaded 2 times (x 71B)
Class com.android.tools.idea.gradle.project.sync.AllKotlinModels                      : loaded 2 times (x 70B)
Class org.jetbrains.kotlin.gradle.scripting.internal.ScriptingGradleSubpluginKt$sam$org_gradle_api_Action$0: loaded 2 times (x 73B)
Class org.jetbrains.kotlin.gradle.plugin.statistics.KotlinBuildStatsService           : loaded 2 times (x 89B)
Class com.android.tools.idea.projectsystem.gradle.sync.PerformanceMeasurementUtilKt   : loaded 2 times (x 69B)
Class com.google.common.cache.LocalCache$EntryFactory$6                               : loaded 2 times (x 81B)
Class com.google.common.util.concurrent.AbstractFuture$Waiter                         : loaded 2 times (x 70B)
Class org.jetbrains.kotlin.gradle.plugin.KotlinSourceSetContainer                     : loaded 2 times (x 68B)
Class org.gradle.tooling.model.ExternalDependency                                     : loaded 2 times (x 68B)
Class com.android.tools.idea.gradle.project.sync.JavaModule                           : loaded 2 times (x 76B)
Class com.android.tools.idea.gradle.project.sync.BasicIncompleteAndroidModule         : loaded 2 times (x 71B)
Class com.google.common.base.Absent                                                   : loaded 2 times (x 78B)
Class org.jetbrains.kotlin.statistics.metrics.StringOverridePolicy$CONCAT             : loaded 2 times (x 83B)
Class org.jetbrains.kotlin.statistics.metrics.NumberOverridePolicy$OVERRIDE           : loaded 2 times (x 83B)
Class org.jetbrains.kotlin.storage.LockBasedStorageManager$ExceptionHandlingStrategy  : loaded 2 times (x 68B)
Class com.google.common.collect.IndexedImmutableSet$1                                 : loaded 2 times (x 172B)
Class com.android.tools.idea.gradle.model.IdeAndroidGradlePluginProjectFlags          : loaded 2 times (x 68B)
Class com.google.common.collect.ObjectArrays                                          : loaded 2 times (x 69B)
Class org.gradle.tooling.internal.consumer.connection.ParameterAwareBuildControllerAdapter: loaded 2 times (x 99B)
Class com.google.common.collect.AbstractListMultimap                                  : loaded 2 times (x 170B)
Class com.google.common.base.CharMatcher$Any                                          : loaded 2 times (x 110B)
Class sync_studio_tooling20189_8gz95axgbfpro4p2smuyxmrs1                              : loaded 2 times (x 177B)
Class org.jetbrains.plugins.gradle.model.DefaultGradleLightBuild                      : loaded 2 times (x 80B)
Class org.jetbrains.kotlin.compilerRunner.CompilerSystemPropertiesService             : loaded 2 times (x 78B)
Class org.apache.commons.io.output.UnsynchronizedByteArrayOutputStream                : loaded 2 times (x 100B)
Class org.jetbrains.kotlin.gradle.plugin.internal.DefaultJavaSourceSetsAccessor       : loaded 2 times (x 74B)
Class org.gradle.internal.classloader.ClassLoaderFactory                              : loaded 2 times (x 68B)
Class com.google.common.cache.LocalCache$Strength$3                                   : loaded 2 times (x 79B)
Class sync_studio_tooling18433_6ym9omepmojle0tlxconu50d6$_run_closure1                : loaded 2 times (x 137B)
Class com.android.tools.idea.gradle.project.sync.GradleInjectedSyncActionRunner       : loaded 2 times (x 68B)
Class com.google.common.cache.LocalCache$Strength                                     : loaded 2 times (x 79B)
Class org.jetbrains.kotlin.gradle.tooling.BuildKotlinToolingMetadataTaskKt$buildKotlinToolingMetadataTask$1: loaded 2 times (x 76B)
Class org.jetbrains.kotlin.gradle.plugin.KotlinSourceSetProcessor                     : loaded 2 times (x 75B)
Class org.jetbrains.kotlin.com.intellij.openapi.diagnostic.Logger$Factory             : loaded 2 times (x 68B)
Class com.google.common.collect.AbstractMapBasedMultimap$KeySet                       : loaded 2 times (x 135B)
Class org.jetbrains.kotlin.statistics.metrics.NumericalMetrics                        : loaded 2 times (x 78B)
Class com.android.tools.idea.gradle.project.sync.ModelCacheV2ImplKt                   : loaded 2 times (x 69B)
Class com.android.tools.idea.gradle.project.sync.VariantNameResolutionKt              : loaded 2 times (x 69B)
Class com.android.tools.idea.gradle.model.impl.IdeModuleWellKnownSourceSet$Companion  : loaded 2 times (x 69B)
Class org.jetbrains.kotlin.gradle.dsl.KotlinTargetContainerWithNativeShortcuts        : loaded 2 times (x 68B)
Class org.jetbrains.kotlin.gradle.utils.ConfigurationCacheKt                          : loaded 2 times (x 69B)
Class org.jetbrains.kotlin.gradle.plugin.KotlinCompilationProcessor                   : loaded 2 times (x 73B)
Class com.google.common.cache.LocalCache$Strength$2                                   : loaded 2 times (x 79B)
Class com.google.common.collect.ArrayListMultimapGwtSerializationDependencies         : loaded 2 times (x 170B)
Class com.android.tools.idea.gradle.project.sync.BasicModulesKt                       : loaded 2 times (x 69B)
Class com.google.common.collect.EmptyImmutableListMultimap                            : loaded 2 times (x 174B)
Class sync_studio_tooling4_8hzt654f709yo527c0rgdqr52                                  : loaded 2 times (x 177B)
Class org.gradle.tooling.internal.adapter.ProtocolToModelAdapter$ChainedMethodInvoker : loaded 2 times (x 74B)
Class com.google.common.cache.LocalCache$Strength$1                                   : loaded 2 times (x 79B)
Class com.android.tools.idea.gradle.model.impl.IdeUnresolvedLibraryTable              : loaded 2 times (x 68B)
Class org.jetbrains.kotlin.gradle.scripting.internal.ScriptingKotlinGradleSubplugin   : loaded 2 times (x 80B)
Class com.google.common.base.CharMatcher$RangesMatcher                                : loaded 2 times (x 110B)
Class org.gradle.tooling.model.Launchable                                             : loaded 2 times (x 68B)
Class com.google.common.collect.AbstractMapBasedMultimap$RandomAccessWrappedList      : loaded 2 times (x 165B)
Class org.objectweb.asm.Handler                                                       : loaded 2 times (x 70B)
Class com.google.common.reflect.TypeResolver$TypeVariableKey                          : loaded 2 times (x 70B)
Class com.intellij.gradle.toolingExtension.impl.modelAction.GradleDaemonModelHolder$1 : loaded 2 times (x 76B)
Class com.google.common.reflect.TypeToken                                             : loaded 2 times (x 71B)
Class org.jetbrains.kotlin.gradle.tasks.DefaultKotlinJavaToolchain$getToolsJarFromJvm$1: loaded 2 times (x 77B)
Class org.jetbrains.kotlin.gradle.plugin.ProjectLocalConfigurationsKt                 : loaded 2 times (x 69B)
Class com.android.tools.idea.gradle.project.sync.SyncActionRunner$Companion           : loaded 2 times (x 69B)
Class io.opentelemetry.api.trace.Tracer                                               : loaded 2 times (x 68B)
Class com.android.ide.common.gradle.Numeric                                           : loaded 2 times (x 75B)
Class com.google.common.cache.LocalCache$EntryFactory$7                               : loaded 2 times (x 81B)
Class com.google.common.collect.ImmutableSortedSet$Builder                            : loaded 2 times (x 84B)
Class org.jetbrains.kotlin.gradle.tasks.configuration.AbstractKotlinCompileConfig$2$1 : loaded 2 times (x 76B)
Class [Lorg.jetbrains.kotlin.statistics.metrics.StringOverridePolicy;                 : loaded 2 times (x 67B)
Class org.jetbrains.kotlin.gradle.tasks.configuration.AbstractKotlinCompileConfig$2$2 : loaded 2 times (x 76B)
Class com.intellij.openapi.util.io.FileUtil$2                                         : loaded 2 times (x 80B)
Class com.google.common.cache.LocalCache$EntryFactory$8                               : loaded 2 times (x 81B)
Class net.rubygrapefruit.platform.internal.Platform$Linux32Bit                        : loaded 2 times (x 81B)
Class org.jetbrains.kotlin.gradle.scripting.ScriptingExtension                        : loaded 2 times (x 78B)
Class org.jetbrains.kotlin.gradle.scripting.internal.ScriptingGradleSubplugin$Companion: loaded 2 times (x 69B)
Class org.jetbrains.kotlin.gradle.tasks.KotlinJvmCompile                              : loaded 2 times (x 68B)
Class com.android.tools.idea.gradle.project.sync.ModelFetchersKt                      : loaded 2 times (x 69B)
Class com.intellij.openapi.util.io.FileUtil$1                                         : loaded 2 times (x 75B)
Class net.rubygrapefruit.platform.internal.Platform$MacOs64Bit                        : loaded 2 times (x 80B)
Class org.objectweb.asm.Symbol                                                        : loaded 2 times (x 71B)
Class com.android.tools.idea.gradle.project.sync.GradleProject$ModelConsumer          : loaded 2 times (x 70B)
Class com.android.tools.idea.gradle.model.impl.IdeBuildImpl                           : loaded 2 times (x 74B)
Class io.opentelemetry.api.trace.SpanContextKey                                       : loaded 2 times (x 69B)
Class com.android.tools.idea.gradle.project.sync.VariantSelectionKt                   : loaded 2 times (x 69B)
Class com.android.tools.idea.gradle.model.IdeVariantCore                              : loaded 2 times (x 68B)
Class org.jetbrains.kotlin.gradle.plugin.mpp.KotlinUsages$setupAttributesMatchingStrategy$1: loaded 2 times (x 76B)
Class com.google.common.cache.LocalCache$ValueReference                               : loaded 2 times (x 68B)
Class com.android.tools.idea.gradle.model.impl.BuildFolderPaths                       : loaded 2 times (x 70B)
Class com.android.builder.model.v2.ide.JUnitEngineInfo                                : loaded 2 times (x 68B)
Class com.google.common.collect.CollectSpliterators                                   : loaded 2 times (x 69B)
Class org.jetbrains.kotlin.gradle.dsl.KotlinTopLevelExtension                         : loaded 2 times (x 84B)
Class com.android.tools.idea.gradle.project.sync.IndexedModels                        : loaded 2 times (x 70B)
Class org.jetbrains.kotlin.statistics.metrics.NumberOverridePolicy$AVERAGE            : loaded 2 times (x 83B)
Class org.objectweb.asm.FieldVisitor                                                  : loaded 2 times (x 75B)
Class com.android.tools.idea.gradle.project.sync.NativeVariantAbiResult               : loaded 2 times (x 69B)
Class com.google.common.io.Java8Compatibility                                         : loaded 2 times (x 69B)
Class org.gradle.internal.classloader.ClasspathUtil                                   : loaded 2 times (x 69B)
Class com.google.common.collect.Maps$EntryFunction$2                                  : loaded 2 times (x 89B)
Class org.apache.commons.io.FileUtils                                                 : loaded 2 times (x 69B)
Class io.opentelemetry.api.trace.ArrayBasedTraceState                                 : loaded 2 times (x 84B)
Class com.android.tools.idea.gradle.model.IdeBuildTasksAndOutputInformation           : loaded 2 times (x 68B)
Class org.objectweb.asm.CurrentFrame                                                  : loaded 2 times (x 71B)
Class org.jetbrains.kotlin.gradle.tasks.configuration.BaseKotlinCompileConfig$1$1     : loaded 2 times (x 77B)
Class com.google.common.util.concurrent.AbstractFuture                                : loaded 2 times (x 93B)
Class com.android.ide.common.gradle.Version$Companion                                 : loaded 2 times (x 69B)
Class com.google.common.collect.Maps$EntryFunction$1                                  : loaded 2 times (x 89B)
Class com.google.common.reflect.TypeResolver                                          : loaded 2 times (x 70B)
Class com.google.common.cache.AbstractCache$StatsCounter                              : loaded 2 times (x 68B)
Class com.android.tools.idea.gradle.project.sync.BuildModelsAndMap                    : loaded 2 times (x 70B)
Class org.jetbrains.kotlin.gradle.utils.GradleConfigurationUtilsKt$addGradlePluginMetadataAttributes$1: loaded 2 times (x 77B)
Class com.google.common.collect.StandardTable$Row                                     : loaded 2 times (x 128B)
Class org.jetbrains.kotlin.gradle.tasks.GradleCompileTaskProvider                     : loaded 2 times (x 70B)
Class org.jetbrains.kotlin.gradle.plugin.mpp.KotlinWithJavaCompilation                : loaded 2 times (x 171B)
Class org.jetbrains.plugins.gradle.model.GradleLightProject                           : loaded 2 times (x 68B)
Class com.android.tools.idea.gradle.project.sync.DefaultVariantsKt$getDefaultVariant$$inlined$compareBy$1: loaded 2 times (x 88B)
Class com.intellij.gradle.toolingExtension.impl.modelSerialization.DefaultSerializationService: loaded 2 times (x 74B)
Class org.jetbrains.kotlin.compilerRunner.KotlinLogger                                : loaded 2 times (x 68B)
Class com.intellij.openapi.diagnostic.DefaultLogger                                   : loaded 2 times (x 99B)
Class org.jetbrains.kotlin.gradle.tasks.CompileUsingKotlinDaemon                      : loaded 2 times (x 68B)
Class org.jetbrains.kotlin.gradle.plugin.ProjectLocalConfigurationsKt$sam$org_gradle_api_Action$0: loaded 2 times (x 73B)
Class com.android.tools.idea.gradle.model.IdeLibrary                                  : loaded 2 times (x 68B)
Class sync_studio_tooling4173_e7tqaeu7rn1bh4zoykvq19wnc                               : loaded 2 times (x 177B)
Class com.intellij.gradle.toolingExtension.modelAction.GradleModelFetchPhase$BuildFinished: loaded 2 times (x 68B)
Class org.jetbrains.kotlin.commonizer.CommonizerTarget                                : loaded 2 times (x 69B)
Class com.intellij.openapi.diagnostic.Logger$Factory                                  : loaded 2 times (x 68B)
Class org.jetbrains.kotlin.gradle.tasks.KotlinCompile$javaSources$1                   : loaded 2 times (x 123B)
Class net.rubygrapefruit.platform.internal.Platform$Posix                             : loaded 2 times (x 79B)
Class com.google.common.base.Splitter$1                                               : loaded 2 times (x 75B)
Class com.intellij.openapi.util.io.FileUtil                                           : loaded 2 times (x 69B)
Class org.jetbrains.kotlin.gradle.plugin.internal.JavaSourceSetsAccessor$JavaSourceSetsAccessorVariantFactory: loaded 2 times (x 68B)
Class org.jetbrains.kotlin.compilerRunner.GradleCliCommonizerKt                       : loaded 2 times (x 69B)
Class com.google.common.collect.TransformedListIterator                               : loaded 2 times (x 91B)
Class org.jetbrains.kotlin.gradle.plugin.KotlinPlatformType$DisambiguationRule        : loaded 2 times (x 74B)
Class sync_studio_tooling18433_6ym9omepmojle0tlxconu50d6                              : loaded 2 times (x 177B)
Class com.google.common.cache.LocalCache$ValueIterator                                : loaded 2 times (x 84B)
Class com.google.common.base.Ticker$1                                                 : loaded 2 times (x 70B)
Class org.gradle.api.internal.DefaultClassPathRegistry                                : loaded 2 times (x 74B)
Class com.android.tools.idea.gradle.project.sync.VariantDiscovery                     : loaded 2 times (x 70B)
Class org.jetbrains.kotlin.gradle.plugin.sources.KotlinSourceSetFactory$Companion     : loaded 2 times (x 69B)
Class com.android.tools.idea.gradle.project.sync.SelectedVariants                     : loaded 2 times (x 70B)
Class com.android.tools.idea.gradle.project.sync.SyncCounters                         : loaded 2 times (x 70B)
Class org.jetbrains.kotlin.gradle.dsl.ToolchainSupport$Companion                      : loaded 2 times (x 69B)
Class com.google.common.collect.ForwardingMap                                         : loaded 2 times (x 130B)
Class org.objectweb.asm.FieldWriter                                                   : loaded 2 times (x 76B)
Class org.jetbrains.plugins.gradle.tooling.serialization.internal.IdeaProjectSerializationService$1: loaded 2 times (x 74B)
Class com.google.common.collect.AbstractIterator$State                                : loaded 2 times (x 77B)
Class com.google.common.collect.ImmutableSortedMap                                    : loaded 2 times (x 176B)
Class [Lorg.objectweb.asm.Symbol;                                                     : loaded 2 times (x 67B)
Class com.google.common.util.concurrent.AbstractFuture$Cancellation                   : loaded 2 times (x 70B)
Class org.jetbrains.plugins.gradle.tooling.serialization.internal.IdeaProjectSerializationService$2: loaded 2 times (x 75B)
Class org.jetbrains.kotlin.gradle.tasks.KotlinCompile$ClasspathSnapshotProperties_Decorated: loaded 2 times (x 135B)
Class org.jetbrains.plugins.gradle.tooling.serialization.internal.IdeaProjectSerializationService$3: loaded 2 times (x 75B)
Class com.android.tools.idea.gradle.project.sync.FetchedVariantResult$Finished        : loaded 2 times (x 70B)
Class com.android.tools.idea.gradle.project.sync.AndroidProjectResult$Companion       : loaded 2 times (x 69B)
Class io.opentelemetry.context.propagation.DefaultContextPropagators                  : loaded 2 times (x 73B)
Class com.android.tools.idea.gradle.project.sync.SyncActionOptions                    : loaded 2 times (x 70B)
Class com.google.common.base.Predicates                                               : loaded 2 times (x 69B)
Class com.google.common.collect.Interner                                              : loaded 2 times (x 68B)
Class org.jetbrains.kotlin.gradle.plugin.mpp.KotlinMultiplatformPlugin                : loaded 2 times (x 72B)
Class com.google.common.collect.MapMakerInternalMap$InternalEntryHelper               : loaded 2 times (x 68B)
Class org.jetbrains.plugins.gradle.tooling.serialization.internal.IdeaProjectSerializationService$4: loaded 2 times (x 74B)
Class com.intellij.openapi.diagnostic.LogLevel                                        : loaded 2 times (x 77B)
Class org.jetbrains.kotlin.gradle.utils.GradleConfigurationUtilsKt$sam$org_gradle_api_Action$0: loaded 2 times (x 73B)
Class org.gradle.tooling.internal.consumer.versioning.VersionDetails$R35VersionDetails: loaded 2 times (x 78B)
Class org.jetbrains.kotlin.gradle.plugin.KotlinGradleBuildServices$sam$org_gradle_api_Action$0: loaded 2 times (x 73B)
Class org.jetbrains.plugins.gradle.tooling.serialization.internal.IdeaProjectSerializationService$6: loaded 2 times (x 74B)
Class org.jetbrains.kotlin.gradle.plugin.mpp.KotlinMetadataTarget                     : loaded 2 times (x 125B)
Class org.jetbrains.kotlin.gradle.plugin.KotlinGradleBuildServices$Parameters_Decorated: loaded 2 times (x 139B)
Class org.jetbrains.plugins.gradle.tooling.serialization.internal.IdeaProjectSerializationService$7: loaded 2 times (x 74B)
Class com.android.tools.idea.gradle.model.IdeUnresolvedArtifactLibrary                : loaded 2 times (x 68B)
Class org.jetbrains.kotlin.statistics.metrics.NumberAnonymizationPolicy               : loaded 2 times (x 83B)
Class org.gradle.api.internal.classpath.DefaultModuleRegistry$DefaultModule           : loaded 2 times (x 84B)
Class com.android.tools.idea.gradle.model.impl.IdeVariantCoreImpl$Companion           : loaded 2 times (x 69B)
Class com.android.tools.idea.gradle.model.impl.IdeSigningConfigImpl                   : loaded 2 times (x 76B)
Class org.jetbrains.plugins.gradle.tooling.serialization.internal.IdeaProjectSerializationService$8: loaded 2 times (x 74B)
Class org.gradle.tooling.BuildAction                                                  : loaded 2 times (x 68B)
Class net.rubygrapefruit.platform.internal.Platform                                   : loaded 2 times (x 77B)
Class com.google.common.io.LineReader                                                 : loaded 2 times (x 70B)
Class org.jetbrains.kotlin.gradle.plugin.mpp.KotlinVariant                            : loaded 2 times (x 99B)
Class com.google.common.base.CharMatcher$JavaIsoControl                               : loaded 2 times (x 110B)
Class com.android.tools.idea.gradle.project.sync.FetchedVariant                       : loaded 2 times (x 70B)
Class com.google.common.collect.ImmutableMap$1                                        : loaded 2 times (x 79B)
Class org.jetbrains.kotlin.gradle.plugin.sources.KotlinSourceSetFactory               : loaded 2 times (x 78B)
Class org.gradle.tooling.internal.consumer.connection.ToolingParameterProxy           : loaded 2 times (x 74B)
Class com.intellij.gradle.toolingExtension.impl.modelSerialization.ToolingSerializerConverter: loaded 2 times (x 71B)
Class com.android.tools.idea.gradle.model.IdeJavaArtifactCore                         : loaded 2 times (x 68B)
Class org.jetbrains.kotlin.gradle.targets.js.npm.NpmDependencyExtension               : loaded 2 times (x 68B)
Class com.android.tools.idea.gradle.project.sync.SyncProjectActionOptions             : loaded 2 times (x 71B)
Class org.jetbrains.kotlin.gradle.targets.metadata.KotlinMetadataTargetConfiguratorKt : loaded 2 times (x 69B)
Class com.android.tools.idea.gradle.model.impl.IdeLintOptionsImpl                     : loaded 2 times (x 101B)
Class org.jetbrains.kotlin.gradle.targets.js.npm.PeerNpmDependencyExtension           : loaded 2 times (x 68B)
Class org.jetbrains.kotlin.gradle.plugin.PropertiesProvider$localProperties$2         : loaded 2 times (x 77B)
Class org.jetbrains.kotlin.gradle.dsl.KotlinSingleJavaTargetExtension                 : loaded 2 times (x 90B)
Class io.opentelemetry.api.GlobalOpenTelemetry$ObfuscatedOpenTelemetry                : loaded 2 times (x 90B)
Class org.jetbrains.kotlin.gradle.plugin.KotlinPlatformType                           : loaded 2 times (x 80B)
Class com.android.tools.idea.gradle.project.sync.FetchedVariantResult                 : loaded 2 times (x 69B)
Class org.jetbrains.kotlin.gradle.tasks.KotlinCompile                                 : loaded 2 times (x 436B)
Class org.gradle.tooling.internal.adapter.ProtocolToModelAdapter$2                    : loaded 2 times (x 76B)
Class org.jetbrains.kotlin.gradle.tasks.CacheableTasksKt                              : loaded 2 times (x 69B)
Class com.google.common.io.ByteSource$AsCharSource                                    : loaded 2 times (x 84B)
Class com.google.common.cache.RemovalCause$1                                          : loaded 2 times (x 78B)
Class com.android.tools.idea.gradle.project.sync.ResolvedAndroidProjectPath           : loaded 2 times (x 68B)
Class com.google.common.cache.LocalCache$StrongEntry                                  : loaded 2 times (x 106B)
Class org.gradle.tooling.ToolingModelContract                                         : loaded 2 times (x 68B)
Class com.intellij.gradle.toolingExtension.impl.modelAction.GradleDaemonModelHolder$ConvertedModel: loaded 2 times (x 70B)
Class com.google.common.cache.RemovalCause$2                                          : loaded 2 times (x 78B)
Class org.jetbrains.kotlin.compilerRunner.GradleCliCommonizerKt$sam$org_gradle_api_Action$0: loaded 2 times (x 73B)
Class com.google.common.cache.RemovalCause$3                                          : loaded 2 times (x 78B)
Class org.jetbrains.kotlin.gradle.plugin.sources.KotlinDependencyScope                : loaded 2 times (x 77B)
Class org.jetbrains.kotlin.gradle.utils.ResourceUtilsKt                               : loaded 2 times (x 69B)
Class sync_studio_tooling15628_50qnxshk6osl7m9rx9dozh5oi$_run_closure1                : loaded 2 times (x 137B)
Class sync_studio_tooling16661_aponpecuiazrfpsj06fhmdinx                              : loaded 2 times (x 177B)
Class com.google.common.cache.RemovalCause$4                                          : loaded 2 times (x 78B)
Class com.intellij.platform.diagnostic.telemetry.rt.context.TelemetryContext          : loaded 2 times (x 132B)
Class com.google.common.cache.RemovalCause$5                                          : loaded 2 times (x 78B)
Class com.android.tools.idea.gradle.project.sync.NativeVariantAbiResult$None          : loaded 2 times (x 69B)
Class com.android.tools.idea.gradle.model.IdeTestOptions                              : loaded 2 times (x 68B)
Class com.android.tools.idea.gradle.project.sync.VariantDetailsKt                     : loaded 2 times (x 69B)
Class [Lorg.jetbrains.kotlin.gradle.plugin.sources.KotlinDependencyScope;             : loaded 2 times (x 67B)
Class com.google.common.base.Suppliers$SupplierOfInstance                             : loaded 2 times (x 77B)
Class com.android.tools.idea.gradle.project.sync.Modules                              : loaded 2 times (x 69B)
Class org.jetbrains.kotlin.gradle.tasks.configuration.AbstractKotlinCompileConfig$1$1 : loaded 2 times (x 77B)
Class org.objectweb.asm.RecordComponentVisitor                                        : loaded 2 times (x 75B)
Class org.jetbrains.kotlin.gradle.plugin.mpp.HierarchyAttributeContainer              : loaded 2 times (x 82B)
Class org.gradle.internal.classloader.ClasspathUtil$1                                 : loaded 2 times (x 74B)
Class com.google.common.reflect.Types$ClassOwnership$1                                : loaded 2 times (x 78B)
Class com.google.common.reflect.Invokable                                             : loaded 2 times (x 99B)
Class com.android.tools.idea.gradle.model.impl.IdeTestOptionsImpl                     : loaded 2 times (x 75B)
Class com.google.common.reflect.Types$ClassOwnership$2                                : loaded 2 times (x 78B)
Class org.jetbrains.kotlin.gradle.plugin.KotlinCompilationToRunnableFiles             : loaded 2 times (x 68B)
Class org.jetbrains.kotlin.gradle.targets.native.internal.CInteropKlibLibraryElements : loaded 2 times (x 69B)
Class com.google.common.reflect.Types$ClassOwnership$3                                : loaded 2 times (x 69B)
Class org.jetbrains.kotlin.gradle.dsl.KotlinProjectExtensionKt                        : loaded 2 times (x 69B)
Class com.android.tools.idea.gradle.project.sync.AndroidModule$NativeModelVersion     : loaded 2 times (x 77B)
Class org.gradle.tooling.model.HasGradleProject                                       : loaded 2 times (x 68B)
Class org.jetbrains.kotlin.gradle.tasks.UsesKotlinJavaToolchain                       : loaded 2 times (x 68B)
Class org.jetbrains.kotlin.gradle.plugin.sources.DefaultLanguageSettingsBuilder       : loaded 2 times (x 88B)
Class org.jetbrains.kotlin.gradle.plugin.mpp.KotlinTargetComponentWithCoordinatesAndPublication: loaded 2 times (x 68B)
Class [Lorg.jetbrains.kotlin.cli.common.CompilerSystemProperties;                     : loaded 2 times (x 67B)
Class org.jetbrains.kotlin.gradle.plugin.DefaultKotlinBasePlugin$addKotlinCompilerConfiguration$1: loaded 2 times (x 77B)
Class org.gradle.tooling.internal.adapter.ProtocolToModelAdapter$ClassMixInMethodInvoker: loaded 2 times (x 74B)
Class org.jetbrains.kotlin.gradle.plugin.DefaultKotlinBasePlugin$addKotlinCompilerConfiguration$2: loaded 2 times (x 77B)
Class org.objectweb.asm.ModuleWriter                                                  : loaded 2 times (x 80B)
Class org.jetbrains.plugins.gradle.model.GradleConvention                             : loaded 2 times (x 68B)
Class com.android.tools.idea.gradle.project.sync.IdeModelFactoryV2Kt                  : loaded 2 times (x 69B)
Class com.google.common.collect.ImmutableMap$SerializedForm                           : loaded 2 times (x 71B)
Class com.google.common.cache.LocalCache$HashIterator                                 : loaded 2 times (x 84B)
Class com.google.common.collect.Iterables                                             : loaded 2 times (x 69B)
Class com.android.builder.model.v2.models.TestSuiteSourceDependenciesAdjacencyList    : loaded 2 times (x 68B)
Class org.gradle.tooling.model.idea.IdeaSingleEntryLibraryDependency                  : loaded 2 times (x 68B)
Class org.jetbrains.kotlin.gradle.plugin.mpp.KotlinUsages$KotlinCinteropCompatibility : loaded 2 times (x 75B)
Class org.gradle.tooling.model.idea.BasicIdeaProject                                  : loaded 2 times (x 68B)
Class org.jetbrains.kotlin.cli.common.CompilerSystemProperties$value$1                : loaded 2 times (x 123B)
Class org.jetbrains.kotlin.gradle.plugin.sources.ConsistencyCheck                     : loaded 2 times (x 70B)
Class com.google.common.base.CharMatcher$JavaLowerCase                                : loaded 2 times (x 109B)
Class org.jetbrains.kotlin.gradle.plugin.KotlinTargetPreset                           : loaded 2 times (x 68B)
Class com.intellij.gradle.toolingExtension.impl.modelSerialization.SerializationServiceNotFoundException: loaded 2 times (x 80B)
Class com.google.common.cache.LocalCache$WriteThroughEntry                            : loaded 2 times (x 77B)
Class org.objectweb.asm.ClassTooLargeException                                        : loaded 2 times (x 81B)
Class org.jetbrains.kotlin.gradle.plugin.internal.MavenPluginConfigurator$MavenPluginConfiguratorVariantFactory: loaded 2 times (x 68B)
Class org.jetbrains.kotlin.gradle.dsl.DefaultToolchainSupport$sam$org_gradle_api_Action$0: loaded 2 times (x 73B)
Class org.jetbrains.kotlin.gradle.targets.js.ir.KotlinJsIrCompilation                 : loaded 2 times (x 174B)
Class org.jetbrains.kotlin.idea.gradleTooling.IdeaKpmProjectProvider                  : loaded 2 times (x 76B)
Class org.jetbrains.plugins.gradle.tooling.serialization.internal.IdeaProjectSerializationService$11: loaded 2 times (x 74B)
Class com.android.tools.idea.gradle.model.IdePreResolvedModuleLibraryImpl             : loaded 2 times (x 79B)
Class org.jetbrains.kotlin.idea.gradleTooling.KotlinDslScriptModelProvider            : loaded 2 times (x 77B)
Class org.gradle.api.internal.classpath.UnknownModuleException                        : loaded 2 times (x 80B)
Class org.jetbrains.plugins.gradle.tooling.serialization.internal.IdeaProjectSerializationService$10: loaded 2 times (x 74B)
Class org.jetbrains.kotlin.gradle.plugin.mpp.KotlinWithJavaCompilation_Decorated      : loaded 2 times (x 224B)
Class org.jetbrains.kotlin.cli.common.arguments.CommonCompilerArguments$Companion     : loaded 2 times (x 69B)
Class [Lcom.google.gson.stream.JsonToken;                                             : loaded 2 times (x 67B)
Class org.jetbrains.kotlin.cli.common.arguments.CommonCompilerArguments$VersionKind   : loaded 2 times (x 77B)
Class com.google.common.collect.FluentIterable                                        : loaded 2 times (x 79B)
Class org.jetbrains.kotlin.gradle.tasks.AbstractKotlinCompileTool$sources$1           : loaded 2 times (x 77B)
Class com.google.common.util.concurrent.AbstractFuture$Listener                       : loaded 2 times (x 70B)
Class com.android.tools.idea.projectsystem.gradle.sync.Counter                        : loaded 2 times (x 70B)
Class com.android.tools.idea.gradle.model.impl.IdeViewBindingOptionsImpl              : loaded 2 times (x 72B)
Class [Lcom.android.tools.idea.gradle.project.sync.ModelFeature;                      : loaded 2 times (x 67B)
Class org.gradle.tooling.internal.adapter.ProtocolToModelAdapter$MixInBeanMappingAction: loaded 2 times (x 79B)
Class org.apache.commons.io.output.AbstractByteArrayOutputStream                      : loaded 2 times (x 100B)
Class org.jetbrains.kotlin.gradle.tasks.configuration.BaseKotlinCompileConfig         : loaded 2 times (x 70B)
Class com.google.common.collect.ImmutableEntry                                        : loaded 2 times (x 80B)
Class org.jetbrains.kotlin.gradle.report.BuildReportMode$Companion                    : loaded 2 times (x 69B)
Class com.google.common.io.ByteArrayDataOutput                                        : loaded 2 times (x 68B)
Class com.google.common.collect.MapMakerInternalMap$StrongKeyDummyValueEntry$LinkedStrongKeyDummyValueEntry: loaded 2 times (x 80B)
Class com.google.common.collect.RegularImmutableMap$Values                            : loaded 2 times (x 167B)
Class com.google.common.collect.Iterables$4                                           : loaded 2 times (x 79B)
Class org.jetbrains.kotlin.storage.CacheWithNotNullValues                             : loaded 2 times (x 68B)
Class org.jetbrains.kotlin.gradle.tasks.DefaultKotlinJavaToolchain$DefaultJdkSetter   : loaded 2 times (x 74B)
Class org.jetbrains.kotlin.compilerRunner.GradleCompilerRunner$Companion              : loaded 2 times (x 69B)
Class org.jetbrains.kotlin.gradle.plugin.mpp.pm20.util.TargetsKt                      : loaded 2 times (x 69B)
Class com.google.common.base.Ascii                                                    : loaded 2 times (x 69B)
Class com.android.tools.idea.gradle.project.sync.AndroidExtraModelProviderKt          : loaded 2 times (x 69B)
Class com.google.common.collect.Iterables$5                                           : loaded 2 times (x 79B)
Class org.jetbrains.kotlin.gradle.plugin.AbstractKotlinAndroidPluginWrapper           : loaded 2 times (x 85B)
Class org.objectweb.asm.Edge                                                          : loaded 2 times (x 70B)
Class org.gradle.api.internal.ClassPathProvider                                       : loaded 2 times (x 68B)
Class com.android.tools.idea.gradle.model.impl.IdeVariantCoreImpl                     : loaded 2 times (x 106B)
Class com.google.common.collect.Maps$EntryTransformer                                 : loaded 2 times (x 68B)
Class com.android.ide.common.gradle.Version$Companion$ParseState                      : loaded 2 times (x 68B)
Class com.android.tools.idea.gradle.project.sync.AndroidProjectResult                 : loaded 2 times (x 74B)
Class [Lorg.jetbrains.kotlin.build.report.metrics.BuildAttributeKind;                 : loaded 2 times (x 67B)
Class org.jetbrains.kotlin.gradle.plugin.KotlinJsCompilerTypeHolder                   : loaded 2 times (x 68B)
Class org.jetbrains.kotlin.gradle.utils.AndroidPluginIdsKt                            : loaded 2 times (x 69B)
Class org.jetbrains.kotlin.gradle.plugin.VariantImplementationFactories$Companion     : loaded 2 times (x 69B)
Class org.jetbrains.kotlin.name.FqName                                                : loaded 2 times (x 70B)
Class [Lcom.android.tools.idea.gradle.model.IdeDependenciesCore;                      : loaded 2 times (x 67B)
Class sync_studio_tooling11695_7or1hcrelgnplk49wbxrmb3g3                              : loaded 2 times (x 177B)
Class org.jetbrains.plugins.gradle.model.ProjectImportModelProvider$GradleModelConsumer$1: loaded 2 times (x 75B)
Class org.gradle.tooling.internal.consumer.converters.GradleProjectIdentifierMixin    : loaded 2 times (x 71B)
Class org.jetbrains.kotlin.gradle.plugin.mpp.KotlinMultiplatformPluginKt$sourcesJarTaskNamed$result$1: loaded 2 times (x 77B)
Class org.jetbrains.kotlin.gradle.targets.js.npm.BaseNpmDependencyExtension           : loaded 2 times (x 68B)
Class io.opentelemetry.context.propagation.ContextPropagators                         : loaded 2 times (x 68B)
Class org.jetbrains.kotlin.build.SourcesUtilsKt                                       : loaded 2 times (x 69B)
Class com.intellij.gradle.toolingExtension.impl.model.taskModel.GradleTaskModelProvider: loaded 2 times (x 76B)
Class com.android.builder.model.v2.models.TestApkTestSuiteSource                      : loaded 2 times (x 68B)
Class org.jetbrains.kotlin.gradle.tooling.BuildKotlinToolingMetadataTask$Companion    : loaded 2 times (x 69B)
Class com.android.tools.idea.gradle.project.sync.AndroidSdkBootClasspathUtilKt        : loaded 2 times (x 69B)
Class com.google.common.base.Ticker                                                   : loaded 2 times (x 70B)
Class com.google.common.io.ByteArrayDataInput                                         : loaded 2 times (x 68B)
Class com.google.common.base.PairwiseEquivalence                                      : loaded 2 times (x 81B)
Class org.jetbrains.kotlin.gradle.targets.js.npm.DefaultPeerNpmDependencyExtension    : loaded 2 times (x 140B)
Class org.jetbrains.kotlin.gradle.plugin.AbstractKotlinPlugin$Companion               : loaded 2 times (x 69B)
Class org.jetbrains.kotlin.gradle.tasks.KotlinCompile$ScriptFilterSpec                : loaded 2 times (x 73B)
Class com.intellij.gradle.toolingExtension.modelAction.GradleProjectLoadedModelFetchPhase: loaded 2 times (x 79B)
Class net.rubygrapefruit.platform.internal.Platform$Window64Bit                       : loaded 2 times (x 77B)
Class org.jetbrains.kotlin.gradle.plugin.sources.FragmentConsistencyChecks            : loaded 2 times (x 70B)
Class [Lorg.objectweb.asm.SymbolTable$Entry;                                          : loaded 2 times (x 67B)
Class com.android.tools.idea.gradle.project.sync.AndroidProjectResultKt               : loaded 2 times (x 69B)
Class org.gradle.tooling.UnsupportedVersionException                                  : loaded 2 times (x 81B)
Class com.google.common.reflect.Types$JavaVersion                                     : loaded 2 times (x 81B)
Class org.jetbrains.kotlin.gradle.targets.native.internal.KotlinNativePlatformDependenciesKt: loaded 2 times (x 69B)
Class org.jetbrains.kotlin.gradle.tooling.BuildKotlinToolingMetadataTask$FromKotlinExtension: loaded 2 times (x 312B)
Class com.google.common.collect.SingletonImmutableBiMap                               : loaded 2 times (x 141B)
Class [Lcom.android.tools.idea.gradle.model.IdeTestOptions$Execution;                 : loaded 2 times (x 67B)
Class com.android.tools.idea.gradle.project.sync.GradleSyncStudioFlags                : loaded 2 times (x 70B)
Class com.android.tools.idea.gradle.project.sync.AndroidExtraModelProviderImpl        : loaded 2 times (x 70B)
Class org.jetbrains.kotlin.gradle.plugin.ProjectLocalConfigurations$setupAttributesMatchingStrategy$1$1: loaded 2 times (x 76B)
Class com.android.tools.idea.gradle.model.impl.IdeAndroidProjectImpl$Companion        : loaded 2 times (x 69B)
Class com.android.tools.idea.gradle.project.sync.ModelCache                           : loaded 2 times (x 68B)
Class org.apache.commons.io.file.PathFilter                                           : loaded 2 times (x 68B)
Class com.google.common.base.CommonPattern                                            : loaded 2 times (x 72B)
Class com.google.common.collect.CollectSpliterators$1WithCharacteristics              : loaded 2 times (x 88B)
Class com.google.common.base.Suppliers$MemoizingSupplier                              : loaded 2 times (x 77B)
Class org.gradle.tooling.model.GradleProject                                          : loaded 2 times (x 68B)
Class org.jetbrains.kotlin.gradle.tasks.configuration.TaskConfigAction$configureTask$1: loaded 2 times (x 77B)
Class com.google.common.base.Suppliers                                                : loaded 2 times (x 69B)
Class com.google.common.cache.LocalCache$StrongValueReference                         : loaded 2 times (x 88B)
Class org.jetbrains.kotlin.gradle.report.BuildReportType$Companion                    : loaded 2 times (x 69B)
Class org.jetbrains.kotlin.gradle.utils.FileUtilsKt                                   : loaded 2 times (x 69B)
Class net.rubygrapefruit.platform.internal.Platform$FreeBSD32Bit                      : loaded 2 times (x 80B)
Class com.android.tools.idea.gradle.project.sync.AndroidModule                        : loaded 2 times (x 86B)
Class com.android.tools.idea.gradle.project.sync.AgpCompatibilityKt$WhenMappings      : loaded 2 times (x 69B)
Class [Lcom.google.common.collect.Iterators$EmptyModifiableIterator;                  : loaded 2 times (x 67B)
Class com.intellij.util.containers.UtilKt                                             : loaded 2 times (x 69B)
Class org.jetbrains.kotlin.gradle.plugin.PropertiesProvider                           : loaded 2 times (x 70B)
Class org.jetbrains.kotlin.gradle.tasks.TasksProviderKt                               : loaded 2 times (x 69B)
Class org.objectweb.asm.ClassVisitor                                                  : loaded 2 times (x 86B)
Class org.jetbrains.kotlin.gradle.plugin.KotlinMultiplatformPluginKt$sam$org_gradle_api_Action$0: loaded 2 times (x 73B)
Class com.google.common.collect.MapMakerInternalMap$StrongKeyDummyValueEntry          : loaded 2 times (x 80B)
Class com.google.common.cache.LoadingCache                                            : loaded 2 times (x 68B)
Class org.gradle.internal.service.ServiceLookupException                              : loaded 2 times (x 80B)
Class com.android.tools.idea.gradle.model.impl.IdeProjectPathImpl                     : loaded 2 times (x 75B)
Class com.android.tools.idea.gradle.model.IdeJavaCompileOptions                       : loaded 2 times (x 68B)
Class com.google.common.collect.MapMakerInternalMap$StrongKeyDummyValueSegment        : loaded 2 times (x 140B)
Class org.gradle.tooling.model.build.BuildEnvironment                                 : loaded 2 times (x 68B)
Class com.intellij.gradle.toolingExtension.impl.model.sourceSetModel.GradleSourceSetModelProvider: loaded 2 times (x 77B)
Class org.jetbrains.kotlin.build.report.metrics.BuildPerformanceMetrics$Companion     : loaded 2 times (x 69B)
Class com.android.tools.idea.gradle.project.sync.GradleModule                         : loaded 2 times (x 76B)
Class org.jetbrains.kotlin.gradle.plugin.mpp.DefaultKotlinUsageContext                : loaded 2 times (x 105B)
Class org.jetbrains.kotlin.gradle.utils.ParsedGradleVersionKt                         : loaded 2 times (x 69B)
Class org.jetbrains.kotlin.cli.common.arguments.CommonToolArguments                   : loaded 2 times (x 70B)
Class com.android.tools.idea.gradle.project.sync.AndroidProjectResult$Companion$RuntimeClasspathBehaviour: loaded 2 times (x 69B)
Class org.jetbrains.kotlin.gradle.tasks.TaskOutputsBackup                             : loaded 2 times (x 70B)
Class org.jetbrains.kotlin.gradle.scripting.internal.ScriptingGradleSubplugin         : loaded 2 times (x 72B)
Class org.objectweb.asm.ByteVector                                                    : loaded 2 times (x 77B)
Class org.jetbrains.kotlin.gradle.plugin.internal.MavenPluginConfigurator             : loaded 2 times (x 68B)
Class com.google.common.reflect.TypeToken$2                                           : loaded 2 times (x 106B)
Class io.opentelemetry.api.trace.DefaultTracer$NoopSpanBuilder                        : loaded 2 times (x 89B)
Class org.gradle.cache.GlobalCache                                                    : loaded 2 times (x 68B)
Class org.gradle.internal.classloader.FilteringClassLoader                            : loaded 2 times (x 103B)
Class com.android.tools.idea.gradle.model.CodeShrinker                                : loaded 2 times (x 77B)
Class org.jetbrains.kotlin.gradle.plugin.sources.DefaultKotlinSourceSetFactory$setUpSourceSetDefaults$1$1$1: loaded 2 times (x 77B)
Class org.jetbrains.kotlin.gradle.scripting.internal.ScriptingKotlinGradleSubplugin$applyToCompilation$1: loaded 2 times (x 73B)
Class org.jetbrains.kotlin.gradle.tasks.configuration.BaseKotlinCompileConfig$2$1$2   : loaded 2 times (x 73B)
Class [Lorg.jetbrains.kotlin.statistics.metrics.NumberOverridePolicy;                 : loaded 2 times (x 67B)
Class com.android.tools.idea.gradle.project.sync.DefaultVariantsKt$getDefaultVariant$$inlined$thenBy$1: loaded 2 times (x 88B)
Class com.google.common.base.Present                                                  : loaded 2 times (x 79B)
Class com.android.tools.idea.gradle.project.sync.DefaultVariantsKt$getDefaultVariant$$inlined$thenBy$2: loaded 2 times (x 88B)
Class com.google.common.cache.CacheBuilder                                            : loaded 2 times (x 70B)
Class io.opentelemetry.context.ImplicitContextKeyed                                   : loaded 2 times (x 68B)
Class org.jetbrains.kotlin.gradle.tasks.KotlinCompile$scriptExtensions$1              : loaded 2 times (x 77B)
Class org.jetbrains.kotlin.gradle.plugin.sources.DefaultKotlinSourceSet               : loaded 2 times (x 127B)
Class com.google.common.reflect.TypeToken$1                                           : loaded 2 times (x 106B)
Class sync_studio_tooling26537_bi6n3j6cct6fqwp4thbvwth8q                              : loaded 2 times (x 177B)
Class org.jetbrains.kotlin.gradle.internal.KotlinDependenciesManagementKt$configureDefaultVersionsResolutionStrategy$1: loaded 2 times (x 77B)
Class com.android.tools.idea.gradle.project.sync.ModelFeature                         : loaded 2 times (x 77B)
Class org.jetbrains.kotlin.cli.common.arguments.Argument                              : loaded 2 times (x 68B)
Class org.jetbrains.kotlin.gradle.plugin.KotlinSourceSetProcessor$createAdditionalClassesTaskForIdeRunner$IDEClassesTask_Decorated: loaded 2 times (x 356B)
Class org.jetbrains.kotlin.storage.MemoizedFunctionToNotNull                          : loaded 2 times (x 68B)
Class org.jetbrains.kotlin.gradle.plugin.AbstractKotlinPluginWrapper                  : loaded 2 times (x 85B)
Class org.jetbrains.kotlin.gradle.tasks.GradleCompileTaskProvider_Decorated           : loaded 2 times (x 118B)
Class [Lorg.jetbrains.kotlin.build.report.metrics.BuildPerformanceMetric;             : loaded 2 times (x 67B)
Class [Lorg.gradle.api.internal.ClassPathProvider;                                    : loaded 2 times (x 67B)
Class com.google.common.util.concurrent.AbstractFuture$SafeAtomicHelper               : loaded 2 times (x 77B)
Class org.jetbrains.kotlin.cli.common.messages.MessageCollector                       : loaded 2 times (x 68B)
Class com.google.common.collect.ImmutableMultimap$Values                              : loaded 2 times (x 124B)
Class org.jetbrains.kotlin.commonizer.KonanDistribution                               : loaded 2 times (x 70B)
Class com.android.tools.idea.gradle.model.IdeVectorDrawablesOptions                   : loaded 2 times (x 68B)
Class org.gradle.tooling.internal.consumer.versioning.VersionDetails$R26VersionDetails: loaded 2 times (x 78B)
Class com.android.tools.idea.gradle.project.sync.VariantDependenciesCompat$AdjacencyList: loaded 2 times (x 70B)
Class com.intellij.gradle.toolingExtension.impl.util.GradleExecutorServiceUtil        : loaded 2 times (x 69B)
Class com.intellij.openapi.util.io.FileUtilRt                                         : loaded 2 times (x 69B)
Class org.jetbrains.kotlin.gradle.plugin.mpp.pm20.util.ConfigurationUtilsKt           : loaded 2 times (x 69B)
Class com.android.tools.idea.gradle.model.impl.IdeProductFlavorImpl                   : loaded 2 times (x 99B)
Class org.gradle.tooling.internal.consumer.connection.NestedActionAwareBuildControllerAdapter$1: loaded 2 times (x 74B)
Class io.opentelemetry.api.internal.IncubatingUtil                                    : loaded 2 times (x 69B)
Class org.gradle.api.internal.classpath.ModuleRegistry                                : loaded 2 times (x 68B)
Class net.rubygrapefruit.platform.internal.Platform$FreeBSD                           : loaded 2 times (x 80B)
Class org.jetbrains.kotlin.gradle.plugin.sources.KotlinDependencyScopeKt$WhenMappings : loaded 2 times (x 69B)
Class org.gradle.util.internal.GUtil                                                  : loaded 2 times (x 69B)
Class org.jetbrains.kotlin.gradle.plugin.KotlinSourceSetProcessor$createAdditionalClassesTaskForIdeRunner$1$1: loaded 2 times (x 77B)
Class com.android.tools.idea.gradle.project.sync.ActionToRun                          : loaded 2 times (x 70B)
Class com.android.tools.idea.gradle.model.ndk.v2.IdeNativeModule                      : loaded 2 times (x 68B)
Class com.android.tools.idea.gradle.project.sync.GradleModulesKt                      : loaded 2 times (x 69B)
Class org.jetbrains.kotlin.gradle.plugin.mpp.KotlinTargetComponentWithPublication     : loaded 2 times (x 68B)
Class org.jetbrains.kotlin.cli.common.arguments.CommonToolArguments$Companion         : loaded 2 times (x 69B)
Class net.rubygrapefruit.platform.internal.Platform$Unix                              : loaded 2 times (x 80B)
Class org.jetbrains.kotlin.gradle.plugin.KotlinPluginWrapperKt                        : loaded 2 times (x 69B)
Class com.android.tools.idea.gradle.project.sync.SyncProjectActionWorker$populateAndroidModels$3$1: loaded 2 times (x 123B)
Class com.android.tools.idea.gradle.project.sync.ActionToRun$toSafeController$1       : loaded 2 times (x 84B)
Class com.google.common.base.CharMatcher$JavaLetterOrDigit                            : loaded 2 times (x 109B)
Class org.jetbrains.kotlin.statistics.metrics.BooleanAnonymizationPolicy$SAFE         : loaded 2 times (x 83B)
Class com.android.tools.idea.gradle.project.sync.LibraryIdentity$LibraryIdentityProvider$Companion: loaded 2 times (x 69B)
Class com.google.common.math.IntMath                                                  : loaded 2 times (x 69B)
Class com.google.common.reflect.TypeResolver$TypeTable                                : loaded 2 times (x 71B)
Class com.android.tools.idea.gradle.project.sync.SwitchVariantRequest                 : loaded 2 times (x 70B)
Class [Lcom.google.common.reflect.Types$JavaVersion;                                  : loaded 2 times (x 67B)
Class com.android.tools.idea.gradle.model.impl.IdeSyncIssueImpl                       : loaded 2 times (x 77B)
Class [Lcom.android.tools.idea.gradle.project.sync.AndroidModule$NativeModelVersion;  : loaded 2 times (x 67B)
Class org.jetbrains.kotlin.statistics.metrics.IMetricContainerFactory                 : loaded 2 times (x 68B)
Class com.android.builder.model.AndroidProject                                        : loaded 2 times (x 68B)
Class net.rubygrapefruit.platform.Process                                             : loaded 2 times (x 68B)
Class org.jetbrains.kotlin.gradle.plugin.mpp.KotlinUsages$sam$org_gradle_api_Action$0 : loaded 2 times (x 73B)
Class org.jetbrains.kotlin.gradle.tasks.KotlinJavaToolchain                           : loaded 2 times (x 68B)
Class com.android.tools.idea.gradle.project.sync.ModelProviderCachedData              : loaded 2 times (x 70B)
Class org.jetbrains.plugins.gradle.tooling.util.GradleVersionComparator               : loaded 2 times (x 73B)
Class org.jetbrains.kotlin.gradle.model.builder.KotlinModelBuilder$Companion          : loaded 2 times (x 69B)
Class org.jetbrains.kotlin.statistics.ValueAnonymizer                                 : loaded 2 times (x 68B)
Class org.gradle.internal.classloader.ClassLoaderSpec                                 : loaded 2 times (x 69B)
Class org.jetbrains.kotlin.gradle.utils.StringUtilsKt                                 : loaded 2 times (x 69B)
Class org.jetbrains.plugins.gradle.tooling.serialization.internal.IdeaProjectSerializationService$WriteContext$FilePathComparator: loaded 2 times (x 89B)
Class org.gradle.internal.classloader.VisitableURLClassLoader$Spec                    : loaded 2 times (x 72B)
Class org.jetbrains.kotlin.gradle.plugin.statistics.KotlinBuildStatHandler            : loaded 2 times (x 69B)
Class io.opentelemetry.api.trace.ArrayBasedTraceStateBuilder                          : loaded 2 times (x 75B)
Class com.google.common.io.LineProcessor                                              : loaded 2 times (x 68B)
Class org.jetbrains.kotlin.cli.common.arguments.ParseCommandLineArgumentsKt           : loaded 2 times (x 69B)
Class org.jetbrains.kotlin.gradle.plugin.HasKotlinDependencies$DefaultImpls           : loaded 2 times (x 69B)
Class sync_studio_tooling11695_7or1hcrelgnplk49wbxrmb3g3$_run_closure1                : loaded 2 times (x 137B)
Class com.google.common.collect.StandardTable                                         : loaded 2 times (x 122B)
Class org.jetbrains.kotlin.gradle.targets.js.dsl.KotlinJsSubTargetContainerDsl        : loaded 2 times (x 68B)
Class [Lcom.android.builder.model.v2.models.ndk.NativeBuildSystem;                    : loaded 2 times (x 67B)
Class org.jetbrains.kotlin.gradle.dsl.ToolchainSupport                                : loaded 2 times (x 68B)
Class com.intellij.gradle.toolingExtension.impl.modelSerialization.ToolingSerializer$1: loaded 2 times (x 74B)
Class com.google.common.collect.StandardTable$RowMap                                  : loaded 2 times (x 125B)
Class org.jetbrains.kotlin.gradle.plugin.Kotlin2JvmSourceSetProcessor$doTargetSpecificProcessing$2$2$1: loaded 2 times (x 76B)
Class com.google.common.base.NullnessCasts                                            : loaded 2 times (x 69B)
Class com.android.tools.idea.gradle.model.impl.FileImpl                               : loaded 2 times (x 119B)
Class com.google.common.io.CharSink                                                   : loaded 2 times (x 77B)
Class com.google.common.reflect.Invokable$MethodInvokable                             : loaded 2 times (x 103B)
Class org.objectweb.asm.Frame                                                         : loaded 2 times (x 71B)
Class com.google.common.cache.LocalCache$LocalManualCache                             : loaded 2 times (x 97B)
Class com.google.common.collect.AbstractMapEntry                                      : loaded 2 times (x 79B)
Class com.android.tools.idea.gradle.project.sync.SyncTestMode                         : loaded 2 times (x 77B)
Class org.jetbrains.kotlin.gradle.plugin.KotlinMultiplatformPluginWrapper             : loaded 2 times (x 85B)
Class com.google.common.collect.SortedLists                                           : loaded 2 times (x 69B)
Class org.jetbrains.kotlin.gradle.plugin.mpp.KotlinUsages$KotlinJavaRuntimeJarsCompatibility: loaded 2 times (x 74B)
Class net.rubygrapefruit.platform.NativeIntegrationUnavailableException               : loaded 2 times (x 80B)
Class org.jetbrains.kotlin.gradle.report.ReportingSettings$Companion                  : loaded 2 times (x 69B)
Class com.google.common.cache.CacheLoader$1                                           : loaded 2 times (x 73B)
Class com.google.common.io.ByteSource$SlicedByteSource                                : loaded 2 times (x 83B)
Class com.intellij.gradle.toolingExtension.impl.modelAction.GradleDaemonModelHolder   : loaded 2 times (x 74B)
Class [Lio.opentelemetry.context.Scope;                                               : loaded 2 times (x 67B)
Class net.rubygrapefruit.platform.NativeIntegration                                   : loaded 2 times (x 68B)
Class com.android.tools.idea.gradle.project.sync.VariantAssetSourceProviderContext    : loaded 2 times (x 70B)
Class io.opentelemetry.api.trace.ImmutableTraceFlags                                  : loaded 2 times (x 75B)
Class [Lcom.google.common.collect.MapMakerInternalMap$Strength;                       : loaded 2 times (x 67B)
Class org.jetbrains.kotlin.gradle.targets.native.internal.CInteropConfigurationsKt$sam$org_gradle_api_Action$0: loaded 2 times (x 73B)
Class com.android.tools.idea.gradle.project.sync.IdeAndroidModels                     : loaded 2 times (x 70B)
Class com.android.tools.idea.gradle.project.sync.AdditionalClassifierArtifactsActionOptions: loaded 2 times (x 70B)
Class org.jetbrains.kotlin.gradle.plugin.sources.FragmentConsistencyChecks$unstableFeaturesCheck$1: loaded 2 times (x 77B)
Class org.jetbrains.kotlin.gradle.plugin.mpp.KotlinUsages                             : loaded 2 times (x 69B)
Class com.google.common.cache.CacheBuilder$OneWeigher                                 : loaded 2 times (x 80B)
Class com.android.ide.common.gradle.Version$Companion$ParseState$NUMERIC              : loaded 2 times (x 72B)
Class com.android.tools.idea.gradle.model.IdeSourceProviderContainer                  : loaded 2 times (x 68B)
Class com.android.tools.idea.gradle.model.impl.FileImplKt                             : loaded 2 times (x 69B)
Class com.android.tools.idea.gradle.model.IdeArtifactLibrary                          : loaded 2 times (x 68B)
Class org.jetbrains.kotlin.gradle.plugin.sources.FragmentConsistencyChecks$unstableFeaturesCheck$2: loaded 2 times (x 76B)
Class org.jetbrains.kotlin.gradle.plugin.mpp.pm20.util.UtilsKt                        : loaded 2 times (x 69B)
Class org.jetbrains.kotlin.gradle.plugin.SubpluginEnvironment$Companion               : loaded 2 times (x 69B)
Class com.intellij.gradle.toolingExtension.impl.telemetry.GradleOpenTelemetry         : loaded 2 times (x 70B)
Class com.google.common.util.concurrent.AbstractFuture$TrustedFuture                  : loaded 2 times (x 95B)
Class com.google.common.collect.RegularImmutableBiMap                                 : loaded 2 times (x 146B)
Class org.jetbrains.kotlin.idea.projectModel.KotlinTarget                             : loaded 2 times (x 68B)
Class com.google.common.cache.RemovalCause                                            : loaded 2 times (x 78B)
Class org.jetbrains.kotlin.tooling.core.ClosureKt                                     : loaded 2 times (x 69B)
Class com.android.tools.idea.gradle.project.sync.HasBasicGradleProject                : loaded 2 times (x 68B)
Class org.jetbrains.kotlin.gradle.tasks.BaseKotlinCompile                             : loaded 2 times (x 68B)
Class com.android.tools.idea.gradle.model.IdeUnknownLibraryImpl                       : loaded 2 times (x 81B)
Class com.android.tools.idea.gradle.project.upgrade.AndroidGradlePluginCompatibilityKt: loaded 2 times (x 69B)
Class com.google.common.collect.ImmutableSortedMap$1EntrySet$1                        : loaded 2 times (x 172B)
Class org.jetbrains.kotlin.gradle.utils.ParsedGradleVersion                           : loaded 2 times (x 72B)
Class com.google.common.collect.MapMakerInternalMap$InternalEntry                     : loaded 2 times (x 68B)
Class org.jetbrains.kotlin.gradle.plugin.mpp.KotlinMultiplatformPluginKt$sourcesJarTaskNamed$2$1$1$1: loaded 2 times (x 77B)
Class com.google.common.io.ByteSource$ConcatenatedByteSource                          : loaded 2 times (x 83B)
Class org.jetbrains.kotlin.gradle.internal.KotlinDependenciesManagementKt$allNonProjectDependencies$1: loaded 2 times (x 76B)
Class org.jetbrains.kotlin.gradle.tasks.configuration.AbstractKotlinCompileConfig$4   : loaded 2 times (x 77B)
Class org.apache.commons.io.FileExistsException                                       : loaded 2 times (x 80B)
Class org.jetbrains.kotlin.gradle.tasks.DefaultKotlinJavaToolchain$sam$org_gradle_api_Transformer$0: loaded 2 times (x 73B)
Class com.android.tools.idea.gradle.project.sync.ModelCacheV1ImplKt                   : loaded 2 times (x 69B)
Class org.jetbrains.kotlin.storage.LockBasedStorageManager$ExceptionHandlingStrategy$1: loaded 2 times (x 72B)
Class org.jetbrains.kotlin.gradle.tasks.AbstractKotlinCompileTool                     : loaded 2 times (x 364B)
Class com.android.tools.idea.gradle.project.sync.BuildInfo                            : loaded 2 times (x 70B)
Class org.jetbrains.kotlin.gradle.internal.CompilerArgumentAware                      : loaded 2 times (x 68B)
Class com.google.common.collect.Maps$ViewCachingAbstractMap                           : loaded 2 times (x 123B)
Class org.jetbrains.kotlin.gradle.plugin.ProjectLocalConfigurations$ProjectLocalDisambiguation: loaded 2 times (x 74B)
Class org.jetbrains.kotlin.gradle.plugin.KotlinPluginInMultipleProjectsHolder         : loaded 2 times (x 70B)
Class org.jetbrains.kotlin.gradle.tasks.KotlinCompileTool                             : loaded 2 times (x 68B)
Class org.jetbrains.kotlin.compilerRunner.CompilerSystemPropertiesService$Parameters  : loaded 2 times (x 68B)
Class com.android.tools.idea.gradle.project.sync.ModelConverter                       : loaded 2 times (x 69B)
Class org.jetbrains.kotlin.gradle.tasks.configuration.AbstractKotlinCompileConfig$3   : loaded 2 times (x 73B)
Class com.android.tools.idea.gradle.project.sync.SyncActionRunner                     : loaded 2 times (x 74B)
Class com.android.tools.idea.gradle.model.IdeVariantBuildInformation                  : loaded 2 times (x 68B)
Class sync_studio_tooling15628_50qnxshk6osl7m9rx9dozh5oi                              : loaded 2 times (x 177B)
Class com.google.common.cache.LocalCache$2                                            : loaded 2 times (x 140B)
Class org.jetbrains.kotlin.gradle.tasks.configuration.AbstractKotlinCompileConfig$2   : loaded 2 times (x 77B)
Class com.google.common.cache.LocalCache$1                                            : loaded 2 times (x 87B)
Class org.jetbrains.kotlin.gradle.plugin.mpp.KotlinCompilationsKt$sam$org_gradle_api_Action$0: loaded 2 times (x 73B)
Class org.jetbrains.kotlin.util.capitalizeDecapitalize.CapitalizeDecapitalizeKt       : loaded 2 times (x 69B)
Class com.google.common.collect.ImmutableSet$Builder                                  : loaded 2 times (x 83B)
Class com.android.tools.idea.gradle.project.sync.AndroidExtraModelProviderKt$flattenDag$2: loaded 2 times (x 93B)
Class com.google.common.collect.Sets$FilteredSet                                      : loaded 2 times (x 135B)
Class org.jetbrains.kotlin.gradle.plugin.AbstractKotlinPlugin$rewriteMppDependenciesInPom$shouldRewritePoms$1: loaded 2 times (x 73B)
Class org.jetbrains.kotlin.gradle.plugin.KotlinCompilation$Companion                  : loaded 2 times (x 69B)
Class com.android.tools.idea.gradle.project.sync.IdeModelFactoryV2                    : loaded 2 times (x 70B)
Class com.google.common.collect.MapMakerInternalMap                                   : loaded 2 times (x 159B)
Class org.jetbrains.kotlin.gradle.tasks.configuration.AbstractKotlinCompileConfig$1   : loaded 2 times (x 77B)
Class org.jetbrains.kotlin.gradle.scripting.internal.ScriptingKotlinGradleSubplugin$Companion: loaded 2 times (x 69B)
Class org.gradle.tooling.internal.consumer.connection.InternalPhasedActionAdapter     : loaded 2 times (x 76B)
Class org.gradle.tooling.model.Task                                                   : loaded 2 times (x 68B)
Class com.google.common.collect.ImmutableMap$MapViewOfValuesAsSingletonSets           : loaded 2 times (x 123B)
Class com.android.tools.idea.gradle.project.sync.DeliverableAndroidModule             : loaded 2 times (x 74B)
Class com.intellij.gradle.toolingExtension.impl.modelAction.GradleModelId             : loaded 2 times (x 70B)
Class net.rubygrapefruit.platform.internal.Platform$MacOs32Bit                        : loaded 2 times (x 80B)
Class org.apache.commons.io.output.StringBuilderWriter                                : loaded 2 times (x 98B)
Class org.jetbrains.kotlin.storage.LockBasedStorageManager                            : loaded 2 times (x 106B)
Class com.google.common.collect.ImmutableMapKeySet                                    : loaded 2 times (x 148B)
Class org.jetbrains.kotlin.gradle.tasks.DefaultKotlinJavaToolchain$javaExecutable$1   : loaded 2 times (x 77B)
Class [Lorg.jetbrains.kotlin.statistics.metrics.NumberAnonymizationPolicy;            : loaded 2 times (x 67B)
Class org.jetbrains.kotlin.gradle.tasks.configuration.BaseKotlinCompileConfig$2$1     : loaded 2 times (x 77B)
Class org.objectweb.asm.commons.InstructionAdapter                                    : loaded 2 times (x 186B)
Class com.google.common.base.MoreObjects                                              : loaded 2 times (x 69B)
Class com.android.tools.idea.gradle.model.IdeTestOptions$Execution                    : loaded 2 times (x 77B)
Class org.objectweb.asm.RecordComponentWriter                                         : loaded 2 times (x 76B)
Class com.android.tools.idea.gradle.model.IdeDependenciesCore                         : loaded 2 times (x 68B)
Class org.jetbrains.kotlin.gradle.report.BuildReportType                              : loaded 2 times (x 77B)
Class org.objectweb.asm.AnnotationVisitor                                             : loaded 2 times (x 76B)
Class org.jetbrains.kotlin.gradle.plugin.KotlinPluginWrapperKt$sam$org_gradle_api_Action$0: loaded 2 times (x 73B)
Class com.android.tools.idea.gradle.model.IdeSyncIssue                                : loaded 2 times (x 68B)
Class org.gradle.tooling.model.eclipse.EclipseProject                                 : loaded 2 times (x 68B)
Class com.google.common.base.FunctionalEquivalence                                    : loaded 2 times (x 81B)
Class org.objectweb.asm.SymbolTable                                                   : loaded 2 times (x 70B)
Class org.jetbrains.kotlin.gradle.plugin.KotlinCompilerPluginSupportPlugin$DefaultImpls: loaded 2 times (x 69B)
Class com.intellij.openapi.externalSystem.model.ExternalSystemException               : loaded 2 times (x 84B)
Class [Lcom.google.common.cache.RemovalCause;                                         : loaded 2 times (x 67B)
Class org.gradle.tooling.internal.consumer.versioning.VersionDetails$R48VersionDetails: loaded 2 times (x 78B)
Class com.android.tools.idea.gradle.project.sync.GradleProject                        : loaded 2 times (x 73B)
Class [Lorg.objectweb.asm.AnnotationVisitor;                                          : loaded 2 times (x 67B)
Class com.android.tools.idea.gradle.project.sync.AndroidProjectPathResolver           : loaded 2 times (x 68B)
Class com.android.tools.idea.gradle.model.IdeAaptOptions                              : loaded 2 times (x 68B)
Class org.jetbrains.kotlin.gradle.plugin.SubpluginEnvironmentKt$sam$org_gradle_api_Transformer$0: loaded 2 times (x 73B)
Class com.google.common.cache.CacheStats                                              : loaded 2 times (x 69B)
Class io.opentelemetry.context.propagation.NoopTextMapPropagator                      : loaded 2 times (x 74B)
Class com.android.tools.idea.gradle.model.impl.IdeSourceProviderContainerImpl         : loaded 2 times (x 74B)
Class org.jetbrains.kotlin.gradle.plugin.KotlinMultiplatformPluginKt$whenEvaluated$4  : loaded 2 times (x 77B)
Class com.android.tools.idea.gradle.model.impl.IdeMultiVariantDataImpl                : loaded 2 times (x 75B)
Class org.gradle.tooling.model.gradle.BasicGradleProject                              : loaded 2 times (x 68B)
Class org.jetbrains.kotlin.gradle.tasks.KotlinCompile$ClasspathSnapshotProperties     : loaded 2 times (x 73B)
Class org.objectweb.asm.Attribute                                                     : loaded 2 times (x 75B)
Class org.jetbrains.kotlin.gradle.idea.tcs.IdeaKotlinDependency                       : loaded 2 times (x 68B)
Class com.google.common.collect.Cut$AboveAll                                          : loaded 2 times (x 86B)
Class org.jetbrains.kotlin.gradle.plugin.KotlinMultiplatformPluginKt$whenEvaluated$3  : loaded 2 times (x 77B)
Class org.gradle.tooling.model.idea.IdeaSourceDirectory                               : loaded 2 times (x 68B)
Class org.gradle.internal.classloader.VisitableURLClassLoader                         : loaded 2 times (x 115B)
Class com.google.common.base.CharMatcher$Digit                                        : loaded 2 times (x 110B)
Class org.jetbrains.kotlin.build.report.metrics.BuildAttributes                       : loaded 2 times (x 70B)
Class com.google.common.cache.LocalCache$LocalLoadingCache                            : loaded 2 times (x 132B)
Class [Lorg.jetbrains.kotlin.gradle.report.BuildReportMode;                           : loaded 2 times (x 67B)
Class org.gradle.tooling.internal.consumer.converters.IncludedBuildsMixin             : loaded 2 times (x 72B)
Class org.jetbrains.kotlin.gradle.targets.js.npm.NpmDependencyExtensionDelegate       : loaded 2 times (x 167B)
Class com.google.common.base.Supplier                                                 : loaded 2 times (x 68B)
Class com.android.tools.idea.gradle.project.sync.ModelCacheV2ImplKt$modelCacheV2Impl$variantCoreFrom$12: loaded 2 times (x 123B)
Class org.jetbrains.kotlin.gradle.tasks.KotlinCompilerExecutionStrategy               : loaded 2 times (x 77B)
Class com.google.common.collect.HashBiMap$BiEntry                                     : loaded 2 times (x 81B)
Class org.jetbrains.kotlin.storage.StorageManager                                     : loaded 2 times (x 68B)
Class [Lorg.jetbrains.kotlin.build.report.metrics.BuildAttribute;                     : loaded 2 times (x 67B)
Class com.android.ide.common.gradle.Separator                                         : loaded 2 times (x 77B)
Class com.google.common.base.Optional                                                 : loaded 2 times (x 78B)
Class com.android.tools.idea.gradle.model.IdeAndroidLibraryImpl                       : loaded 2 times (x 104B)
Class com.google.common.base.JdkPattern                                               : loaded 2 times (x 73B)
Class com.android.tools.idea.gradle.project.sync.InternedModels$nameLibraries$IdeModelAndReferenceAndIdentity: loaded 2 times (x 73B)
Class com.android.tools.idea.gradle.project.sync.ModelCacheV2ImplKt$modelCacheV2Impl$variantCoreFrom$15: loaded 2 times (x 123B)
Class com.android.tools.idea.gradle.project.sync.BasicNonAndroidIncompleteGradleModule: loaded 2 times (x 71B)
Class com.google.common.collect.ImmutableMultimap$Keys                                : loaded 2 times (x 164B)
Class com.google.common.util.concurrent.AbstractFuture$AtomicHelper                   : loaded 2 times (x 76B)
Class com.google.common.collect.ImmutableBiMap                                        : loaded 2 times (x 141B)
Class org.jetbrains.kotlin.gradle.plugin.statistics.KotlinBuildStatsService$Companion : loaded 2 times (x 69B)
Class org.jetbrains.kotlin.cli.common.arguments.GradleOption                          : loaded 2 times (x 68B)
Class com.intellij.openapi.util.Pair                                                  : loaded 2 times (x 70B)
Class io.opentelemetry.api.OpenTelemetry                                              : loaded 2 times (x 68B)
Class org.jetbrains.kotlin.gradle.targets.js.dsl.KotlinJsTargetDsl                    : loaded 2 times (x 68B)
Class org.jetbrains.kotlin.gradle.dsl.KotlinTargetContainerWithPresetFunctions        : loaded 2 times (x 68B)
Class com.android.tools.idea.gradle.project.sync.ModelVersions                        : loaded 2 times (x 70B)
Class org.jetbrains.kotlin.idea.gradleTooling.KotlinMPPGradleModel$Companion          : loaded 2 times (x 69B)
Class org.jetbrains.kotlin.gradle.tasks.Kotlin2JsCompile                              : loaded 2 times (x 422B)
Class com.google.common.hash.PrimitiveSink                                            : loaded 2 times (x 68B)
Class io.opentelemetry.context.ContextKey                                             : loaded 2 times (x 68B)
Class com.android.tools.idea.gradle.project.sync.ModelResult                          : loaded 2 times (x 70B)
Class com.android.tools.idea.gradle.project.sync.ModelVersion                         : loaded 2 times (x 73B)
Class org.jetbrains.kotlin.gradle.tasks.configuration.BaseKotlinCompileConfig$Companion: loaded 2 times (x 69B)
Class com.google.common.base.CharMatcher$JavaDigit                                    : loaded 2 times (x 109B)
Class org.jetbrains.kotlin.gradle.idea.kpm.IdeaKpmProjectContainer                    : loaded 2 times (x 68B)
Class io.opentelemetry.api.trace.SpanContext                                          : loaded 2 times (x 68B)
Class com.google.common.collect.SortedLists$KeyPresentBehavior                        : loaded 2 times (x 78B)
Class com.intellij.openapi.util.Comparing                                             : loaded 2 times (x 69B)
Class com.google.common.collect.ListMultimap                                          : loaded 2 times (x 68B)
Class com.android.tools.idea.gradle.project.sync.BuildId                              : loaded 2 times (x 70B)
Class org.gradle.api.internal.ClassPathRegistry                                       : loaded 2 times (x 68B)
Class com.android.tools.idea.gradle.project.upgrade.AndroidGradlePluginCompatibility  : loaded 2 times (x 77B)
Class sync_studio_tooling16661_aponpecuiazrfpsj06fhmdinx$_run_closure1                : loaded 2 times (x 137B)
Class org.jetbrains.kotlin.gradle.dsl.KotlinJsCompile                                 : loaded 2 times (x 68B)
Class org.jetbrains.kotlin.gradle.plugin.KotlinCompilationWithResources               : loaded 2 times (x 68B)
Class org.jetbrains.kotlin.cli.common.arguments.InternalArgument                      : loaded 2 times (x 68B)
Class [Lcom.google.common.reflect.Types$ClassOwnership;                               : loaded 2 times (x 67B)
Class org.jetbrains.kotlin.compilerRunner.CompilerSystemPropertiesService$sam$org_gradle_api_Action$0: loaded 2 times (x 73B)
Class com.android.tools.idea.gradle.model.IdeArtifactName$Companion                   : loaded 2 times (x 69B)
Class com.google.common.cache.LocalCache$EntryFactory                                 : loaded 2 times (x 81B)
Class com.google.gson.stream.JsonReader                                               : loaded 2 times (x 95B)
Class com.android.tools.idea.gradle.model.IdeLintOptions                              : loaded 2 times (x 68B)
Class org.gradle.tooling.internal.consumer.converters.BackwardsCompatibleIdeaModuleDependency: loaded 2 times (x 68B)
Class org.jetbrains.kotlin.cli.common.arguments.K2JVMCompilerArguments                : loaded 2 times (x 75B)
Class com.google.common.util.concurrent.UncheckedExecutionException                   : loaded 2 times (x 80B)
Class com.google.gson.stream.MalformedJsonException                                   : loaded 2 times (x 80B)
Class org.gradle.internal.classloader.VisitableURLClassLoader$InstrumentingVisitableURLClassLoader: loaded 2 times (x 121B)
Class [Lcom.android.tools.idea.gradle.model.impl.IdeModuleSourceSet;                  : loaded 2 times (x 67B)
Class org.jetbrains.kotlin.statistics.metrics.StringAnonymizationPolicy               : loaded 2 times (x 83B)
Class org.gradle.internal.classloader.ClassLoaderHierarchy                            : loaded 2 times (x 68B)
Class [Lcom.google.common.collect.MapMaker$Dummy;                                     : loaded 2 times (x 67B)
Class com.android.tools.idea.gradle.model.impl.IdeDependenciesImplKt                  : loaded 2 times (x 69B)
Class com.android.builder.model.v2.ide.TestSuiteVariantTarget                         : loaded 2 times (x 68B)
Class org.jetbrains.kotlin.compilerRunner.CompilerSystemPropertiesService$Companion$registerIfAbsent$1: loaded 2 times (x 77B)
Class org.jetbrains.kotlin.gradle.plugin.mpp.KotlinJvmCompilation                     : loaded 2 times (x 173B)
Class [Lio.opentelemetry.context.ContextStorage;                                      : loaded 2 times (x 67B)
Class io.opentelemetry.context.ContextExecutorService                                 : loaded 2 times (x 96B)
Class com.android.tools.idea.gradle.project.sync.ModelCacheV2ImplKt$modelCacheV2Impl$1: loaded 2 times (x 78B)
Class io.opentelemetry.context.propagation.TextMapPropagator                          : loaded 2 times (x 68B)
Class com.google.common.collect.MapMakerInternalMap$AbstractStrongKeyEntry            : loaded 2 times (x 78B)
Class org.gradle.tooling.internal.consumer.converters.FixedBuildIdentifierProvider    : loaded 2 times (x 73B)
Class io.opentelemetry.api.trace.AutoValue_ArrayBasedTraceState                       : loaded 2 times (x 85B)
Class org.jetbrains.kotlin.gradle.plugin.internal.JavaSourceSetsAccessor              : loaded 2 times (x 68B)
Class com.android.tools.idea.gradle.model.IdeBaseArtifactCore                         : loaded 2 times (x 68B)
Class org.jetbrains.kotlin.gradle.targets.native.internal.CInteropLibraryElementsCompatibilityRule: loaded 2 times (x 74B)
Class io.opentelemetry.api.trace.SpanId                                               : loaded 2 times (x 69B)
Class com.google.common.io.ByteStreams$LimitedInputStream                             : loaded 2 times (x 90B)
Class org.jetbrains.kotlin.gradle.plugin.SubpluginOption                              : loaded 2 times (x 70B)
Class org.jetbrains.kotlin.gradle.targets.js.npm.DefaultPeerNpmDependencyExtension$delegate$1: loaded 2 times (x 167B)
Class com.google.common.collect.FluentIterable$3                                      : loaded 2 times (x 79B)
Class com.android.builder.model.v2.models.SourceType                                  : loaded 2 times (x 77B)
Class org.gradle.tooling.model.cpp.CppComponent                                       : loaded 2 times (x 68B)
Class io.opentelemetry.context.DefaultContextKey                                      : loaded 2 times (x 70B)
Class org.jetbrains.kotlin.gradle.internal.KotlinDependenciesManagementKt             : loaded 2 times (x 69B)
Class com.google.common.collect.FluentIterable$2                                      : loaded 2 times (x 79B)
Class org.jetbrains.kotlin.incremental.ClasspathChanges                               : loaded 2 times (x 69B)
Class com.google.common.collect.FluentIterable$1                                      : loaded 2 times (x 79B)
Class com.android.tools.idea.gradle.model.impl.IdeAndroidProjectImpl                  : loaded 2 times (x 105B)
Class com.google.common.collect.Hashing                                               : loaded 2 times (x 69B)
Class com.android.tools.idea.gradle.model.impl.IdeModuleWellKnownSourceSet            : loaded 2 times (x 82B)
Class com.android.builder.model.v2.models.BasicTestSuite                              : loaded 2 times (x 68B)
Class com.google.common.base.CharMatcher$SingleWidth                                  : loaded 2 times (x 110B)
Class org.gradle.tooling.internal.consumer.connection.NestedActionAwareBuildControllerAdapter: loaded 2 times (x 99B)
Class org.gradle.api.internal.classpath.DefaultModuleRegistry                         : loaded 2 times (x 84B)
Class com.google.common.cache.RemovalListener                                         : loaded 2 times (x 68B)
Class org.jetbrains.kotlin.gradle.targets.js.dsl.KotlinWasmTargetDsl                  : loaded 2 times (x 68B)
Class org.jetbrains.kotlin.build.report.metrics.BuildAttribute$Companion              : loaded 2 times (x 69B)
Class org.jetbrains.kotlin.gradle.plugin.mpp.KotlinWithJavaCompilationFactory         : loaded 2 times (x 76B)
Class org.jetbrains.kotlin.gradle.dsl.KotlinJvmProjectExtension                       : loaded 2 times (x 93B)
Class org.jetbrains.kotlin.gradle.plugin.mpp.AbstractKotlinTarget                     : loaded 2 times (x 122B)
Class com.android.tools.idea.gradle.project.sync.AndroidExtraModelProviderWorkerKt    : loaded 2 times (x 69B)
Class org.jetbrains.kotlin.build.report.metrics.BuildAttributes$Companion             : loaded 2 times (x 69B)
Class org.jetbrains.kotlin.cli.jvm.compiler.KotlinCoreEnvironment$Companion           : loaded 2 times (x 69B)
Class org.jetbrains.kotlin.build.report.metrics.BuildTimes                            : loaded 2 times (x 70B)
Class com.android.builder.model.v2.ide.TestSuite                                      : loaded 2 times (x 68B)
Class org.jetbrains.kotlin.gradle.tasks.AbstractKotlinCompile                         : loaded 2 times (x 401B)
Class com.google.common.io.Closer$Suppressor                                          : loaded 2 times (x 68B)
Class com.android.tools.idea.gradle.model.IdeUnresolvedJavaLibrary                    : loaded 2 times (x 68B)
Class org.jetbrains.kotlin.gradle.utils.StringUtilsKt$lowerCamelCaseName$1            : loaded 2 times (x 123B)
Class com.google.common.io.FileWriteMode                                              : loaded 2 times (x 77B)
Class io.opentelemetry.api.internal.AutoValue_ImmutableSpanContext                    : loaded 2 times (x 90B)
Class org.apache.commons.io.output.ByteArrayOutputStream                              : loaded 2 times (x 100B)
Class org.jetbrains.kotlin.gradle.tasks.configuration.AbstractKotlinCompileConfig$sam$org_gradle_api_Action$0: loaded 2 times (x 73B)
Class org.jetbrains.kotlin.gradle.targets.js.npm.NpmDependencyExtensionKt$defaultNpmDependencyDelegate$1: loaded 2 times (x 167B)
Class com.android.tools.idea.gradle.project.sync.GradleModelCollection                : loaded 2 times (x 68B)
Class com.google.common.cache.LocalCache$LoadingValueReference                        : loaded 2 times (x 94B)
Class org.jetbrains.kotlin.gradle.plugin.mpp.KotlinMultiplatformPluginKt$sourcesJarTaskNamed$2$1: loaded 2 times (x 77B)
Class org.gradle.tooling.model.BuildableElement                                       : loaded 2 times (x 68B)
Class net.rubygrapefruit.platform.internal.LibraryDef                                 : loaded 2 times (x 70B)
Class com.google.common.collect.AbstractMapBasedMultimap$WrappedList                  : loaded 2 times (x 165B)
Class org.jetbrains.kotlin.gradle.dsl.DefaultToolchainSupport                         : loaded 2 times (x 74B)
Class [Lorg.objectweb.asm.Type;                                                       : loaded 2 times (x 67B)
Class com.google.common.collect.Table                                                 : loaded 2 times (x 68B)
Class com.google.common.collect.Interners$InternerImpl                                : loaded 2 times (x 73B)
Class org.jetbrains.kotlin.gradle.plugin.sources.KotlinDependencyScopeKt              : loaded 2 times (x 69B)
Class org.gradle.tooling.model.java.InstalledJdk                                      : loaded 2 times (x 68B)
Class com.google.common.collect.MapMakerInternalMap$WeakValueReference                : loaded 2 times (x 68B)
Class org.jetbrains.kotlin.gradle.tasks.CacheableTasksKt$sam$org_gradle_api_specs_Spec$0: loaded 2 times (x 73B)
Class net.rubygrapefruit.platform.ProcessLauncher                                     : loaded 2 times (x 68B)
Class com.google.common.collect.SortedLists$KeyAbsentBehavior$3                       : loaded 2 times (x 78B)
Class com.google.common.base.AbstractIterator$State                                   : loaded 2 times (x 77B)
Class com.google.common.base.Platform$JdkPatternCompiler                              : loaded 2 times (x 73B)
Class com.google.common.collect.AbstractTable                                         : loaded 2 times (x 118B)
Class org.gradle.internal.classpath.ClassPath                                         : loaded 2 times (x 68B)
Class com.google.common.cache.CacheLoader$SupplierToCacheLoader                       : loaded 2 times (x 73B)
Class org.jetbrains.kotlin.gradle.dsl.KotlinMultiplatformExtension                    : loaded 2 times (x 456B)
Class com.google.common.reflect.Types                                                 : loaded 2 times (x 69B)
Class com.android.tools.idea.gradle.model.IdeSourceProvider                           : loaded 2 times (x 70B)
Class com.google.common.collect.TreeRangeSet                                          : loaded 2 times (x 113B)
Class [Lorg.gradle.tooling.internal.adapter.MethodInvoker;                            : loaded 2 times (x 67B)
Class com.google.common.collect.SortedLists$KeyAbsentBehavior$2                       : loaded 2 times (x 78B)
Class com.google.common.cache.Weigher                                                 : loaded 2 times (x 68B)
Class com.android.tools.idea.gradle.project.sync.SyncVariantResult                    : loaded 2 times (x 70B)
Class com.android.tools.idea.gradle.model.ClasspathType                               : loaded 2 times (x 77B)
Class com.google.common.collect.Cut                                                   : loaded 2 times (x 86B)
Class org.jetbrains.kotlin.gradle.plugin.KotlinTarget$DefaultImpls                    : loaded 2 times (x 69B)
Class org.gradle.tooling.internal.consumer.versioning.VersionDetails$R28VersionDetails: loaded 2 times (x 78B)
Class com.google.common.collect.MapMakerInternalMap$StrongValueEntry                  : loaded 2 times (x 68B)
Class sync_studio_tooling26537_bi6n3j6cct6fqwp4thbvwth8q$_run_closure1                : loaded 2 times (x 137B)
Class org.gradle.tooling.internal.adapter.ProtocolToModelAdapter$MixInTypeMappingAction: loaded 2 times (x 79B)
Class org.gradle.tooling.internal.consumer.converters.ConsumerTargetTypeProvider      : loaded 2 times (x 74B)
Class org.jetbrains.kotlin.gradle.plugin.KotlinGradleBuildServices                    : loaded 2 times (x 78B)
Class [Lcom.google.common.cache.LocalCache$Strength;                                  : loaded 2 times (x 67B)
Class com.android.tools.idea.gradle.model.impl.IdeAndroidGradlePluginProjectFlagsImpl : loaded 2 times (x 85B)
Class org.jetbrains.kotlin.com.intellij.openapi.diagnostic.DefaultLogger              : loaded 2 times (x 95B)
Class org.jetbrains.kotlin.gradle.targets.js.KotlinJsCompilerAttribute                : loaded 2 times (x 80B)
Class com.google.common.collect.SortedLists$KeyAbsentBehavior$1                       : loaded 2 times (x 78B)
Class org.jetbrains.kotlin.compilerRunner.CompilerSystemPropertiesService$Companion   : loaded 2 times (x 69B)
Class org.gradle.internal.InternalTransformer                                         : loaded 2 times (x 68B)
Class com.google.common.base.Stopwatch                                                : loaded 2 times (x 70B)
Class org.jetbrains.kotlin.gradle.dsl.KotlinTargetContainerWithJsPresetFunctions      : loaded 2 times (x 68B)
Class org.apache.commons.io.output.NullOutputStream                                   : loaded 2 times (x 83B)
Class com.google.common.collect.AbstractMapBasedMultimap$AsMap$AsMapEntries           : loaded 2 times (x 136B)
Class com.android.tools.idea.gradle.project.sync.SyncVariantResultSuccess             : loaded 2 times (x 70B)
Class org.gradle.tooling.model.kotlin.dsl.EditorReportSeverity                        : loaded 2 times (x 77B)
Class com.android.tools.idea.gradle.project.sync.LibraryIdentity                      : loaded 2 times (x 70B)
Class io.opentelemetry.api.trace.DefaultTracer                                        : loaded 2 times (x 72B)
Class com.android.tools.idea.gradle.project.sync.BuildTypeDef                         : loaded 2 times (x 70B)
Class app.cash.sqldelight.core.SqlDelightPropertiesFile                               : loaded 2 times (x 68B)
Class [Lcom.android.tools.idea.gradle.project.upgrade.AndroidGradlePluginCompatibility;: loaded 2 times (x 67B)
Class org.gradle.internal.classpath.DefaultClassPath$ImmutableUniqueList$Builder      : loaded 2 times (x 73B)
Class org.jetbrains.kotlin.gradle.tasks.configuration.AbstractKotlinCompileConfig$sam$org_gradle_api_Transformer$0: loaded 2 times (x 73B)
Class org.jetbrains.kotlin.gradle.testing.internal.KotlinTestsRegistry$Companion      : loaded 2 times (x 69B)
Class org.gradle.internal.service.ServiceLocator                                      : loaded 2 times (x 68B)
Class org.gradle.internal.classloader.DefaultClassLoaderFactory                       : loaded 2 times (x 80B)
Class io.opentelemetry.context.ArrayBasedContext                                      : loaded 2 times (x 98B)
Class org.jetbrains.kotlin.build.report.metrics.BuildMetricsReporterImpl              : loaded 2 times (x 80B)
Class org.jetbrains.kotlin.gradle.plugin.VariantImplementationFactories               : loaded 2 times (x 74B)
Class org.jetbrains.kotlin.storage.LockBasedStorageManager$1                          : loaded 2 times (x 106B)
Class com.google.common.io.AppendableWriter                                           : loaded 2 times (x 98B)
Class com.android.tools.idea.gradle.project.sync.LibraryIdentity$Companion            : loaded 2 times (x 69B)
Class org.gradle.tooling.internal.consumer.versioning.ModelMapping$DefaultModelIdentifier: loaded 2 times (x 74B)
Class com.android.tools.idea.gradle.model.IdeBaseConfig                               : loaded 2 times (x 68B)
Class org.jetbrains.plugins.gradle.tooling.serialization.internal.IdeaProjectSerializationService$ResourceDirectoriesGetter: loaded 2 times (x 73B)
Class net.rubygrapefruit.platform.internal.Platform$Linux                             : loaded 2 times (x 81B)
Class org.jetbrains.kotlin.com.intellij.openapi.diagnostic.Logger$DefaultFactory      : loaded 2 times (x 72B)
Class org.jetbrains.kotlin.gradle.incremental.IncrementalModuleInfoBuildService$Companion: loaded 2 times (x 69B)
Class org.jetbrains.kotlin.gradle.plugin.CompilerPluginConfig                         : loaded 2 times (x 70B)
Class org.jetbrains.kotlin.gradle.report.ReportingSettings                            : loaded 2 times (x 70B)
Class com.google.common.cache.CacheLoader$InvalidCacheLoadException                   : loaded 2 times (x 80B)
Class [Lorg.jetbrains.kotlin.statistics.metrics.NumericalMetrics;                     : loaded 2 times (x 67B)
Class org.jetbrains.kotlin.gradle.internal.Kapt3GradleSubplugin                       : loaded 2 times (x 81B)
Class org.jetbrains.kotlin.gradle.internal.KotlinDependenciesManagementKt$configureDefaultVersionsResolutionStrategy$1$1: loaded 2 times (x 77B)
Class com.google.common.cache.LocalCache$Values                                       : loaded 2 times (x 116B)
Class com.android.ide.common.gradle.Module$Companion                                  : loaded 2 times (x 69B)
Class org.jetbrains.kotlin.gradle.plugin.mpp.AbstractKotlinTarget$kotlinComponents$2  : loaded 2 times (x 77B)
Class com.google.common.util.concurrent.SettableFuture                                : loaded 2 times (x 95B)
Class org.jetbrains.kotlin.gradle.plugin.mpp.HierarchyAttributeContainer$1            : loaded 2 times (x 76B)
Class com.google.common.io.Closer                                                     : loaded 2 times (x 76B)
Class com.android.tools.idea.gradle.project.sync.DependencyGraphCompat                : loaded 2 times (x 69B)
Class com.android.tools.idea.gradle.project.sync.ModuleId                             : loaded 2 times (x 70B)
Class org.jetbrains.kotlin.gradle.internal.tasks.TaskWithLocalState                   : loaded 2 times (x 68B)
Class org.jetbrains.kotlin.compilerRunner.CompilerSystemPropertiesService$Parameters_Decorated: loaded 2 times (x 132B)
Class com.android.tools.idea.gradle.model.IdeExtraSourceProvider                      : loaded 2 times (x 68B)
Class net.rubygrapefruit.platform.NativeException                                     : loaded 2 times (x 80B)
Class [Lorg.jetbrains.kotlin.statistics.metrics.BooleanMetrics;                       : loaded 2 times (x 67B)
Class [Lcom.google.common.collect.AbstractMapEntry;                                   : loaded 2 times (x 67B)
Class net.rubygrapefruit.platform.Native                                              : loaded 2 times (x 69B)
Class com.google.common.io.Files$2                                                    : loaded 2 times (x 74B)
Class com.android.tools.idea.gradle.model.IdeUnresolvedAndroidLibrary                 : loaded 2 times (x 68B)
Class org.jetbrains.kotlin.gradle.plugin.AbstractKotlinPm20PluginWrapper              : loaded 2 times (x 85B)
Class org.jetbrains.kotlin.gradle.plugin.mpp.KotlinJsCompilation                      : loaded 2 times (x 174B)
Class com.google.common.collect.ImmutableMapEntry                                     : loaded 2 times (x 83B)
Class org.jetbrains.kotlin.gradle.plugin.mpp.KotlinMultiplatformPluginKt$sourcesJarTaskNamed$2: loaded 2 times (x 77B)
Class com.android.tools.idea.gradle.project.sync.ModuleConfiguration                  : loaded 2 times (x 70B)
Class org.jetbrains.kotlin.gradle.plugin.mpp.KotlinMultiplatformPluginKt$sam$org_gradle_api_Action$0: loaded 2 times (x 73B)
Class io.opentelemetry.api.trace.DefaultTracerProvider                                : loaded 2 times (x 77B)
Class com.android.tools.idea.gradle.project.sync.SelectedVariant                      : loaded 2 times (x 70B)
Class org.jetbrains.kotlin.storage.SimpleLock                                         : loaded 2 times (x 68B)
Class com.google.common.collect.Maps$EntryFunction                                    : loaded 2 times (x 89B)
Class com.google.common.reflect.Types$ParameterizedTypeImpl                           : loaded 2 times (x 79B)
Class org.jetbrains.kotlin.gradle.tasks.configuration.BaseKotlinCompileConfig$1       : loaded 2 times (x 77B)
Class org.jetbrains.kotlin.gradle.model.builder.KotlinModelBuilder                    : loaded 2 times (x 74B)
Class com.google.common.base.Strings                                                  : loaded 2 times (x 69B)
Class net.rubygrapefruit.platform.internal.Platform$Window32Bit                       : loaded 2 times (x 77B)
Class org.jetbrains.kotlin.build.report.metrics.BuildPerformanceMetric$Companion$children$2: loaded 2 times (x 76B)
Class org.jetbrains.kotlin.gradle.tasks.configuration.BaseKotlinCompileConfig$2       : loaded 2 times (x 77B)
Class com.android.tools.idea.gradle.project.sync.DeliverableGradleModule$ModelConsumer: loaded 2 times (x 70B)
Class com.intellij.openapi.diagnostic.Logger$DefaultFactory                           : loaded 2 times (x 72B)
Class com.google.common.io.ByteStreams                                                : loaded 2 times (x 69B)
Class com.android.tools.idea.gradle.project.sync.SingleVariantSyncActionOptions       : loaded 2 times (x 71B)
Class com.android.tools.idea.gradle.project.sync.SyncActionRunnerKt$toMeasuringController$1: loaded 2 times (x 84B)
Class com.android.tools.idea.gradle.model.IdeCompositeBuildMap                        : loaded 2 times (x 68B)
Class com.android.tools.idea.gradle.project.sync.AgpCompatibilityKt                   : loaded 2 times (x 69B)
Class org.jetbrains.kotlin.gradle.plugin.SubpluginEnvironment                         : loaded 2 times (x 70B)
Class org.jetbrains.kotlin.gradle.plugin.KotlinPluginWrapperKt$kotlinPluginVersionFromResources$1: loaded 2 times (x 76B)
Class com.android.tools.idea.gradle.project.sync.IdeModelWithPostProcessor            : loaded 2 times (x 70B)
Class com.android.tools.idea.gradle.model.impl.IdeDependenciesCoreDirect              : loaded 2 times (x 77B)
Class com.android.tools.idea.gradle.project.sync.AndroidArtifactRef                   : loaded 2 times (x 70B)
Class com.google.common.collect.Cut$BelowValue                                        : loaded 2 times (x 86B)
Class com.android.builder.model.Variant                                               : loaded 2 times (x 68B)
Class org.jetbrains.kotlin.storage.NotNullLazyValue                                   : loaded 2 times (x 68B)
Class org.jetbrains.kotlin.gradle.plugin.KotlinPlatformJvmPlugin                      : loaded 2 times (x 79B)
Class com.android.tools.idea.gradle.project.sync.ArtifactRef                          : loaded 2 times (x 69B)
Class com.android.tools.idea.gradle.model.IdeAndroidLibrary                           : loaded 2 times (x 68B)
Class org.jetbrains.plugins.gradle.tooling.serialization.internal.IdeaProjectSerializationService$TargetBytecodeVersionGetter: loaded 2 times (x 73B)
Class org.jetbrains.kotlin.gradle.plugin.sources.FragmentConsistencyChecker           : loaded 2 times (x 70B)
Class org.jetbrains.kotlin.gradle.tasks.KotlinTasksProvider                           : loaded 2 times (x 70B)
Class com.google.gson.internal.JsonReaderInternalAccess                               : loaded 2 times (x 70B)
Class com.android.tools.idea.gradle.model.IdeJavaLibrary                              : loaded 2 times (x 68B)
Class com.intellij.gradle.toolingExtension.impl.util.GradleTreeTraverserUtil          : loaded 2 times (x 69B)
Class org.jetbrains.kotlin.name.Name                                                  : loaded 2 times (x 73B)
Class com.google.common.base.CharMatcher$Invisible                                    : loaded 2 times (x 110B)
Class org.jetbrains.kotlin.gradle.plugin.KotlinAndroidPluginWrapper                   : loaded 2 times (x 85B)
Class com.android.tools.idea.gradle.model.impl.IdeBuildTasksAndOutputInformationImpl  : loaded 2 times (x 78B)
Class org.jetbrains.kotlin.gradle.plugin.sources.DefaultLanguageSettingsBuilderKt     : loaded 2 times (x 69B)
Class com.google.common.collect.Collections2$FilteredCollection                       : loaded 2 times (x 117B)
Class org.jetbrains.kotlin.gradle.dsl.ExplicitApiMode                                 : loaded 2 times (x 77B)
Class org.jetbrains.plugins.gradle.tooling.serialization.internal.IdeaProjectSerializationService$JavaHomePathGetter: loaded 2 times (x 73B)
Class com.google.common.collect.ArrayListMultimap                                     : loaded 2 times (x 170B)
Class io.opentelemetry.api.trace.TraceFlags                                           : loaded 2 times (x 68B)
Class org.jetbrains.kotlin.gradle.plugin.KotlinSourceSetProcessor$addKotlinDirectoriesToJavaSourceSet$kotlinSrcDirsToAdd$1: loaded 2 times (x 73B)
Class com.google.common.util.concurrent.AbstractFuture$SynchronizedHelper             : loaded 2 times (x 76B)
Class org.jetbrains.kotlin.gradle.plugin.mpp.KotlinWithJavaTarget                     : loaded 2 times (x 123B)
Class com.google.common.collect.MapMaker                                              : loaded 2 times (x 70B)
Class org.jetbrains.kotlin.gradle.plugin.AbstractKotlinPlugin$Companion$configureSourceSetDefaults$1: loaded 2 times (x 77B)
Class org.gradle.tooling.model.eclipse.HierarchicalEclipseProject                     : loaded 2 times (x 68B)
Class com.google.common.collect.HashBasedTable                                        : loaded 2 times (x 122B)
Class com.google.common.collect.HashBiMap                                             : loaded 2 times (x 141B)
Class org.jetbrains.kotlin.gradle.dsl.KotlinTargetContainerWithWasmPresetFunctions    : loaded 2 times (x 68B)
Class org.jetbrains.kotlin.gradle.tasks.CompilerPluginOptions                         : loaded 2 times (x 70B)
Class org.jetbrains.kotlin.gradle.tasks.DefaultKotlinJavaToolchain_Decorated          : loaded 2 times (x 125B)
Class com.android.tools.idea.gradle.project.sync.SyncActionRunnerKt                   : loaded 2 times (x 69B)
Class org.gradle.internal.service.UnknownServiceException                             : loaded 2 times (x 81B)
Class org.gradle.tooling.internal.consumer.converters.EclipseProjectHasAutoBuildMixin : loaded 2 times (x 70B)
Class org.jetbrains.kotlin.build.report.metrics.BuildTime$Companion$children$2        : loaded 2 times (x 76B)
Class com.google.common.reflect.Types$JavaVersion$1                                   : loaded 2 times (x 81B)
Class com.google.common.collect.ImmutableMultiset                                     : loaded 2 times (x 161B)
Class kotlin.sequences.SequencesKt__SequencesKt$sequenceOf$1$1                        : loaded 2 times (x 77B)
Class com.intellij.gradle.toolingExtension.modelProvider.GradleClassBuildModelProvider: loaded 2 times (x 78B)
Class com.google.common.reflect.Types$JavaVersion$2                                   : loaded 2 times (x 81B)
Class org.jetbrains.kotlin.gradle.dsl.KotlinCommonToolOptions                         : loaded 2 times (x 68B)
Class org.gradle.internal.service.DefaultServiceLocator                               : loaded 2 times (x 81B)
Class com.google.common.collect.SortedSetMultimap                                     : loaded 2 times (x 68B)
Class com.google.common.reflect.Types$JavaVersion$3                                   : loaded 2 times (x 81B)
Class org.gradle.internal.classpath.DefaultClassPath$ImmutableUniqueList              : loaded 2 times (x 159B)
Class org.gradle.tooling.model.idea.IdeaModule                                        : loaded 2 times (x 68B)
Class com.google.common.io.ByteSource                                                 : loaded 2 times (x 82B)
Class org.gradle.tooling.UnknownModelException                                        : loaded 2 times (x 81B)
Class com.google.common.reflect.Types$JavaVersion$4                                   : loaded 2 times (x 81B)
Class org.jetbrains.kotlin.gradle.plugin.sources.SourceSetsVisibilityInferenceKt      : loaded 2 times (x 69B)
Class org.jetbrains.kotlin.gradle.plugin.mpp.KotlinUsages$KotlinMetadataCompatibility : loaded 2 times (x 74B)
Class com.android.tools.idea.gradle.model.IdeApiVersion                               : loaded 2 times (x 68B)
Class com.android.tools.idea.gradle.model.impl.IdeAndroidArtifactCoreImpl             : loaded 2 times (x 101B)
Class com.google.common.reflect.Types$JavaVersion$5                                   : loaded 2 times (x 69B)
Class org.jetbrains.kotlin.gradle.plugin.KotlinGradleBuildServices$Inject             : loaded 2 times (x 98B)
Class com.google.common.collect.Maps$IteratorBasedAbstractMap$1                       : loaded 2 times (x 136B)
Class com.android.tools.idea.gradle.model.IdeBuildType                                : loaded 2 times (x 68B)
Class io.opentelemetry.api.GlobalOpenTelemetry                                        : loaded 2 times (x 69B)
Class org.jetbrains.kotlin.gradle.targets.js.npm.NpmDirectoryDependencyExtension      : loaded 2 times (x 68B)
Class com.google.common.base.CharMatcher$JavaLetter                                   : loaded 2 times (x 109B)
Class org.gradle.tooling.model.idea.IdeaContentRoot                                   : loaded 2 times (x 68B)
Class com.google.common.collect.ImmutableMultimap$1                                   : loaded 2 times (x 80B)
Class com.android.tools.idea.gradle.project.sync.ArtifactDependenciesCompat$AdjacencyList: loaded 2 times (x 70B)
Class com.android.tools.idea.gradle.model.IdeViewBindingOptions                       : loaded 2 times (x 68B)
Class com.google.common.collect.ImmutableMultimap$2                                   : loaded 2 times (x 79B)
Class com.google.common.collect.Cut$AboveValue                                        : loaded 2 times (x 86B)
Class org.jetbrains.kotlin.gradle.plugin.sources.DefaultKotlinSourceSetFactory        : loaded 2 times (x 78B)
Class com.android.tools.idea.gradle.project.sync.ModelCacheV2ImplKt$WhenMappings      : loaded 2 times (x 69B)
Class com.android.builder.model.v2.models.TestSuiteDependenciesAdjacencyList          : loaded 2 times (x 68B)
Class com.android.tools.idea.gradle.project.sync.VariantDiscovery$prepareRequestedOrDefaultModuleConfigurations$$inlined$sortedBy$1: loaded 2 times (x 87B)
Class org.gradle.internal.classpath.TransformedClassPath                              : loaded 2 times (x 94B)
Class com.android.tools.idea.gradle.project.sync.ModelCache$V2                        : loaded 2 times (x 68B)
Class io.opentelemetry.api.internal.ImmutableSpanContext                              : loaded 2 times (x 89B)
Class org.jetbrains.kotlin.tooling.KotlinToolingMetadata                              : loaded 2 times (x 70B)
Class org.jetbrains.kotlin.gradle.plugin.Kotlin2JvmSourceSetProcessor                 : loaded 2 times (x 75B)
Class org.jetbrains.kotlin.gradle.plugin.internal.MavenPluginConfigurator$DefaultMavenPluginConfiguratorVariantFactory: loaded 2 times (x 72B)
Class org.gradle.tooling.model.kotlin.dsl.EditorPosition                              : loaded 2 times (x 68B)
Class org.objectweb.asm.ModuleVisitor                                                 : loaded 2 times (x 79B)
Class org.jetbrains.plugins.gradle.model.GradleLightBuild                             : loaded 2 times (x 68B)
Class org.jetbrains.kotlin.gradle.plugin.AbstractKotlinPlugin$apply$1                 : loaded 2 times (x 77B)
Class org.jetbrains.kotlin.gradle.plugin.Kotlin2JvmSourceSetProcessor$registerKotlinOutputForJavaLibrary$1: loaded 2 times (x 76B)
Class com.android.builder.model.v2.ide.BasicTestSuiteArtifact                         : loaded 2 times (x 68B)
Class org.jetbrains.kotlin.gradle.tasks.AbstractKotlinCompile$compilerRunner$1        : loaded 2 times (x 77B)
Class com.google.common.io.ByteSource$EmptyByteSource                                 : loaded 2 times (x 83B)
Class com.google.common.reflect.TypeToken$SimpleTypeToken                             : loaded 2 times (x 71B)
Class org.jetbrains.kotlin.gradle.scripting.internal.ScriptingGradleSubpluginKt       : loaded 2 times (x 69B)
Class com.android.ide.common.repository.AgpVersion$PreviewKind$WhenMappings           : loaded 2 times (x 69B)
Class com.android.tools.idea.gradle.project.sync.ArtifactDependenciesCompat           : loaded 2 times (x 70B)
Class org.jetbrains.kotlin.gradle.plugin.KotlinGradleBuildServices$Parameters         : loaded 2 times (x 68B)
Class net.rubygrapefruit.platform.internal.FunctionResult$Failure                     : loaded 2 times (x 77B)
Class com.android.tools.idea.gradle.model.IdeSourceProviderKt                         : loaded 2 times (x 69B)
Class org.jetbrains.kotlin.cli.common.CompilerSystemProperties                        : loaded 2 times (x 78B)
Class com.google.common.util.concurrent.AbstractFuture$Trusted                        : loaded 2 times (x 68B)
Class org.jetbrains.kotlin.compilerRunner.GradleCompilerRunner                        : loaded 2 times (x 71B)
Class com.android.tools.idea.gradle.project.sync.VariantDiscovery$toTraverseAction$1$1$moduleDependencies$1: loaded 2 times (x 123B)
Class io.opentelemetry.context.ForwardingExecutorService                              : loaded 2 times (x 96B)
Class [Lorg.jetbrains.kotlin.gradle.plugin.KotlinPlatformType;                        : loaded 2 times (x 67B)
Class org.jetbrains.kotlin.gradle.plugin.mpp.KotlinAndroidTarget                      : loaded 2 times (x 123B)
Class com.google.common.io.ByteStreams$1                                              : loaded 2 times (x 83B)
Class com.google.common.graph.SuccessorsFunction                                      : loaded 2 times (x 68B)
Class com.google.common.io.Closer$SuppressingSuppressor                               : loaded 2 times (x 73B)
Class org.jetbrains.kotlin.cli.jvm.compiler.KotlinCoreEnvironment                     : loaded 2 times (x 70B)
Class org.jetbrains.kotlin.build.report.metrics.BuildTime                             : loaded 2 times (x 77B)
Class com.google.common.collect.TreeRangeSet$AsRanges                                 : loaded 2 times (x 147B)
Class com.android.builder.model.v2.models.AssetsTestSuiteSource                       : loaded 2 times (x 68B)
Class org.jetbrains.kotlin.gradle.utils.IsolatedKotlinClasspathClassCastException     : loaded 2 times (x 80B)
Class com.android.tools.idea.gradle.project.sync.InternedModels                       : loaded 2 times (x 70B)
Class com.google.common.reflect.Types$NativeTypeVariableEquals                        : loaded 2 times (x 69B)
Class com.android.tools.idea.gradle.model.IdeArtifactName$Companion$WhenMappings      : loaded 2 times (x 69B)
Class org.jetbrains.kotlin.gradle.scripting.internal.ScriptingGradleSubpluginKt$registerDiscoverScriptExtensionsTransform$2: loaded 2 times (x 76B)
Class com.google.common.math.MathPreconditions                                        : loaded 2 times (x 69B)
Class org.jetbrains.kotlin.statistics.metrics.StringOverridePolicy$OVERRIDE_VERSION_IF_NOT_SET: loaded 2 times (x 83B)
Class org.apache.commons.io.filefilter.IOFileFilter                                   : loaded 2 times (x 68B)
Class org.jetbrains.kotlin.gradle.plugin.PropertiesProvider$Companion                 : loaded 2 times (x 69B)
Class com.android.tools.idea.gradle.project.sync.StandaloneDeliverableModel$Companion : loaded 2 times (x 69B)
Class org.jetbrains.kotlin.gradle.plugin.mpp.KotlinMultiplatformPluginKt              : loaded 2 times (x 69B)
Class org.gradle.tooling.internal.consumer.converters.EclipseExternalDependencyUnresolvedMixin: loaded 2 times (x 71B)
Class io.opentelemetry.context.propagation.TextMapSetter                              : loaded 2 times (x 68B)
Class org.jetbrains.kotlin.gradle.plugin.SubpluginArtifact                            : loaded 2 times (x 70B)
Class org.jetbrains.kotlin.gradle.testing.internal.KotlinTestsRegistry                : loaded 2 times (x 70B)
Class com.intellij.openapi.util.io.FileUtilRt$SymlinkResolver                         : loaded 2 times (x 68B)
Class org.jetbrains.kotlin.statistics.metrics.StringMetrics                           : loaded 2 times (x 78B)
Class com.google.common.collect.ImmutableMultimap                                     : loaded 2 times (x 145B)
Class com.google.common.io.ByteSink                                                   : loaded 2 times (x 74B)
Class org.jetbrains.kotlin.com.intellij.openapi.diagnostic.ExceptionWithAttachments   : loaded 2 times (x 68B)
Class org.jetbrains.kotlin.gradle.plugin.internal.DefaultBasePluginConfiguration      : loaded 2 times (x 74B)
Class com.intellij.openapi.util.SystemInfoRt                                          : loaded 2 times (x 69B)
Class com.android.tools.idea.gradle.project.sync.AndroidExtraModelProvider            : loaded 2 times (x 77B)
Class org.jetbrains.kotlin.gradle.scripting.internal.ScriptingGradleSubplugin$apply$1 : loaded 2 times (x 77B)
Class org.objectweb.asm.MethodWriter                                                  : loaded 2 times (x 104B)
Class com.android.ide.common.gradle.Part                                              : loaded 2 times (x 75B)
Class io.opentelemetry.api.trace.TraceStateBuilder                                    : loaded 2 times (x 68B)
Class com.intellij.gradle.toolingExtension.modelProvider.GradleClassProjectModelProvider: loaded 2 times (x 78B)
Class org.gradle.tooling.internal.protocol.InternalStreamedValueRelay                 : loaded 2 times (x 68B)
Class com.intellij.gradle.toolingExtension.impl.util.GradleExecutorServiceUtil$SimpleThreadFactory: loaded 2 times (x 73B)
Class org.jetbrains.kotlin.gradle.scripting.internal.ScriptingGradleSubpluginKt$registerDiscoverScriptExtensionsTransform$1: loaded 2 times (x 76B)
Class org.jetbrains.kotlin.gradle.tasks.DefaultKotlinJavaToolchain                    : loaded 2 times (x 75B)
Class org.jetbrains.kotlin.gradle.plugin.KotlinPlatformJsPlugin                       : loaded 2 times (x 79B)
Class org.jetbrains.kotlin.gradle.plugin.KotlinTargetConfiguratorKt                   : loaded 2 times (x 69B)
Class com.google.common.collect.Cut$BelowAll                                          : loaded 2 times (x 86B)
Class org.gradle.tooling.internal.consumer.converters.BasicGradleProjectIdentifierMixin: loaded 2 times (x 71B)
Class com.intellij.util.ReflectionUtilRt                                              : loaded 2 times (x 69B)
Class org.jetbrains.kotlin.gradle.tasks.DefaultKotlinJavaToolchain$javaVersion$1      : loaded 2 times (x 76B)
Class com.google.common.collect.Multimaps                                             : loaded 2 times (x 69B)
Class com.google.common.cache.CacheBuilder$NullListener                               : loaded 2 times (x 80B)
Class org.jetbrains.kotlin.gradle.plugin.sources.DefaultKotlinSourceSet_Decorated     : loaded 2 times (x 178B)
Class org.objectweb.asm.Label                                                         : loaded 2 times (x 71B)
Class org.jetbrains.kotlin.gradle.report.ConfigureReporingKt                          : loaded 2 times (x 69B)
Class org.jetbrains.kotlin.gradle.tasks.CacheableTasksKt$cacheOnlyIfEnabledForKotlin$1: loaded 2 times (x 77B)
Class com.android.tools.idea.gradle.project.sync.MeasurementCheckpoint                : loaded 2 times (x 77B)
Class [Lio.opentelemetry.context.ThreadLocalContextStorage$NoopScope;                 : loaded 2 times (x 67B)
Class org.jetbrains.kotlin.daemon.common.MultiModuleICSettings                        : loaded 2 times (x 70B)
Class com.google.common.util.concurrent.ExecutionError                                : loaded 2 times (x 80B)
Class com.android.tools.idea.gradle.project.sync.ClasspathIdentifier                  : loaded 2 times (x 70B)
Class io.opentelemetry.context.ThreadLocalContextStorage$ScopeImpl                    : loaded 2 times (x 77B)
Class com.google.common.io.ByteSink$AsCharSink                                        : loaded 2 times (x 78B)
Class org.jetbrains.kotlin.gradle.tasks.KotlinCompilerExecutionStrategy$Companion     : loaded 2 times (x 69B)
Class com.android.tools.idea.gradle.model.impl.IdeDependenciesCoreImpl                : loaded 2 times (x 68B)
Class org.jetbrains.kotlin.gradle.targets.js.KotlinJsTarget                           : loaded 2 times (x 175B)
Class com.google.common.base.Equivalence$Identity                                     : loaded 2 times (x 80B)
Class org.jetbrains.kotlin.storage.NullableLazyValue                                  : loaded 2 times (x 68B)
Class [Lcom.google.common.collect.HashBiMap$BiEntry;                                  : loaded 2 times (x 67B)
Class com.android.tools.idea.gradle.model.impl.IdeJavaCompileOptionsImpl              : loaded 2 times (x 76B)
Class org.jetbrains.plugins.gradle.tooling.serialization.internal.adapter.kotlin.dsl.InternalKotlinDslScriptsModel: loaded 2 times (x 74B)
Class com.intellij.gradle.toolingExtension.impl.util.GradleModelProviderUtil          : loaded 2 times (x 69B)
Class org.gradle.internal.classloader.ClassLoaderVisitor                              : loaded 2 times (x 74B)
Class com.intellij.gradle.toolingExtension.impl.model.projectModel.GradleExternalProjectModelProvider: loaded 2 times (x 77B)
Class com.google.common.collect.ImmutableSortedMapFauxverideShim                      : loaded 2 times (x 118B)
Class org.jetbrains.kotlin.statistics.metrics.StringOverridePolicy                    : loaded 2 times (x 83B)
Class org.jetbrains.kotlin.gradle.incremental.IncrementalModuleInfoBuildService$Parameters_Decorated: loaded 2 times (x 129B)
Class org.jetbrains.kotlin.gradle.plugin.PluginWrappersKt                             : loaded 2 times (x 69B)
Class [Lcom.google.common.collect.MapMakerInternalMap$Segment;                        : loaded 2 times (x 67B)
Class com.google.common.collect.AbstractIterator$1                                    : loaded 2 times (x 69B)
Class com.google.common.math.IntMath$1                                                : loaded 2 times (x 69B)
Class org.jetbrains.kotlin.gradle.plugin.mpp.KotlinCompilationsKt$sam$java_util_concurrent_Callable$0: loaded 2 times (x 73B)
Class org.apache.commons.io.output.ThresholdingOutputStream                           : loaded 2 times (x 92B)
Class com.google.common.io.CharSource                                                 : loaded 2 times (x 83B)
Class org.jetbrains.kotlin.gradle.tasks.configuration.AbstractKotlinCompileConfig     : loaded 2 times (x 70B)
Class org.jetbrains.kotlin.gradle.targets.js.KotlinJsCompilerAttribute$Companion      : loaded 2 times (x 69B)
Class com.google.common.cache.LocalCache                                              : loaded 2 times (x 185B)
Class org.objectweb.asm.AnnotationWriter                                              : loaded 2 times (x 77B)
Class com.intellij.openapi.util.io.FileUtilRt$RepeatableIOOperation                   : loaded 2 times (x 68B)
Class org.jetbrains.kotlin.gradle.plugin.KotlinSourceSetProcessor$applyStandardTaskConfiguration$1: loaded 2 times (x 77B)
Class org.jetbrains.kotlin.name.FqNameUnsafe$1                                        : loaded 2 times (x 72B)
Class org.jetbrains.kotlin.utils.IDEAPlatforms                                        : loaded 2 times (x 77B)
Class com.android.tools.idea.gradle.project.sync.AdditionalClassifierArtifactsModelCollectorKt: loaded 2 times (x 69B)
Class kotlin.coroutines.jvm.internal.CoroutineDumpState                               : loaded 2 times (x 69B)
Class org.jetbrains.kotlin.gradle.tasks.configuration.KotlinCompileConfigKt$sam$org_gradle_api_Transformer$0: loaded 2 times (x 73B)
Class org.jetbrains.kotlin.statistics.metrics.StringOverridePolicy$OVERRIDE           : loaded 2 times (x 83B)
Class org.jetbrains.kotlin.gradle.plugin.KotlinSourceSetProcessor$createAdditionalClassesTaskForIdeRunner$IDEClassesTask: loaded 2 times (x 310B)
Class org.jetbrains.kotlin.gradle.dsl.KotlinCommonOptions                             : loaded 2 times (x 68B)
Class org.jetbrains.kotlin.gradle.plugin.HasKotlinDependencies                        : loaded 2 times (x 68B)
Class com.google.common.util.concurrent.AbstractFuture$UnsafeAtomicHelper$1           : loaded 2 times (x 74B)
Class org.jetbrains.kotlin.gradle.utils.GradleConfigurationUtilsKt                    : loaded 2 times (x 69B)
Class [Lio.opentelemetry.api.trace.TraceFlags;                                        : loaded 2 times (x 67B)
Class org.gradle.tooling.model.gradle.GradleBuild                                     : loaded 2 times (x 68B)
Class org.jetbrains.kotlin.gradle.internal.KaptGenerateStubsTask                      : loaded 2 times (x 445B)
Class org.jetbrains.kotlin.cli.common.arguments.Freezable                             : loaded 2 times (x 69B)
Class com.google.common.base.CharMatcher$JavaUpperCase                                : loaded 2 times (x 109B)
Class com.android.tools.idea.gradle.project.sync.AllVariantsSyncActionOptions         : loaded 2 times (x 71B)
Class org.jetbrains.kotlin.cli.common.arguments.K2JVMCompilerArguments$Companion      : loaded 2 times (x 69B)
Class org.jetbrains.kotlin.storage.CacheWithNullableValues                            : loaded 2 times (x 68B)
Class io.opentelemetry.context.ContextStorageProvider                                 : loaded 2 times (x 68B)
Class org.jetbrains.kotlin.statistics.metrics.BooleanOverridePolicy$OVERRIDE          : loaded 2 times (x 83B)
Class com.android.tools.idea.gradle.project.sync.AndroidExtraModelProviderWorker      : loaded 2 times (x 70B)
Class com.android.ide.common.gradle.NonNumeric                                        : loaded 2 times (x 75B)
Class org.jetbrains.kotlin.com.intellij.openapi.diagnostic.Attachment                 : loaded 2 times (x 72B)
Class org.gradle.internal.installation.GradleInstallation                             : loaded 2 times (x 73B)
Class com.android.tools.idea.projectsystem.gradle.sync.Counter$time$1                 : loaded 2 times (x 76B)
Class org.jetbrains.kotlin.gradle.tasks.KotlinJavaToolchain$JavaToolchainSetter       : loaded 2 times (x 68B)
Class com.android.tools.idea.projectsystem.gradle.sync.Counter$time$2                 : loaded 2 times (x 76B)
Class [Lcom.android.tools.idea.gradle.project.sync.SyncTestMode;                      : loaded 2 times (x 67B)
Class com.google.common.collect.ImmutableMultimap$EntryCollection                     : loaded 2 times (x 125B)
Class io.opentelemetry.context.LazyStorage                                            : loaded 2 times (x 69B)
Class com.google.common.collect.HashBasedTable$Factory                                : loaded 2 times (x 77B)
Class com.android.tools.idea.gradle.model.IdeBuildTypeContainer                       : loaded 2 times (x 68B)
Class org.jetbrains.kotlin.gradle.scripting.internal.ScriptingGradleSubplugin$apply$1$configureAction$1: loaded 2 times (x 77B)
Class org.jetbrains.kotlin.gradle.tooling.BuildKotlinToolingMetadataTask              : loaded 2 times (x 312B)
Class org.jetbrains.kotlin.gradle.plugin.KotlinCompilerPluginSupportPlugin            : loaded 2 times (x 68B)
Class org.jetbrains.kotlin.gradle.plugin.KotlinGradleBuildServices$Companion          : loaded 2 times (x 69B)
Class org.jetbrains.kotlin.gradle.plugin.internal.BasePluginConfiguration             : loaded 2 times (x 68B)
Class com.google.common.collect.Maps$KeySet                                           : loaded 2 times (x 135B)
Class [Lcom.android.tools.idea.gradle.model.IdeAaptOptions$Namespacing;               : loaded 2 times (x 67B)
Class io.opentelemetry.context.ContextStorage                                         : loaded 2 times (x 68B)
Class com.android.tools.idea.gradle.project.sync.ModelCacheKt                         : loaded 2 times (x 69B)
Class org.gradle.tooling.internal.consumer.connection.InternalBuildActionAdapter      : loaded 2 times (x 78B)
Class com.android.tools.idea.gradle.project.sync.BasicIncompleteGradleModule          : loaded 2 times (x 71B)
Class com.android.builder.model.v2.ide.TestSuiteTestInfo                              : loaded 2 times (x 68B)
Class org.jetbrains.kotlin.gradle.plugin.mpp.AbstractKotlinTarget$components$2        : loaded 2 times (x 77B)
Class org.jetbrains.kotlin.gradle.logging.GradleLoggingUtilsKt                        : loaded 2 times (x 69B)
Class com.intellij.gradle.toolingExtension.impl.modelAction.GradleModelFetchAction    : loaded 2 times (x 84B)
Class com.android.tools.idea.gradle.project.sync.AndroidProjectResult$V2Project       : loaded 2 times (x 75B)
Class com.android.tools.idea.gradle.project.sync.IdeSyncExecutionReport               : loaded 2 times (x 69B)
Class com.google.common.reflect.Invokable$ConstructorInvokable                        : loaded 2 times (x 103B)
Class org.jetbrains.kotlin.gradle.plugin.JetBrainsSubpluginArtifact                   : loaded 2 times (x 70B)
Class org.jetbrains.kotlin.gradle.plugin.mpp.KotlinTargetWithBinaries                 : loaded 2 times (x 126B)
Class org.objectweb.asm.MethodVisitor                                                 : loaded 2 times (x 103B)
Class com.google.common.reflect.TypeCapture                                           : loaded 2 times (x 69B)
Class org.jetbrains.kotlin.gradle.dsl.KotlinSingleTargetExtension                     : loaded 2 times (x 90B)
Class com.google.common.io.CharStreams$NullWriter                                     : loaded 2 times (x 97B)
Class com.google.common.collect.AbstractMapBasedMultimap$KeySet$1                     : loaded 2 times (x 80B)
Class com.android.tools.idea.gradle.model.impl.IdeDependencyCoreImpl                  : loaded 2 times (x 74B)
Class com.google.common.collect.ImmutableMapEntry$NonTerminalImmutableMapEntry        : loaded 2 times (x 83B)
Class com.google.common.base.PatternCompiler                                          : loaded 2 times (x 68B)
Class org.jetbrains.kotlin.gradle.targets.js.dsl.KotlinWasmSubTargetContainerDsl      : loaded 2 times (x 68B)
Class com.google.gson.stream.JsonToken                                                : loaded 2 times (x 77B)
Class [Lcom.google.common.cache.CacheBuilder$NullListener;                            : loaded 2 times (x 67B)
Class [Lcom.google.common.collect.AbstractIterator$State;                             : loaded 2 times (x 67B)
Class com.google.common.collect.SortedLists$KeyAbsentBehavior                         : loaded 2 times (x 78B)
Class org.gradle.tooling.model.gradle.ProjectPublications                             : loaded 2 times (x 68B)


---------------  S Y S T E M  ---------------

OS:
 Windows 11 , 64 bit Build 26100 (10.0.26100.7920)
OS uptime: 21 days 1:22 hours
Hyper-V role detected

CPU: total 12 (initial active 12) (6 cores per cpu, 2 threads per core) family 6 model 79 stepping 1 microcode 0xb000038, cx8, cmov, fxsr, ht, mmx, 3dnowpref, sse, sse2, sse3, ssse3, sse4.1, sse4.2, popcnt, lzcnt, tsc, tscinvbit, avx, avx2, aes, erms, clmul, bmi1, bmi2, rtm, adx, fma, vzeroupper, clflush, hv
Processor Information for all 12 processors :
  Max Mhz: 3601, Current Mhz: 3601, Mhz Limit: 3601

Memory: 4k page, system-wide physical 65444M (37080M free)
TotalPageFile size 69540M (AvailPageFile size 29974M)
current process WorkingSet (physical memory assigned to process): 1923M, peak: 1923M
current process commit charge ("private bytes"): 1999M, peak: 1999M

vm_info: OpenJDK 64-Bit Server VM (17.0.14+1-b1367.22) for windows-amd64 JRE (17.0.14+1-b1367.22), built on 2025-01-30 by "builduser" with MS VC++ 16.10 / 16.11 (VS2019)

END.
